kemsa_code,recommended_default_code,excel_name,match_name,is_tracer,section,category,pack_size,excel_price,excel_row,odoo_id,odoo_name,csv_file,odoo_lst_price,odoo_default_code
PM07ACE003,PM07ACE003,ACETAZOLAMIDE 250MG TABLETS,ACETAZOLAMIDE 250MG TABLETS,False,PHARMACEUTICALS,"MIOTICS, MYDIATRICS  & ANTIGLAUCOMA MEDICINES",PACK OF 30S,505,7,init.4e2c9c0b-b3e9-5f20-b308-0f89f4894b53,ACETAZOLAMIDE 250MG TABLETS,kesses_pharmaceuticals_stock.csv,20.20,
PM10ALC001,PM10ALC001,ACETYLCYSTEINE INJECTION  200MG/ML-10ML AMPOULE,ACETYLCYSTEINE INJECTION 200MG/ML-10ML AMPOULE,True,PHARMACEUTICALS,SPECIFIC ANTIDOTES,10ml,4800,8,init.1fc6d37a-168f-5dd1-8220-3ea70a90456a,ACETYLCYSTEINE INJECTION 200MG/ML-10ML AMPOULE,kesses_pharmaceuticals_stock.csv,5760.00,
PM05ASA004,PM05ASA004,ACETYL SALICYLIC ACID TABLETS 300 MG,ACETYL SALICYLIC ACID TABLETS 300 MG,False,PHARMACEUTICALS,NON OPIOIDS & NSAIMS,PACK OF 500S,290,9,init.3c0f9f7a-68ae-5510-8922-f3a541241d6f,ACETYL SALICYLIC ACID TABLETS 300 MG,kesses_pharmaceuticals_stock.csv,0.70,
PM05ASA003,PM05ASA003,ACETYLSALICYLIC ACID TABLETS 75MG-ENTERIC COATED BLISTER PACK,ACETYLSALICYLIC ACID TABLETS 75MG-ENTERIC COATED BLISTER PACK,False,PHARMACEUTICALS,NON OPIOIDS & NSAIMS,PACK OF 30S,50,10,init.6864d2cc-41a9-5d3c-be22-e9581f132f15,ACETYLSALICYLIC ACID TABLETS 75MG-ENTERIC COATED BLISTER PACK,kesses_pharmaceuticals_stock.csv,2.00,
PM12ACY006,PM12ACY006,ACICLOVIR 3% OPHTHALMIC OINTMENT,ACICLOVIR 3% OPHTHALMIC OINTMENT,False,PHARMACEUTICALS,OPHTHALMIC ANTI-INFECTIVE MEDICINES,4.5 gm,27,11,init.29af5fcb-1b6a-5a2d-bb9f-61285a45668c,ACICLOVIR 3% OPHTHALMIC OINTMENT,kesses_pharmaceuticals_stock.csv,32.40,
PM04ACY006,PM04ACY006,ACICLOVIR PFI 250MG VIAL,ACICLOVIR PFI 250MG VIAL,False,PHARMACEUTICALS,ANTIVIRAL MEDICINES-ANTI HERPES,VIAL,900,12,init.fee2876b-4672-4dfa-ba92-c3fef849f846,ACICLOVIR PFI 250MG VIAL,kesses_pharmaceuticals_stock.csv,1080.00,
PM04ACY003,PM04ACY003,ACYCLOVIR 400MG TABLETS 10'S,ACYCLOVIR 400MG TABLETS 10'S,False,PHARMACEUTICALS,ANTIVIRAL MEDICINES-ANTI HERPES,PACK OF 10,60,13,init.668dceb9-a68c-5606-84ef-9e999bc92129,ACYCLOVIR 400MG TABLETS 10'S,kesses_pharmaceuticals_stock.csv,7.20,
PM07ADR001,PM07ADR001,ADRENALINE INJECTION  - 1MG/ML  *** Tracer ***,ADRENALINE INJECTION - 1MG/ML,True,PHARMACEUTICALS,ANTI ALLERGICS & MEDICINE USED IN ANAPHYLAXIS,AMPOULE,12,14,init.653a6cae-5242-5141-8e91-ee162935fda8,ADRENALINE INJECTION - 1MG/ML,kesses_pharmaceuticals_stock.csv,14.40,
PM03ALB007,PM03ALB007,ALBENDAZOLE TABLETS 400MG,ALBENDAZOLE TABLETS 400MG,False,PHARMACEUTICALS,ANTIHELMINTICS,Blister Pack of 500s,2045,15,init.dd143ad1-2e87-5f53-b6c5-4ced64ca45fc,ALBENDAZOLE TABLETS 400MG,kesses_pharmaceuticals_stock.csv,4.91,
PM10ALB001,PM10ALB001,ALBUMIN (HUMAN) INJECTION 20%  *** Tracer ***,ALBUMIN (HUMAN) INJECTION 20%,True,PHARMACEUTICALS,PLASMA SUBSTITUTES,100 ML,9000,16,init.39e457e0-faa3-5313-9677-a95ec52a32d5,ALBUMIN (HUMAN) INJECTION 20%,kesses_pharmaceuticals_stock.csv,10800.00,
PM08ALD001,PM08ALD001,ALENDRONATE 70MG TABLETS,ALENDRONATE 70MG TABLETS,False,PHARMACEUTICALS,MEDICINES FOR OSTEOPOROSIS,Pack of 4s,745,17,init.7b5aca39-435c-502b-a8e1-e025a6dda3fa,ALENDRONATE 70MG TABLETS,kesses_pharmaceuticals_stock.csv,223.50,
PM05ALP001,PM05ALP001,ALLOPURINOL TABLET 100MG,ALLOPURINOL TABLET 100MG,False,PHARMACEUTICALS,MEDICINES FOR GOUT,PACK OF 30S,164,18,init.e4df31ae-a0f1-54b0-b799-7345bb7986e9,ALLOPURINOL TABLET 100MG,kesses_pharmaceuticals_stock.csv,6.56,
PM01AMK002,PM01AMK002,AMIKACIN SULPHATE INJECTION  500MG /2ML,AMIKACIN SULPHATE INJECTION 500MG /2ML,True,PHARMACEUTICALS,ANTIBIOTICS & OTHER ANTIBACTERIALS,AMPOULE,54,19,init.9ddfc273-4a82-5328-9fc6-e6b494b12196,AMIKACIN SULPHATE INJECTION 500MG /2ML,kesses_pharmaceuticals_stock.csv,64.80,
PM07AMT003,PM07AMT003,AMITRIPTYLINE TABLETS 25MG,AMITRIPTYLINE TABLETS 25MG,False,PHARMACEUTICALS,MEDICINES  USED IN MOOD DISORDERS,Blisters OF 100's,60,20,init.cca7179d-2bc4-5ce4-93b8-6265847d91e9,AMITRIPTYLINE TABLETS 25MG,kesses_pharmaceuticals_stock.csv,0.72,
PM03AMX015,PM03AMX015,AMOXICILLIN  500MG CAPSULES  *** Tracer ***,AMOXICILLIN 500MG CAPSULES,True,PHARMACEUTICALS,ANTIBIOTICS & OTHER ANTIBACTERIALS,Blisters OF 100's,430,22,init.0ceed051-4c08-46cb-b148-5902a6ed14f8,AMOXICILLIN 500mg CAP,drugs.csv,1.00,
PM01AMX016,PM01AMX016,AMOXICILLIN/CLAVULANIC 1.2G INJECTION,AMOXICILLIN/CLAVULANIC 1.2G INJECTION,False,PHARMACEUTICALS,ANTIBIOTICS & OTHER ANTIBACTERIALS,VIAL,116,23,init.e8f630ba-6de1-53ec-9afb-77156a91feb7,AMOXICILLIN/CLAVULANIC 1.2G INJECTION,kesses_pharmaceuticals_stock.csv,139.20,
PM01AMX024,PM01AMX024,AMOXICILLIN+CLAVULANIC ACID TAB.(250MG+62.5MGI.E 312.5MG) DISPERSABLE,AMOXICILLIN+CLAVULANIC ACID TAB.(250MG+62.5MGI.E 312.5MG) DISPERSABLE,False,PHARMACEUTICALS,ANTIBIOTICS & OTHER ANTIBACTERIALS,BLISTER OF 10S,110,24,init.8f05af70-b1f6-50c8-9b02-9eeb39064d8f,AMOXICILLIN+CLAVULANIC ACID TAB.(250MG+62.5MGI.E 312.5MG) DISPERSABLE,kesses_pharmaceuticals_stock.csv,13.20,
PM01AMX008,PM01AMX008,AMOXYCILLIN/CLAVULANIC POTASSIUM TABS (875+125MG)'1G,AMOXYCILLIN/CLAVULANIC POTASSIUM TABS (875+125MG)'1G,False,PHARMACEUTICALS,ANTIBIOTICS & OTHER ANTIBACTERIALS,PACK OF 10,234,26,init.8599a92c-4e63-57bc-9173-7e2bb868abb2,AMOXYCILLIN/CLAVULANIC POTASSIUM TABS (875+125MG)'1G,kesses_pharmaceuticals_stock.csv,4.68,
PV01SER001,PV01SER001,ANTI-D (RH) ANTI-D IMMUNOGLOBULINRHO (HUMAN MONOCLONAL) INJECTION 1500 IU( 300 MCG) 2ML. SHOULD BE WITH DILUENT,ANTI-D (RH) ANTI-D IMMUNOGLOBULINRHO (HUMAN MONOCLONAL) INJECTION 1500 IU( 300 MCG) 2ML. SHOULD BE WITH DILUENT,False,PHARMACEUTICALS,PLASMA DERIVED MEDICINES-HUMAN IG & CONGENERS,VIAL,7800,27,init.026eadb1-77be-5dcd-bd1b-c9e822f2e61b,ANTI-D (RH) ANTI-D IMMUNOGLOBULINRHO (HUMAN MONOCLONAL) INJECTION 1500 IU( 300 MCG) 2ML. SHOULD BE WITH DILUENT,kesses_pharmaceuticals_stock.csv,9360.00,
PV01SER027,PV01SER027,ANTI-RABIES IMMUNOGLOBULIN (EQUINE) INJ  200IU/ML 5ML,ANTI-RABIES IMMUNOGLOBULIN (EQUINE) INJ 200IU/ML 5ML,True,PHARMACEUTICALS,SERA &IMMUNOGLOBULINS,VIAL,780,28,init.10380790-c753-587f-8268-08e542ae0697,ANTI-RABIES IMMUNOGLOBULIN (EQUINE) INJ 200IU/ML 5ML,kesses_pharmaceuticals_stock.csv,936.00,
PM07ARP001,PM07ARP001,ARIPIPRAZOLE 15MGTABLET,ARIPIPRAZOLE 15MGTABLET,False,PHARMACEUTICALS,MEDICINES FOR PSYCHOTIC DISORDERS,PACK OF 30S,305,29,init.47f1d38c-96f8-5094-afeb-569744742d0e,ARIPIPRAZOLE 15MGTABLET,kesses_pharmaceuticals_stock.csv,12.20,
PM06ATV002,PM06ATV002,ATORVASTATIN 20MG TABLETS,ATORVASTATIN 20MG TABLETS,False,PHARMACEUTICALS,LIPID & CHOLESTEROL LOWERING MEDICINES,PACK OF 30S,19,30,init.64db7462-b841-5e7d-827f-143ccd45d345,ATORVASTATIN 20MG TABLETS,kesses_pharmaceuticals_stock.csv,0.76,
PM07ATR002,PM07ATR002,ATRACURIUM INJECTION-10MG/ML 5ML AMPOULE,ATRACURIUM INJECTION-10MG/ML 5ML AMPOULE,False,PHARMACEUTICALS,MUSCLE RELAXANTS,AMPOULE,328,31,init.422b88b0-4839-5dd4-8b6d-f0668410eee6,ATRACURIUM INJECTION-10MG/ML 5ML AMPOULE,kesses_pharmaceuticals_stock.csv,393.60,
PM07ATP001,PM07ATP001,ATROPINE INJECTION  - 1MG/ML,ATROPINE INJECTION - 1MG/ML,True,PHARMACEUTICALS,SPECIFIC ANTIDOTES,AMPOULE,11,32,init.6099562e-e9ea-589a-9e48-86f63ffd4fff,ATROPINE INJECTION - 1MG/ML,kesses_pharmaceuticals_stock.csv,13.20,
PM08AZA001,PM08AZA001,AZATHIOPRINE TABLETS -50MG,AZATHIOPRINE TABLETS -50MG,False,PHARMACEUTICALS,DMARDS,PACK OF 100S,1675,33,init.0570970d-15c4-5f66-b129-b969ac660ff8,AZATHIOPRINE TABLETS -50MG,kesses_pharmaceuticals_stock.csv,20.10,
PM13AZN001,PM13AZN001,AZELASTINE EYE DROPS 0.05%,AZELASTINE EYE DROPS 0.05%,False,PHARMACEUTICALS,ANTI ALLERGICS & MEDICINE USED IN ANAPHYLAXIS,5 ML BTL,280,34,init.87d3c1d1-7994-4b3a-bf1a-24e4bf36ebf6,AZELASTINE EYE DROPS 0.05%,kesses_pharmaceuticals_stock.csv,336.00,
PM01AZT001,PM01AZT001,AZITHROMYCIN ORAL SUSPENSION (PFR) - 200MG/5ML,AZITHROMYCIN ORAL SUSPENSION (PFR) - 200MG/5ML,False,PHARMACEUTICALS,ANTIBIOTICS & OTHER ANTIBACTERIALS,30ML,87,35,init.9b0854b2-5e22-5f0c-943e-888ac854c325,AZITHROMYCIN ORAL SUSPENSION (PFR) - 200MG/5ML,kesses_pharmaceuticals_stock.csv,104.40,
PM01AZT005,PM01AZT005,AZITHROMYCIN TABLET 500MG,AZITHROMYCIN TABLET 500MG,False,PHARMACEUTICALS,ANTIBIOTICS & OTHER ANTIBACTERIALS,PACK OF 3S,53,36,init.26a22b17-629a-51da-9406-a84573bc7636,AZITHROMYCIN TABLET 500MG,kesses_pharmaceuticals_stock.csv,21.20,
PM01PEN004,PM01PEN004,BENZATHINE BENZYLPENICILLIN 1.2 M.U VIALS,BENZATHINE BENZYLPENICILLIN 1.2 M.U VIALS,False,PHARMACEUTICALS,ANTIBIOTICS & OTHER ANTIBACTERIALS,VIAL,41,37,init.970699aa-2836-5e79-91ba-0d0a51af7982,BENZATHINE BENZYLPENICILLIN 1.2 M.U VIALS,kesses_pharmaceuticals_stock.csv,46.80,
PM07BEN002,PM07BEN002,BENZHEXOL TABLET 5MG,BENZHEXOL TABLET 5MG,False,PHARMACEUTICALS,ANTIPARKINSONISM MEDICINES,PACK OF 100S,71,38,init.a799fe2d-3ebc-5ce6-9fe9-f690e6a3c82f,BENZHEXOL TABLET 5MG,kesses_pharmaceuticals_stock.csv,0.85,
PM12BBE002,PM12BBE002,BENZYL BENZOATE   25%  LOTION.,BENZYL BENZOATE 25% LOTION.,True,PHARMACEUTICALS,SCABICIDES AND PEDICULICIDES,100 ML,52,39,init.42b8f7f6-18ef-58db-9b23-751b58cc3ef0,BENZYL BENZOATE 25% LOTION.,kesses_pharmaceuticals_stock.csv,62.40,
PM01PEN003,PM01PEN003,BENZYL PENICILLIN INJECTION 5MU  *** Tracer ***,BENZYL PENICILLIN INJECTION 5MU,True,PHARMACEUTICALS,ANTIBIOTICS & OTHER ANTIBACTERIALS,VIAL,48,40,init.d272fe51-00a4-5c15-af6a-d3e2f3a3c043,BENZYL PENICILLIN INJECTION 5MU,kesses_pharmaceuticals_stock.csv,57.60,
PM12BET001,PM12BET001,BETAMETHASONE OINTMENT 0.1% 15G,BETAMETHASONE OINTMENT 0.1% 15G,False,PHARMACEUTICALS,ANTI-INFLAMATORY/ANTIPRURITIC MEDICINES,TUBE 15GM,28,41,init.54a4712b-5cee-5303-866d-bdcb06a986e6,BETAMETHASONE OINTMENT 0.1% 15G,kesses_pharmaceuticals_stock.csv,33.60,
PM12BET002,PM12BET002,BETAMETHASONE SODIUM PHOSPHATE 0.1% W/V AND NEOMYCIN SULPHATE 0.5% W/V EYE DROPS,BETAMETHASONE SODIUM PHOSPHATE 0.1% W/V AND NEOMYCIN SULPHATE 0.5% W/V EYE DROPS,False,PHARMACEUTICALS,ANTI-INFLAMATORY/ANTIPRURITIC MEDICINES,7.5 ML Bottle,28,42,init.fa2693e7-4a29-5aa5-a8d3-ac2549609cee,BETAMETHASONE SODIUM PHOSPHATE 0.1% W/V AND NEOMYCIN SULPHATE 0.5% W/V EYE DROPS,kesses_pharmaceuticals_stock.csv,33.60,
PM11BAS001,PM11BAS001,BISACODYL 5MG TABLETS,BISACODYL 5MG TABLETS,False,PHARMACEUTICALS,LAXATIVES,PACK OF 100S,75,43,init.d6dc1b46-82ab-4328-8d9b-1bfeda87f719,BISACODYL 5mg TAB,drugs.csv,1.00,
PM14HAE001,PM14HAE001,BLOOD EXPANDER (VOLUVEN) - 6% HYDROXYETHYL STARCH IN 0.9% SODIUM CHLORIDE 500ML I.V. SOLUTION,BLOOD EXPANDER (VOLUVEN) - 6% HYDROXYETHYL STARCH IN 0.9% SODIUM CHLORIDE 500ML I.V. SOLUTION,False,PHARMACEUTICALS,PLASMA SUBSTITUTES,BOTTLE,1300,44,init.6b3c1486-272e-56cf-987d-70414f0224dd,BLOOD EXPANDER (VOLUVEN) - 6% HYDROXYETHYL STARCH IN 0.9% SODIUM CHLORIDE 500ML I.V. SOLUTION,kesses_pharmaceuticals_stock.csv,1560.00,
PM07BPM001,PM07BPM001,BROMAZEPAM TABLET 3MG,BROMAZEPAM TABLET 3MG,False,PHARMACEUTICALS,SEDATIVES/ANXIOLYTICS & ANTICONVULSANTS,PACK X 30S,460,45,init.e0579337-e0e3-5358-9427-4a2eda61b4cf,BROMAZEPAM TABLET 3MG,kesses_pharmaceuticals_stock.csv,18.40,
PM13BDS002,PM13BDS002,BUDESONIDE 200MCG METERED DOSE INHALER 200 DOSES,BUDESONIDE 200MCG METERED DOSE INHALER 200 DOSES,False,PHARMACEUTICALS,ANTIASTHMATICS AND DRUGS FOR COPD,CAN,657,46,init.70caf072-7de6-56dc-87fc-5cd9c287d359,BUDESONIDE 200MCG METERED DOSE INHALER 200 DOSES,kesses_pharmaceuticals_stock.csv,788.40,
PM13BDS003,PM13BDS003,BUDESONIDE + FORMOTEROL 100MCG/6MCG  120 METERED DOSE INHALER,BUDESONIDE + FORMOTEROL 100MCG/6MCG 120 METERED DOSE INHALER,True,PHARMACEUTICALS,ANTIASTHMATICS AND DRUGS FOR COPD,CAN,1323,47,init.e619ebd0-5abd-548f-8904-c0576a052c21,BUDESONIDE + FORMOTEROL 100MCG/6MCG 120 METERED DOSE INHALER,kesses_pharmaceuticals_stock.csv,1587.60,
PM13BDS006,PM13BDS006,BUDESONIDE+FORMOTEROL 160MCG+4.5MCG DRY POWDER INHALER (120 DOSE),BUDESONIDE+FORMOTEROL 160MCG+4.5MCG DRY POWDER INHALER (120 DOSE),False,PHARMACEUTICALS,MANUAL RESUSCITATION EQUIPMENT,CAN,1000,48,init.970010e1-6a80-5afc-8582-0e66564998d2,BUDESONIDE+FORMOTEROL 160MCG+4.5MCG DRY POWDER INHALER (120 DOSE),kesses_pharmaceuticals_stock.csv,1200.00,
PM01BUD003,PM01BUD003,BUDESONIDE+FORMOTEROL 200+ 6MCG INHALER,BUDESONIDE+FORMOTEROL 200+ 6MCG INHALER,False,PHARMACEUTICALS,ANTIASTHMATICS AND DRUGS FOR COPD,CAN,490,49,init.1fab471d-b889-5cd2-b066-0ec9227d80ea,BUDESONIDE+FORMOTEROL 200+ 6MCG INHALER,kesses_pharmaceuticals_stock.csv,588.00,
PM13BDS005,PM13BDS005,BUDESONIDE PRESSURIZED METERED DOSE INHALER 100MCG 200 METERED DOSE,BUDESONIDE PRESSURIZED METERED DOSE INHALER 100MCG 200 METERED DOSE,False,PHARMACEUTICALS,ANTIASTHMATICS AND DRUGS FOR COPD,CAN,820,50,init.f729f7ba-ddd4-53c9-926a-57026a4dee91,BUDESONIDE PRESSURIZED METERED DOSE INHALER 100MCG 200 METERED DOSE,kesses_pharmaceuticals_stock.csv,984.00,
PM07BUP001,PM07BUP001,BUPIVACAINE INJECTION (SPINAL) 0.5% (AS HCL) (5MG/ML) + GLUCOSE 8% (80MG/ML) 4ML,BUPIVACAINE INJECTION (SPINAL) 0.5% (AS HCL) (5MG/ML) + GLUCOSE 8% (80MG/ML) 4ML,False,PHARMACEUTICALS,LOCAL ANAESTHETICS,AMPOULE,52,51,init.802cda86-c854-50ea-bec8-3b13dadee3ca,BUPIVACAINE INJECTION (SPINAL) 0.5% (AS HCL) (5MG/ML) + GLUCOSE 8% (80MG/ML) 4ML,kesses_pharmaceuticals_stock.csv,62.40,
PM13CAF005,PM13CAF005,CAFFEINE CITRATE 10MG/ML SOLUTION FOR INJECTION(1ML AMPUOLE),CAFFEINE CITRATE 10MG/ML SOLUTION FOR INJECTION(1ML AMPUOLE),False,PHARMACEUTICALS,NEONATAL MEDICINES,PACK OF 10AMPS,5200,52,init.aa341e61-3237-5928-9b7a-1bdf5fbad99c,CAFFEINE CITRATE 10MG/ML SOLUTION FOR INJECTION(1ML AMPUOLE),kesses_pharmaceuticals_stock.csv,624.00,
PM09CAL002,PM09CAL002,CALCIUM GLUCONATE INJECTION 10% 10ML AMPOULE,CALCIUM GLUCONATE INJECTION 10% 10ML AMPOULE,False,PHARMACEUTICALS,ELECTROLYTES,AMPOULE,37,53,init.cf43d4cd-d1e0-5ac2-a833-5a95f32b0801,CALCIUM GLUCONATE INJECTION 10% 10ML AMPOULE,kesses_pharmaceuticals_stock.csv,44.40,
PM07CAR004,PM07CAR004,CARBAMAZEPINE TABLETS 200MG,CARBAMAZEPINE TABLETS 200MG,False,PHARMACEUTICALS,SEDATIVES/ANXIOLYTICS & ANTICONVULSANTS,Blisters OF 100's,385,54,init.8f216317-6a2a-51de-97ae-b80135aaf2c3,CARBAMAZEPINE TABLETS 200MG,kesses_pharmaceuticals_stock.csv,4.62,
PM10CBT002,PM10CBT002,CARBETOCIN  INJECTION 100MICROGRAMS/ML(HEAT STABLE),CARBETOCIN INJECTION 100MICROGRAMS/ML(HEAT STABLE),True,PHARMACEUTICALS,UTEROTONICS,Ampoule,95,55,init.99eaad89-bb3d-5c81-b11d-b54fd23b8ac1,CARBETOCIN INJECTION 100MICROGRAMS/ML(HEAT STABLE),kesses_pharmaceuticals_stock.csv,0.25,
PM10CAR001,PM10CAR001,CARBIMAZOLE TABLETS -  5MG,CARBIMAZOLE TABLETS - 5MG,True,PHARMACEUTICALS,THYROID & ANTITHYROID MEDICINES,PACK OF 100S,420,56,init.4dd4be03-d480-5a3d-a3ff-8f7c274831f7,CARBIMAZOLE TABLETS - 5MG,kesses_pharmaceuticals_stock.csv,5.04,
PM06CVD002,PM06CVD002,CARVEDILOL TABLET 12.5MG,CARVEDILOL TABLET 12.5MG,False,PHARMACEUTICALS,ANTIHYPERTENSION MEDICINES,PACK OF 30S,74,57,init.fd2a5c4f-73e0-5185-91df-55272f68478a,CARVEDILOL TABLET 12.5MG,kesses_pharmaceuticals_stock.csv,2.96,
PM06CVD001,PM06CVD001,CARVEDILOL TABLET 6.25MG,CARVEDILOL TABLET 6.25MG,False,PHARMACEUTICALS,ANTIHYPERTENSION MEDICINES,PACK OF 30S,53,58,init.c29b22b0-4354-52bc-aa75-67650ea39a84,CARVEDILOL TABLET 6.25MG,kesses_pharmaceuticals_stock.csv,2.12,
PM01CEF004,PM01CEF004,CEFTAZIDIME  INJECTION 1G .,CEFTAZIDIME INJECTION 1G .,True,PHARMACEUTICALS,ANTIBIOTICS & OTHER ANTIBACTERIALS,VIAL,117,60,init.ccb61ba4-2c07-5a46-a162-679da03add87,CEFTAZIDIME INJECTION 1G .,kesses_pharmaceuticals_stock.csv,140.40,
PM01CEF002,PM01CEF002,CEFTRIAXONE  INJECTION IM/IV - 1G,CEFTRIAXONE INJECTION IM/IV - 1G,True,PHARMACEUTICALS,ANTIBIOTICS & OTHER ANTIBACTERIALS,VIAL,51,61,init.f745540f-6fa7-5b89-b402-c888842afbf9,CEFTRIAXONE INJECTION IM/IV - 1G,kesses_pharmaceuticals_stock.csv,2.19,
PM05CEL002,PM05CEL002,CELECOXIB CAPSULE 200MG,CELECOXIB CAPSULE 200MG,False,PHARMACEUTICALS,NON OPIOIDS & NSAIMS,Blister pack of 100's,945,62,init.15bdaee5-d6be-5187-9c4c-f17fcfcdd59c,CELECOXIB CAPSULE 200MG,kesses_pharmaceuticals_stock.csv,11.34,
PM12CLD003,PM12CLD003,CHLORHEXIDINE GEL 4% (7.1% AS DIGLUCONATE),CHLORHEXIDINE GEL 4% (7.1% AS DIGLUCONATE),False,PHARMACEUTICALS,NEONATAL MEDICINES,TUBE 20GM,43,63,init.326d2f9b-1c78-5bca-a5a2-8d1f652338bf,CHLORHEXIDINE GEL 4% (7.1% AS DIGLUCONATE),kesses_pharmaceuticals_stock.csv,25.20,
PD01CHL004,PD01CHL004,CHLORHEXIDINE GLUCONATE 0.2% MOUTH WASH,CHLORHEXIDINE GLUCONATE 0.2% MOUTH WASH,False,PHARMACEUTICALS,DISINFECTANTS/ANTISEPTICS,100 ML,142,64,init.891d3389-1c5f-5320-8775-7fdcad987fe4,CHLORHEXIDINE GLUCONATE 0.2% MOUTH WASH,kesses_pharmaceuticals_stock.csv,170.40,
PD01CHL001,PD01CHL001,CHLORHEXIDINE GLUCONATE - 5%,CHLORHEXIDINE GLUCONATE - 5%,False,PHARMACEUTICALS,DISINFECTANTS/ANTISEPTICS,5L,1645,65,init.9a04d39e-9842-5f97-bab9-46826e9077e6,CHLORHEXIDINE GLUCONATE - 5%,kesses_pharmaceuticals_stock.csv,1974.00,
PM13CHL005,PM13CHL005,CHLORPHENIRAMINE SYRUP 2MG/5ML,CHLORPHENIRAMINE SYRUP 2MG/5ML,False,PHARMACEUTICALS,ANTI ALLERGICS & MEDICINE USED IN ANAPHYLAXIS,60ML BOTTLE,19,66,init.63f4be4d-9cb7-5a3e-86b2-a84f9f7c9609,CHLORPHENIRAMINE SYRUP 2MG/5ML,kesses_pharmaceuticals_stock.csv,22.80,
PM07CHL001,PM07CHL001,CHLORPROMAZINE INJECTION  - 50MG/2ML,CHLORPROMAZINE INJECTION - 50MG/2ML,True,PHARMACEUTICALS,MEDICINES FOR PSYCHOTIC DISORDERS,AMPOULE,16,67,init.00c69f5b-44b6-5b4e-83d0-9337f0e7e90e,CHLORPROMAZINE INJECTION - 50MG/2ML,kesses_pharmaceuticals_stock.csv,10.80,
PM07CHL005,PM07CHL005,CHLORPROMAZINE TABLETS 100MG,CHLORPROMAZINE TABLETS 100MG,False,PHARMACEUTICALS,MEDICINES FOR PSYCHOTIC DISORDERS,Blisters OF 100's,230,68,init.040b3ff5-321e-5558-bc39-47c1ea5f78d9,CHLORPROMAZINE TABLETS 100MG,kesses_pharmaceuticals_stock.csv,2.76,
PM14CRL004,PM14CRL004,CHOLECALCIFEROL (VIT D3) ORAL LIQUID (DROPS) 400IU/ML,CHOLECALCIFEROL (VIT D3) ORAL LIQUID (DROPS) 400IU/ML,False,PHARMACEUTICALS,VITAMINS AND MINERALS,BOTTLE,125,69,init.adcd6488-ccf6-507e-9e92-f7314fb4168b,CHOLECALCIFEROL (VIT D3) ORAL LIQUID (DROPS) 400IU/ML,kesses_pharmaceuticals_stock.csv,150.00,
PM12CPR001,PM12CPR001,CIPROFLOXACIN 0.3% + DEXAMETHASONE 0.1% EYE DROPS,CIPROFLOXACIN 0.3% + DEXAMETHASONE 0.1% EYE DROPS,False,PHARMACEUTICALS,ANTI-INFLAMATORY/ANTIPRURITIC MEDICINES,5ML,57,70,init.bb78c23f-f563-5648-9800-c350d253d839,CIPROFLOXACIN 0.3% + DEXAMETHASONE 0.1% EYE DROPS,kesses_pharmaceuticals_stock.csv,68.40,
PM01CPR003,PM01CPR003,CIPROFLOXACIN EYE DROPS 0.3%,CIPROFLOXACIN EYE DROPS 0.3%,False,PHARMACEUTICALS,ANTIBIOTICS & OTHER ANTIBACTERIALS,5 ML BTL,44,71,init.f7dcc2f1-1b94-5476-ad53-90da4b18783c,CIPROFLOXACIN EYE DROPS 0.3%,kesses_pharmaceuticals_stock.csv,52.80,
PM01CPR004,PM01CPR004,CIPROFLOXACIN SOLUTION FOR IV INFUSION 2MG/ML (AS LACTATE),CIPROFLOXACIN SOLUTION FOR IV INFUSION 2MG/ML (AS LACTATE),False,PHARMACEUTICALS,ANTIBIOTICS & OTHER ANTIBACTERIALS,100 ML,37,72,init.5dabf424-d13b-5a27-a7f6-2a5c02cf33b6,CIPROFLOXACIN SOLUTION FOR IV INFUSION 2MG/ML (AS LACTATE),kesses_pharmaceuticals_stock.csv,44.40,
PM01CPR006,PM01CPR006,CIPROFLOXACIN  TABLET 500MG,CIPROFLOXACIN TABLET 500MG,True,PHARMACEUTICALS,ANTIBIOTICS & OTHER ANTIBACTERIALS,PACK OF 100S,332,73,init.571fcc06-947c-54f9-9c88-0ed384c2ef10,CIPROFLOXACIN TABLET 500MG,kesses_pharmaceuticals_stock.csv,4.02,
PM01CLA003,PM01CLA003,CLARITHROMYCIN TABLET 500MG,CLARITHROMYCIN TABLET 500MG,False,PHARMACEUTICALS,ANTIBIOTICS & OTHER ANTIBACTERIALS,PACK OF 10,280,74,init.8c9321e8-43d7-5959-bd43-6247ea4d03ea,CLARITHROMYCIN TABLET 500MG,kesses_pharmaceuticals_stock.csv,33.60,
PM01CLD001,PM01CLD001,CLINDAMYCIN CAPSULES 150MG,CLINDAMYCIN CAPSULES 150MG,False,PHARMACEUTICALS,ANTIBIOTICS & OTHER ANTIBACTERIALS,PACK OF 100S,1025,75,init.00ef4ccb-a663-555d-b040-02597fd11cf7,CLINDAMYCIN CAPSULES 150MG,kesses_pharmaceuticals_stock.csv,12.30,
PM01CLD004,PM01CLD004,CLINDAMYCIN INJECTION 150MG / ML 2ML AMPOULE,CLINDAMYCIN INJECTION 150MG / ML 2ML AMPOULE,False,PHARMACEUTICALS,ANTIBIOTICS & OTHER ANTIBACTERIALS,PACK OF 10AMPS,1000,76,init.1f8d99df-2b1a-5f74-a384-dd748c399441,CLINDAMYCIN INJECTION 150MG / ML 2ML AMPOULE,kesses_pharmaceuticals_stock.csv,120.00,
PM10CMP001,PM10CMP001,CLOMIPHENE CITRATE TABLETS 50MG,CLOMIPHENE CITRATE TABLETS 50MG,False,PHARMACEUTICALS,OVULATION INDUCERS,PACK OF 30S,310,77,init.05acb6ff-7bb8-5e02-a57c-c47dc95e1287,CLOMIPHENE CITRATE TABLETS 50MG,kesses_pharmaceuticals_stock.csv,12.40,
PM06CPD001,PM06CPD001,CLOPIDOGREL TABLETS 75MG,CLOPIDOGREL TABLETS 75MG,False,PHARMACEUTICALS,ANTITHROMBOTIC MEDICINES,PACK OF 30S,100,78,init.f9912ee0-e7d3-575c-866d-5ed293a5acf8,CLOPIDOGREL TABLETS 75MG,kesses_pharmaceuticals_stock.csv,4.00,
PM12CLT008,PM12CLT008,CLOTRIMAZOLE SOLTUION (EAR DROPS) 1%,CLOTRIMAZOLE SOLTUION (EAR DROPS) 1%,False,PHARMACEUTICALS,TOPICAL ANTI-INFECTIVE MEDICINES,15 Ml,109,80,init.8732a4da-ebb2-5915-be93-69405b2b50ba,CLOTRIMAZOLE SOLTUION (EAR DROPS) 1%,kesses_pharmaceuticals_stock.csv,130.80,
PM12CLT003,PM12CLT003,CLOTRIMAZOLE VAGINAL TABLETS 500MG (WITH APPLICATOR),CLOTRIMAZOLE VAGINAL TABLETS 500MG (WITH APPLICATOR),False,PHARMACEUTICALS,TOPICAL ANTI-INFECTIVE MEDICINES,PACK,45,81,init.6449ceea-2361-5d26-b479-7be707f35d16,CLOTRIMAZOLE VAGINAL TABLETS 500MG (WITH APPLICATOR),kesses_pharmaceuticals_stock.csv,1.35,
PM09REH002,PM09REH002,CO-PACK OF 4 SATCHETS OF LOW OSMOLARITY ORS (500ML FORMULATION) + 10 TABLETS OF DISPERSIBLE ZINC SULPHATE TABLETS 20MG  *** Tracer ***,CO-PACK OF 4 SATCHETS OF LOW OSMOLARITY ORS (500ML FORMULATION) + 10 TABLETS OF DISPERSIBLE ZINC SULPHATE TABLETS 20MG,True,PHARMACEUTICALS,ELECTROLYTES,Co-Pack,67,82,init.d168dfb8-2474-57b3-97c7-e16d38a53933,CO-PACK OF 4 SATCHETS OF LOW OSMOLARITY ORS (500ML FORMULATION) + 10 TABLETS OF DISPERSIBLE ZINC SULPHATE TABLETS 20MG,kesses_pharmaceuticals_stock.csv,0.23,
PM01CTX001,PM01CTX001,CO-TRIMOXAZOLE SUSPENSION  - 240MG/5ML,CO-TRIMOXAZOLE SUSPENSION - 240MG/5ML,True,PHARMACEUTICALS,ANTIBIOTICS & OTHER ANTIBACTERIALS,50ML BOTTLE,30,83,init.a60d4e23-0228-5ec5-a1f2-e2b218ca8d11,CO-TRIMOXAZOLE SUSPENSION - 240MG/5ML,kesses_pharmaceuticals_stock.csv,36.00,
PM08CCL004,PM08CCL004,CYCLOSPORIN CAPSULE 100MG,CYCLOSPORIN CAPSULE 100MG,False,PHARMACEUTICALS,IMMUNO MODULATORS FOR NON MALIGNANT DISEASE,PACK OF 50,18500,84,init.92cc1674-bad6-52b3-b78b-271227bf0ba5,CYCLOSPORIN CAPSULE 100MG,kesses_pharmaceuticals_stock.csv,444.00,
PM08CCL003,PM08CCL003,CYCLOSPORIN CAPSULE 25MG,CYCLOSPORIN CAPSULE 25MG,False,PHARMACEUTICALS,IMMUNO MODULATORS FOR NON MALIGNANT DISEASE,PACK OF 50,5450,85,init.bedc3e11-0078-5359-b5be-d94a652014ed,CYCLOSPORIN CAPSULE 25MG,kesses_pharmaceuticals_stock.csv,130.80,
PM12DEX006,PM12DEX006,DEXAMETHASONE 0.1% + GENTAMICIN 0.3%  EYE DROPS,DEXAMETHASONE 0.1% + GENTAMICIN 0.3% EYE DROPS,True,PHARMACEUTICALS,OPHTHALMIC ANTIALLERGY & ANTI-INFLAMATORY AGENTS,5ML,148,86,init.05716d98-82d5-5506-9f75-448328f25aed,DEXAMETHASONE 0.1% + GENTAMICIN 0.3% EYE DROPS,kesses_pharmaceuticals_stock.csv,177.60,
PM10DEX001,PM10DEX001,DEXAMETHASONE INJECTION  - 4MG/ML,DEXAMETHASONE INJECTION - 4MG/ML,True,PHARMACEUTICALS,ANTI ALLERGICS & MEDICINE USED IN ANAPHYLAXIS,AMPOULE,9,87,init.f83455cf-1e7f-57dd-901a-cf897b8721d3,DEXAMETHASONE INJECTION - 4MG/ML,kesses_pharmaceuticals_stock.csv,10.80,
PM05DKP002,PM05DKP002,DEXKETOPROFEN TABLET 25MG SCORED,DEXKETOPROFEN TABLET 25MG SCORED,False,PHARMACEUTICALS,NON OPIOIDS & NSAIMS,PACK OF 20S,635,88,init.c7c48b19-ed9e-55c3-992c-9a94795b9513,DEXKETOPROFEN TABLET 25MG SCORED,kesses_pharmaceuticals_stock.csv,38.10,
PM09DEX004,PM09DEX004,DEXTROSE  - 10% BOTTLE WITH EURO CAP,DEXTROSE - 10% BOTTLE WITH EURO CAP,True,PHARMACEUTICALS,ELECTROLYTES,500ML,70,89,init.37d994ee-0bbb-5225-9046-69b429eb2aa8,DEXTROSE - 10% BOTTLE WITH EURO CAP,kesses_pharmaceuticals_stock.csv,2.10,
PM09DEX002,PM09DEX002,DEXTROSE - 5% BOTTLE WITH EURO CAP BOTTLE,DEXTROSE - 5% BOTTLE WITH EURO CAP BOTTLE,False,PHARMACEUTICALS,ELECTROLYTES,500ML,71,90,init.dfc08f18-a2be-5acf-a198-583a612fbdaa,DEXTROSE - 5% BOTTLE WITH EURO CAP BOTTLE,kesses_pharmaceuticals_stock.csv,55.00,
PM07DAZ005,PM07DAZ005,DIAZEPAM INJECTION - 5MG/ML 2ML,DIAZEPAM INJECTION - 5MG/ML 2ML,False,PHARMACEUTICALS,SEDATIVES/ANXIOLYTICS & ANTICONVULSANTS,PACK OF 10S,366,91,init.ff9390f6-1be7-5ae6-8166-c98555a7c61b,DIAZEPAM INJECTION - 5MG/ML 2ML,kesses_pharmaceuticals_stock.csv,43.92,
PM07DAZ004,PM07DAZ004,DIAZEPAM TAB 5MG,DIAZEPAM TAB 5MG,False,PHARMACEUTICALS,SEDATIVES/ANXIOLYTICS & ANTICONVULSANTS,PACK X 100S,58,92,init.8aa118e4-cf20-5d92-bb05-b47b8e343aa1,DIAZEPAM TAB 5MG,kesses_pharmaceuticals_stock.csv,0.70,
PM06DGX006,PM06DGX006,DIGOXIN TABLETS 250 MCG,DIGOXIN TABLETS 250 MCG,False,PHARMACEUTICALS,MEDICINES USED IN HEART FAILURE,Blister pack of 100's,732,93,init.5da5f2aa-edcd-57e6-af86-590669d55187,DIGOXIN TABLETS 250 MCG,kesses_pharmaceuticals_stock.csv,8.78,
PM05CDE002,PM05CDE002,DIHYDROCODEINE TARTRATE  TAB 30MG,DIHYDROCODEINE TARTRATE TAB 30MG,True,PHARMACEUTICALS,OPIOID ANALGESICS & CONGENERS,PACK X 100S,1000,94,init.3e3f6e46-b869-5651-b10f-2ec23a537c09,DIHYDROCODEINE TARTRATE TAB 30MG,kesses_pharmaceuticals_stock.csv,12.00,
PM07DPX001,PM07DPX001,DIVALPROEX SODIUM  TABLETS 500MG,DIVALPROEX SODIUM TABLETS 500MG,True,PHARMACEUTICALS,MEDICINES  USED IN MOOD DISORDERS,PACK OF 30S,685,95,init.ddbb13d9-6119-5196-82f0-3a9c3985d064,DIVALPROEX SODIUM TABLETS 500MG,kesses_pharmaceuticals_stock.csv,27.40,
PM11DMP003,PM11DMP003,DOMPERIDONE 1MG / ML SYRUP,DOMPERIDONE 1MG / ML SYRUP,False,PHARMACEUTICALS,ANTIEMETICS & MOTILIDES,30ml,95,96,init.b6448deb-fc8b-5dcc-8f89-7cc1032bc62e,DOMPERIDONE 1MG / ML SYRUP,kesses_pharmaceuticals_stock.csv,114.00,
PM06DOP001,PM06DOP001,DOPAMINE 40MG/ML 5ML,DOPAMINE 40MG/ML 5ML,False,PHARMACEUTICALS,MEDICINES USED IN HEART FAILURE,VIAL,290,97,init.217a9f15-040b-5e10-9c74-4f73cc303a48,DOPAMINE 40MG/ML 5ML,kesses_pharmaceuticals_stock.csv,348.00,
PM01DXY003,PM01DXY003,DOXYCYCLINE CAPSULES100MG,DOXYCYCLINE CAPSULES100MG,False,PHARMACEUTICALS,ANTIBIOTICS & OTHER ANTIBACTERIALS,Blisters OF 100's,200,98,init.4f9cbf0a-5373-57c4-a4a2-3d55ffe7adf3,DOXYCYCLINE CAPSULES100MG,kesses_pharmaceuticals_stock.csv,14.12,
PM06ENX002,PM06ENX002,ENOXAPARIN INJECTION (PREFILLED SYRINGE) 80MG/0.8 ML,ENOXAPARIN INJECTION (PREFILLED SYRINGE) 80MG/0.8 ML,False,PHARMACEUTICALS,MEDICINES AFFECTING COAGULATION,PACK OF 2S,1250,100,init.fc34c729-9c8a-5594-8210-7d833db618d5,ENOXAPARIN INJECTION (PREFILLED SYRINGE) 80MG/0.8 ML,kesses_pharmaceuticals_stock.csv,772.20,
PM06ENX001,PM06ENX001,ENOXAPARIN SODIUM 40MG/0.4 ML INJECTION (PAIR OF SYRINGE).,ENOXAPARIN SODIUM 40MG/0.4 ML INJECTION (PAIR OF SYRINGE).,False,PHARMACEUTICALS,MEDICINES AFFECTING COAGULATION,Syringe,897,101,init.20c1491c-3e35-5d17-bf4a-4cf341f7340a,ENOXAPARIN SODIUM 40MG/0.4 ML INJECTION (PAIR OF SYRINGE).,kesses_pharmaceuticals_stock.csv,936.00,
PD01DET005,PD01DET005,ENZYMATIC DETERGENT,ENZYMATIC DETERGENT,False,PHARMACEUTICALS,DISINFECTANTS/ANTISEPTICS,4 LITRES,7050,102,init.e7d9be77-7c70-501e-a262-80770627be82,ENZYMATIC DETERGENT,kesses_pharmaceuticals_stock.csv,8460.00,
PM13EPH001,PM13EPH001,EPHEDRINE HCL INJ. 30MG/ML,EPHEDRINE HCL INJ. 30MG/ML,False,PHARMACEUTICALS,ANTI ALLERGICS & MEDICINE USED IN ANAPHYLAXIS,AMPOULE,116,103,init.8e25b5f9-ddf6-4515-84b5-74f6cdffecd5,EPHEDRINE HCL INJ. 30MG/ML,kesses_pharmaceuticals_stock.csv,152.40,
PM10ETP005,PM10ETP005,ERYTHROPOIETIN 2000 I.U/0.5ML INJECTION  Α,ERYTHROPOIETIN 2000 I.U/0.5ML INJECTION Α,True,PHARMACEUTICALS,ANTIANAEMICS,Syringe,350,104,init.25badb27-07c2-5cf3-b266-8f9619746da5,ERYTHROPOIETIN 2000 I.U/0.5ML INJECTION Α,kesses_pharmaceuticals_stock.csv,420.00,
PM07ECT001,PM07ECT001,ESCITALOPRAM 10MG TABLET,ESCITALOPRAM 10MG TABLET,False,PHARMACEUTICALS,MEDICINES  USED IN MOOD DISORDERS,PACK OF 30S,376,105,init.2dc72f91-9434-5bc2-9e4f-5bfee5d64e2a,ESCITALOPRAM 10MG TABLET,kesses_pharmaceuticals_stock.csv,15.04,
PD01ETH002,PD01ETH002,ETHANOL (DENATURED)  - 70%,ETHANOL (DENATURED) - 70%,True,PHARMACEUTICALS,DISINFECTANTS/ANTISEPTICS,5L,960,106,init.2a9d5d12-bee4-4b9d-8590-3a7b05552c57,ETHANOL (DENATURED) - 70%,kesses_pharmaceuticals_stock.csv,1152.00,
PM05FBT002,PM05FBT002,FEBUXOSTAT TABLETS 40MG,FEBUXOSTAT TABLETS 40MG,False,PHARMACEUTICALS,MEDICINES FOR GOUT,PACK OF 30S,260,107,init.06f573ef-072f-5905-88b8-ff1649b8d8c1,FEBUXOSTAT TABLETS 40MG,kesses_pharmaceuticals_stock.csv,10.40,
NL01FEN003,NL01FEN003,FENTANYL CITRATE 100MCG (50MCG/ML) 2ML AMPOULE,FENTANYL CITRATE 100MCG (50MCG/ML) 2ML AMPOULE,False,PHARMACEUTICALS,OPIOIDS FOR DISORDERS DUE TO SUBSTANCE ABUSE,AMPOULE,72,108,init.088b55ed-eea3-501e-877e-e1b9e98369cf,FENTANYL CITRATE 100MCG (50MCG/ML) 2ML AMPOULE,kesses_pharmaceuticals_stock.csv,86.40,
PM14FER004,PM14FER004,FERROUS SULPH./FOLIC ACID TABLETS 200MG/400MCG BLISTER PACK,FERROUS SULPH./FOLIC ACID TABLETS 200MG/400MCG BLISTER PACK,False,PHARMACEUTICALS,ANTIANAEMICS,PACK OF 100S,106,109,init.b6c81876-98c1-5b6c-a386-105c2218f2c9,FERROUS SULPH./FOLIC ACID TABLETS 200MG/400MCG BLISTER PACK,kesses_pharmaceuticals_stock.csv,1.59,
PM01FLU009,PM01FLU009,FLUCLOXACILLIN 125MG/5ML SUSPENSION 100ML,FLUCLOXACILLIN 125MG/5ML SUSPENSION 100ML,False,PHARMACEUTICALS,ANTIBIOTICS & OTHER ANTIBACTERIALS,100 ML,73,110,init.5b80b7d7-2389-5f7a-b039-9b1e272aaf90,FLUCLOXACILLIN 125MG/5ML SUSPENSION 100ML,kesses_pharmaceuticals_stock.csv,0.58,
PM01FLU006,PM01FLU006,FLUCLOXACILLIN  CAPSULES 250MG,FLUCLOXACILLIN CAPSULES 250MG,True,PHARMACEUTICALS,ANTIBIOTICS & OTHER ANTIBACTERIALS,Blisters OF 100's,372,111,init.d8f6626c-98d5-5225-891a-b9c50366248f,FLUCLOXACILLIN CAPSULES 250MG,kesses_pharmaceuticals_stock.csv,14.88,
PM01FLU007,PM01FLU007,FLUCLOXACILLIN CAPSULES  500MG,FLUCLOXACILLIN CAPSULES 500MG,True,PHARMACEUTICALS,ANTIBIOTICS & OTHER ANTIBACTERIALS,Blisters OF 100's,720,112,init.a431f005-bcaf-551e-b23f-ea93f48f9358,FLUCLOXACILLIN CAPSULES 500MG,kesses_pharmaceuticals_stock.csv,8.64,
PM01FLU008,PM01FLU008,FLUCLOXACILLIN INJECTION  500MG,FLUCLOXACILLIN INJECTION 500MG,True,PHARMACEUTICALS,ANTIBIOTICS & OTHER ANTIBACTERIALS,VIAL,36,113,init.cd138ce6-ce30-5ed7-8192-97ff9dc3ae0b,FLUCLOXACILLIN INJECTION 500MG,kesses_pharmaceuticals_stock.csv,43.20,
PM02FLU002,PM02FLU002,FLUCONAZOLE CAPSULES  - 200MG,FLUCONAZOLE CAPSULES - 200MG,True,PHARMACEUTICALS,ANTIFUNGAL MEDICINES,PACK OF 100S,580,114,init.16bf9e1e-ce1b-58c0-ab1a-d9668de10501,FLUCONAZOLE CAPSULES - 200MG,kesses_pharmaceuticals_stock.csv,6.96,
PM02FLU007,PM02FLU007,FLUCONAZOLE IV 2MG/ML-100ML,FLUCONAZOLE IV 2MG/ML-100ML,False,PHARMACEUTICALS,ANTIFUNGAL MEDICINES,BOTTLE OF 100ML,225,115,init.3b548d96-deb9-5fc6-8198-2171f3d9bd2c,FLUCONAZOLE IV 2MG/ML-100ML,kesses_pharmaceuticals_stock.csv,270.00,
PM12FME001,PM12FME001,FLUOROMETHOLONE EYE DROPS  0.1% W/V 5ML,FLUOROMETHOLONE EYE DROPS 0.1% W/V 5ML,True,PHARMACEUTICALS,OPHTHALMIC ANTIALLERGY & ANTI-INFLAMATORY AGENTS,5ML,146,116,init.fd7fe7e7-ad28-4d4f-af30-6fc89ea71ca9,FLUOROMETHOLONE EYE DROPS 0.1% W/V 5ML,kesses_pharmaceuticals_stock.csv,175.20,
PM07FLX001,PM07FLX001,FLUOXETINE CAPSULES - 20MG,FLUOXETINE CAPSULES - 20MG,False,PHARMACEUTICALS,MEDICINES  USED IN MOOD DISORDERS,PACK OF 100S,315,117,init.6c3781aa-cc87-5ba3-b5f6-8eb5db56dbde,FLUOXETINE CAPSULES - 20MG,kesses_pharmaceuticals_stock.csv,3.78,
PM07FLP001,PM07FLP001,FLUPENTIXOL  DECANOATE 20MG/ML INJECTION( OILY DEPOT),FLUPENTIXOL DECANOATE 20MG/ML INJECTION( OILY DEPOT),True,PHARMACEUTICALS,MEDICINES FOR PSYCHOTIC DISORDERS,AMPOULE,1080,118,init.e7763e29-8b84-5db2-8548-de920f20aed4,FLUPENTIXOL DECANOATE 20MG/ML INJECTION( OILY DEPOT),kesses_pharmaceuticals_stock.csv,1380.00,
PM07FLE001,PM07FLE001,FLUPHENAZINE INJECTION  - 25MG/ML,FLUPHENAZINE INJECTION - 25MG/ML,True,PHARMACEUTICALS,MEDICINES FOR PSYCHOTIC DISORDERS,AMPOULE,62,119,init.dbbccbd4-9abe-5ffa-8404-9f27668d09c8,FLUPHENAZINE INJECTION - 25MG/ML,kesses_pharmaceuticals_stock.csv,18.60,
PM14FLC003,PM14FLC003,FOLIC ACID TABLETS 5MG,FOLIC ACID TABLETS 5MG,False,PHARMACEUTICALS,ANTIANAEMICS,Blister pack of 100's,45,120,init.f01a3840-2fdc-5045-b13e-4ed038af4b6f,FOLIC ACID TABLETS 5MG,kesses_pharmaceuticals_stock.csv,0.54,
PD01FDE001,PD01FDE001,FORMALDEHYDE 40% SOLUTION,FORMALDEHYDE 40% SOLUTION,False,PHARMACEUTICALS,DISINFECTANTS/ANTISEPTICS,5 LITRE JERRICAN,1350,121,init.c06d3e86-bbda-48cb-ab83-f3a15868b087,FORMALDEHYDE 40% SOLUTION,kesses_pharmaceuticals_stock.csv,1620.00,
PM06FUR001,PM06FUR001,FUROSEMIDE INJECTION  - 20MG/2ML,FUROSEMIDE INJECTION - 20MG/2ML,True,PHARMACEUTICALS,ANTIHYPERTENSION MEDICINES,AMPOULE,10,122,init.65aa9a2b-a07f-58b9-81a9-3990472b8a05,FUROSEMIDE INJECTION - 20MG/2ML,kesses_pharmaceuticals_stock.csv,6.00,
PM06FUR003,PM06FUR003,FUROSEMIDE TABLETS 40MG,FUROSEMIDE TABLETS 40MG,False,PHARMACEUTICALS,ANTIHYPERTENSION MEDICINES,Blisters OF 100's,74,123,init.e106f8f7-846a-5d0e-8f42-e7f42b013f0b,FUROSEMIDE TABLETS 40MG,kesses_pharmaceuticals_stock.csv,0.89,
PM07GAB001,PM07GAB001,GABAPENTIN CAP 300MG,GABAPENTIN CAP 300MG,False,PHARMACEUTICALS,SEDATIVES/ANXIOLYTICS & ANTICONVULSANTS,PACK OF 30S,255,124,init.cb026a51-cb6f-5500-b1f4-38c931b77bd7,GABAPENTIN CAP 300MG,kesses_pharmaceuticals_stock.csv,10.20,
PM01GEN001,PM01GEN001,GENTAMICIN INJECTION - 10MG/ML 2ML AMP,GENTAMICIN INJECTION - 10MG/ML 2ML AMP,False,PHARMACEUTICALS,ANTIBIOTICS & OTHER ANTIBACTERIALS,AMPOULE,40,125,init.e0a6da11-0800-5ef2-b906-582930c88017,GENTAMICIN INJECTION - 10MG/ML 2ML AMP,kesses_pharmaceuticals_stock.csv,48.00,
PM01GEN002,PM01GEN002,GENTAMICIN INJECTION - 40MG/ML 2ML AMP  *** Tracer ***,GENTAMICIN INJECTION - 40MG/ML 2ML AMP,True,PHARMACEUTICALS,ANTIBIOTICS & OTHER ANTIBACTERIALS,AMPOULE,12,126,init.06ec7a27-ad38-521f-b9b6-e79fb969dfc8,GENTAMICIN INJECTION - 40MG/ML 2ML AMP,kesses_pharmaceuticals_stock.csv,0.04,
PM12GEN002,PM12GEN002,GENTAMICIN SULPHATE SOLUTION  (EYE / EAR DROPS)  0.3 % W/V,GENTAMICIN SULPHATE SOLUTION (EYE / EAR DROPS) 0.3 % W/V,True,PHARMACEUTICALS,OPHTHALMIC ANTI-INFECTIVE MEDICINES,5 ML BTL,26,128,init.7fc68da9-7b4c-555a-abb9-0d435604ba06,GENTAMICIN SULPHATE SOLUTION (EYE / EAR DROPS) 0.3 % W/V,kesses_pharmaceuticals_stock.csv,31.20,
PM10GLZ003,PM10GLZ003,GLICLAZIDE TABLETS (M/R) 30 MG,GLICLAZIDE TABLETS (M/R) 30 MG,False,PHARMACEUTICALS,ORAL HYPOGLYCAEMIC AGENTS,BISTER OF 30's,525,129,init.7030f22c-5342-51f9-8f7a-f8e92ca8c80c,GLICLAZIDE TABLETS (M/R) 30 MG,kesses_pharmaceuticals_stock.csv,21.00,
PM09DEX006,PM09DEX006,GLUCOSE INJECTION 50%  50ML  (DEXTROSE) COLLAPSIBLE BAG,GLUCOSE INJECTION 50% 50ML (DEXTROSE) COLLAPSIBLE BAG,True,PHARMACEUTICALS,ELECTROLYTES,50ML BOTTLE,111,130,init.d34b95c3-5582-558c-9a76-ae80268c37f6,GLUCOSE INJECTION 50% 50ML (DEXTROSE) COLLAPSIBLE BAG,kesses_pharmaceuticals_stock.csv,108.00,
PM07GLP002,PM07GLP002,GLYCOPYRRONIUM INJECTION SOLUTION FOR INJECTION 200 MCG /ML( AS BROMIDE) 1ML AMPOULE,GLYCOPYRRONIUM INJECTION SOLUTION FOR INJECTION 200 MCG /ML( AS BROMIDE) 1ML AMPOULE,False,PHARMACEUTICALS,MUSCLE RELAXANTS,PACK OF 10AMPS,2396,131,init.ab9cbf18-4a1d-58c0-9dd1-c486fdf73031,GLYCOPYRRONIUM INJECTION SOLUTION FOR INJECTION 200 MCG /ML( AS BROMIDE) 1ML AMPOULE,kesses_pharmaceuticals_stock.csv,287.52,
PM02GRF003,PM02GRF003,GRISEOFULVIN 500MG TABLETS,GRISEOFULVIN 500MG TABLETS,False,PHARMACEUTICALS,ANTIFUNGAL MEDICINES,PACK OF 100S,900,132,init.bf079082-59bf-4f58-83eb-e5c7077d2736,GRISEOFULVIN 500mg TAB,drugs.csv,1.00,
PM02GRF002,PM02GRF002,GRISEOFULVIN TABLETS 125MG,GRISEOFULVIN TABLETS 125MG,False,PHARMACEUTICALS,ANTIFUNGAL MEDICINES,Blisters OF 100's,280,133,init.a0aa68c8-0038-50c9-97b0-a512d1058e3a,GRISEOFULVIN TABLETS 125MG,kesses_pharmaceuticals_stock.csv,3.36,
PM07HAL004,PM07HAL004,HALOPERIDOL 5MG TABLET,HALOPERIDOL 5MG TABLET,False,PHARMACEUTICALS,MEDICINES FOR PSYCHOTIC DISORDERS,PACK OF 100S,135,134,init.437c1c5e-5931-419b-9946-d25807442660,HALOPERIDOL 5mg TAB,drugs.csv,1.00,
PM07HAL001,PM07HAL001,HALOPERIDOL DECANOATE DEPOT- 50MG/ML1ML AMPUOLE,HALOPERIDOL DECANOATE DEPOT- 50MG/ML1ML AMPUOLE,False,PHARMACEUTICALS,MEDICINES FOR PSYCHOTIC DISORDERS,AMPOULE,334,135,init.a7f2f0bb-2c95-557c-b820-4c72a835da35,HALOPERIDOL DECANOATE DEPOT- 50MG/ML1ML AMPUOLE,kesses_pharmaceuticals_stock.csv,400.80,
PM06HEP001,PM06HEP001,HEPARINE INJECTION  - 5000UNITS/ML  5ML,HEPARINE INJECTION - 5000UNITS/ML 5ML,True,PHARMACEUTICALS,MEDICINES AFFECTING COAGULATION,VIAL,400,136,init.9b8bc6dc-bdcb-5de8-9cfa-b8013b769985,HEPARINE INJECTION - 5000UNITS/ML 5ML,kesses_pharmaceuticals_stock.csv,480.00,
PM06HEP003,PM06HEP003,HEPARINE INJECTION  - 5000UNITS/ML  5ML(ROTEXMEDICA),HEPARINE INJECTION - 5000UNITS/ML 5ML(ROTEXMEDICA),True,PHARMACEUTICALS,MEDICINES AFFECTING COAGULATION,VIAL,1200,137,init.91504117-94ee-5cf3-ad2a-3890da10479e,HEPARINE INJECTION - 5000UNITS/ML 5ML(ROTEXMEDICA),kesses_pharmaceuticals_stock.csv,1440.00,
PV01SER007,PV01SER007,HEPATITIS B VACCINE (ADULT) 20 MCG/ML 1 ML,HEPATITIS B VACCINE (ADULT) 20 MCG/ML 1 ML,False,PHARMACEUTICALS,VACCINES,VIAL,384,138,init.242c173e-4e6c-5207-8a50-b692b1a6cfee,HEPATITIS B VACCINE (ADULT) 20 MCG/ML 1 ML,kesses_pharmaceuticals_stock.csv,460.80,
PM06HYD007,PM06HYD007,HYDRALAZINE TABLETS  - 25MG,HYDRALAZINE TABLETS - 25MG,True,PHARMACEUTICALS,ANTIHYPERTENSION MEDICINES,PACK OF 100S,271,139,init.6b5ec22f-7b2f-5ce3-990d-00e2d49b47f7,HYDRALAZINE TABLETS - 25MG,kesses_pharmaceuticals_stock.csv,3.25,
PM06HYD006,PM06HYD006,HYDROCHLOROTHIAZIDE TABLETS 25MG SCORED BLISTER PACK,HYDROCHLOROTHIAZIDE TABLETS 25MG SCORED BLISTER PACK,False,PHARMACEUTICALS,ANTIHYPERTENSION MEDICINES,PACK OF 100S,71,140,init.c8e62ab8-cfe2-57bf-8273-af4eb0691eaa,HYDROCHLOROTHIAZIDE TABLETS 25MG SCORED BLISTER PACK,kesses_pharmaceuticals_stock.csv,1.70,
PM10HYD001,PM10HYD001,HYDROCORTISONE INJECTION  - 100MG  *** Tracer ***,HYDROCORTISONE INJECTION - 100MG,True,PHARMACEUTICALS,ANTI ALLERGICS & MEDICINE USED IN ANAPHYLAXIS,VIAL,27,141,init.0060c9c0-e5ce-588b-bbc0-73673f14a97f,HYDROCORTISONE INJECTION - 100MG,kesses_pharmaceuticals_stock.csv,0.65,
PM12HYD001,PM12HYD001,HYDROCORTISONE OINTMENT - 1%,HYDROCORTISONE OINTMENT - 1%,False,PHARMACEUTICALS,ANTI-INFLAMATORY/ANTIPRURITIC MEDICINES,TUBE 15GM,30,142,init.b4f9c220-023d-5238-aa92-b4ad181b9fdb,HYDROCORTISONE OINTMENT - 1%,kesses_pharmaceuticals_stock.csv,36.00,
PM08HDC001,PM08HDC001,HYDROXYCARBAMIDE (HYDROXYUREA) CAPSULE 500 MG,HYDROXYCARBAMIDE (HYDROXYUREA) CAPSULE 500 MG,False,PHARMACEUTICALS,CYTOTOXIC MEDICINES,PACK OF 100S,3000,143,init.0aee4f72-029b-5270-92f0-dcae344372c5,HYDROXYCARBAMIDE (HYDROXYUREA) CAPSULE 500 MG,kesses_pharmaceuticals_stock.csv,39.48,
PM11HBB001,PM11HBB001,HYOSCINE BUTYL BROMIDE INJECTION 20MG/ML,HYOSCINE BUTYL BROMIDE INJECTION 20MG/ML,False,PHARMACEUTICALS,ANTI-SPASMODICS,AMPOULE,16,144,init.89fdc2a1-5d67-5825-9353-49fc3eb69680,HYOSCINE BUTYL BROMIDE INJECTION 20MG/ML,kesses_pharmaceuticals_stock.csv,19.20,
PM11HBB003,PM11HBB003,HYOSCINE BUTYLBROMIDE TABLETS 10MG (F/C),HYOSCINE BUTYLBROMIDE TABLETS 10MG (F/C),False,PHARMACEUTICALS,ANTI-SPASMODICS,Blisters OF 100's,285,145,init.58e17823-ecaf-5563-a8b7-7f7eda0497da,HYOSCINE BUTYLBROMIDE TABLETS 10MG (F/C),kesses_pharmaceuticals_stock.csv,3.42,
PM05BRU003,PM05BRU003,IBUPROFEN SYRUP 100MG/5ML 60ML,IBUPROFEN SYRUP 100MG/5ML 60ML,False,PHARMACEUTICALS,NON OPIOIDS & NSAIMS,BOTTLE,24,146,init.78d19083-8f0d-5cf8-aeb7-c4e3a00b418e,IBUPROFEN SYRUP 100MG/5ML 60ML,kesses_pharmaceuticals_stock.csv,0.03,
PM05BRU004,PM05BRU004,IBUPROFEN TABLETS F/C 200MG BLISTER PACK,IBUPROFEN TABLETS F/C 200MG BLISTER PACK,False,PHARMACEUTICALS,NON OPIOIDS & NSAIMS,PACK OF 100S,78,147,init.26a6008a-8703-5c9d-aaf9-9c4636a99728,IBUPROFEN TABLETS F/C 200MG BLISTER PACK,kesses_pharmaceuticals_stock.csv,0.00,
PM10NSU001,PM10NSU001,INSULIN (PREMIX)  RECOMBINANT HUMAN ( 30 REGULAR + 70 NPH) ALSO CALLED BIPHASIC ( 30/70) 100 IU/ML -10ML VIAL  *** Tracer ***,INSULIN (PREMIX) RECOMBINANT HUMAN ( 30 REGULAR + 70 NPH) ALSO CALLED BIPHASIC ( 30/70) 100 IU/ML -10ML VIAL,True,PHARMACEUTICALS,INSULINS,VIAL,410,148,init.d413ad1d-c0bc-5122-8b8b-eeed17aa8a32,INSULIN (PREMIX) RECOMBINANT HUMAN ( 30 REGULAR + 70 NPH) ALSO CALLED BIPHASIC ( 30/70) 100 IU/ML -10ML VIAL,kesses_pharmaceuticals_stock.csv,492.00,
PM10NSU003,PM10NSU003,INSULIN -SHORT ACTING( SOLUBLE)  100 IU/ML -10 ML VIAL,INSULIN -SHORT ACTING( SOLUBLE) 100 IU/ML -10 ML VIAL,True,PHARMACEUTICALS,INSULINS,VIAL,435,149,init.a42adceb-108e-5920-bf90-fdffdcbd004f,INSULIN -SHORT ACTING( SOLUBLE) 100 IU/ML -10 ML VIAL,kesses_pharmaceuticals_stock.csv,522.00,
PM14IRS001,PM14IRS001,IRON SUCROSE 20MG/ML 5ML INJ.,IRON SUCROSE 20MG/ML 5ML INJ.,False,PHARMACEUTICALS,ANTIANAEMICS,5ML VIAL,115,150,init.556cec85-6536-504d-91f2-8ab31519e846,IRON SUCROSE 20MG/ML 5ML INJ.,kesses_pharmaceuticals_stock.csv,138.00,
PM07FLN001,PM07FLN001,ISOFLURANE LIQUID FOR INHALATION,ISOFLURANE LIQUID FOR INHALATION,False,PHARMACEUTICALS,GENERAL ANAESTHETICS,250ML BOTTLE,3660,151,init.b0b37b85-4169-4eed-898b-afdd3434a922,ISOFLURANE LIQUID FOR INHALATION,kesses_pharmaceuticals_stock.csv,4392.00,
PM02KET003,PM02KET003,ITRACONAZOLE CAPSULES 100MG 4/PK,ITRACONAZOLE CAPSULES 100MG 4/PK,False,PHARMACEUTICALS,ANTIFUNGAL MEDICINES,Pack of 4s,111,152,init.177423e7-1d31-5ce7-96c9-c5072d715890,ITRACONAZOLE CAPSULES 100MG 4/PK,kesses_pharmaceuticals_stock.csv,33.30,
PM07KET001,PM07KET001,KETAMINE INJECTION - 50MG/ML 10ML VIAL,KETAMINE INJECTION - 50MG/ML 10ML VIAL,False,PHARMACEUTICALS,GENERAL ANAESTHETICS,VIAL,140,153,init.2561da71-f49c-57be-8da6-649aecb477b1,KETAMINE INJECTION - 50MG/ML 10ML VIAL,kesses_pharmaceuticals_stock.csv,168.00,
PM05KTC001,PM05KTC001,KETOROLAC INJECTION (IM/IV) 30MG/ML,KETOROLAC INJECTION (IM/IV) 30MG/ML,False,PHARMACEUTICALS,NON OPIOIDS & NSAIMS,Ampoule,75,154,init.8d1bf48b-97e1-565c-bacb-f883385b94bf,KETOROLAC INJECTION (IM/IV) 30MG/ML,kesses_pharmaceuticals_stock.csv,90.00,
PM12KTL001,PM12KTL001,KETOROLACSOLUTION EYE DROPS 0.5% (AS TROMETHAMINE),KETOROLACSOLUTION EYE DROPS 0.5% (AS TROMETHAMINE),False,PHARMACEUTICALS,OPHTHALMIC ANALGESICS & OTHERS,5 ML BTL,126,155,init.5df3c3b9-afd6-5fb7-ae14-c5db8052bee7,KETOROLACSOLUTION EYE DROPS 0.5% (AS TROMETHAMINE),kesses_pharmaceuticals_stock.csv,151.20,
PM15LBT001,PM15LBT001,LABETALOL INJECTION 100MG (5MG/ML) 20ML VIAL,LABETALOL INJECTION 100MG (5MG/ML) 20ML VIAL,False,PHARMACEUTICALS,ANTIHYPERTENSION MEDICINES,VIAL,1645,156,init.3a682278-4b15-543b-ad4a-d27b625506f1,LABETALOL INJECTION 100MG (5MG/ML) 20ML VIAL,kesses_pharmaceuticals_stock.csv,1974.00,
PM11LAT001,PM11LAT001,LACTULOSE SOLUTION 3.335G/5ML200ML,LACTULOSE SOLUTION 3.335G/5ML200ML,False,PHARMACEUTICALS,LAXATIVES,BOTTLE,231,157,init.b8c43166-a750-5195-a6e1-82999e78eb5a,LACTULOSE SOLUTION 3.335G/5ML200ML,kesses_pharmaceuticals_stock.csv,277.20,
PM07LMT002,PM07LMT002,LAMOTRIGINE  25MG TABLET,LAMOTRIGINE 25MG TABLET,True,PHARMACEUTICALS,SEDATIVES/ANXIOLYTICS & ANTICONVULSANTS,PACK OF 30S,1030,158,init.4f0140d3-bd8a-595c-89cc-a935c84b6a6e,LAMOTRIGINE 25MG TABLET,kesses_pharmaceuticals_stock.csv,41.20,
PM07LMT001,PM07LMT001,LAMOTRIGINE  TABLET 100 MG,LAMOTRIGINE TABLET 100 MG,True,PHARMACEUTICALS,SEDATIVES/ANXIOLYTICS & ANTICONVULSANTS,PACK OF 100S,3750,159,init.9355d470-fc4c-5151-8910-68927bb57e98,LAMOTRIGINE TABLET 100 MG,kesses_pharmaceuticals_stock.csv,45.00,
PM11LZL001,PM11LZL001,LANSOPRAZOLE DISPERSIBLE TABLET 15MG,LANSOPRAZOLE DISPERSIBLE TABLET 15MG,False,PHARMACEUTICALS,ANTIACID/ANTIULCER MEDICINES,PACK X 10S,185,160,init.926d9da3-c531-5194-be9b-8ecef716a9ca,LANSOPRAZOLE DISPERSIBLE TABLET 15MG,kesses_pharmaceuticals_stock.csv,22.20,
PM10LFN001,PM10LFN001,LEFLUNOMIDE TABLET 20MG  FILM COATED,LEFLUNOMIDE TABLET 20MG FILM COATED,True,PHARMACEUTICALS,DMARDS,Blister pack of 100's,4300,161,init.e60eca63-02d9-51fb-9b8c-7a71c3469b38,LEFLUNOMIDE TABLET 20MG FILM COATED,kesses_pharmaceuticals_stock.csv,51.60,
PM07LVT001,PM07LVT001,LEVETIRACETAM INJECTION100MG/ML,LEVETIRACETAM INJECTION100MG/ML,False,PHARMACEUTICALS,SEDATIVES/ANXIOLYTICS & ANTICONVULSANTS,VIAL,1000,162,init.9f1c4f92-e604-5146-ac2f-811388ff91c3,LEVETIRACETAM INJECTION100MG/ML,kesses_pharmaceuticals_stock.csv,1200.00,
PM01LEV009,PM01LEV009,LEVOFLOXACIN TABLET 500MG,LEVOFLOXACIN TABLET 500MG,False,PHARMACEUTICALS,ANTIBIOTICS & OTHER ANTIBACTERIALS,PACKS OF 10,114,163,init.ab2b51a2-4489-5db3-b445-265b0eab7ca2,LEVOFLOXACIN TABLET 500MG,kesses_pharmaceuticals_stock.csv,7.80,
PM10LVT002,PM10LVT002,LEVOTHYROXINE 100MCG,LEVOTHYROXINE 100MCG,False,PHARMACEUTICALS,THYROID & ANTITHYROID MEDICINES,PACK OF 100S,684,164,init.b1ac9978-5c50-4d18-95e6-714872a81ae9,LEVOTHYROXINE 100MCG,kesses_pharmaceuticals_stock.csv,8.21,
PM07LGN003,PM07LGN003,LIGNOCAINE HYDROCHLORIDE INJ. 1%,LIGNOCAINE HYDROCHLORIDE INJ. 1%,False,PHARMACEUTICALS,LOCAL ANAESTHETICS,30ML VIAL,55,165,init.b4175527-0ab7-4c07-9842-5f690bad2104,LIGNOCAINE HYDROCHLORIDE INJ. 1%,kesses_pharmaceuticals_stock.csv,66.00,
PM01LNE001,PM01LNE001,LINEZOLID INJECTION 2MG/ML-300ML BOTTLE,LINEZOLID INJECTION 2MG/ML-300ML BOTTLE,False,PHARMACEUTICALS,ANTIBIOTICS & OTHER ANTIBACTERIALS,BOTTLE,1490,167,init.6bd66e06-bf14-5078-b9f9-9555c977a64f,LINEZOLID INJECTION 2MG/ML-300ML BOTTLE,kesses_pharmaceuticals_stock.csv,1788.00,
PM11LPE003,PM11LPE003,LOPERAMIDE CAPSULES  - 2MG,LOPERAMIDE CAPSULES - 2MG,True,PHARMACEUTICALS,MEDICINES FOR DIARRHOEA AND ORAL REHYDRATION,PACK OF 10,26,168,init.8af3f07d-cd0d-53f5-94b3-6cb6bb5e6108,LOPERAMIDE CAPSULES - 2MG,kesses_pharmaceuticals_stock.csv,3.12,
PM06LST001,PM06LST001,LOSARTAN 50MG TABLETS,LOSARTAN 50MG TABLETS,False,PHARMACEUTICALS,ANTIHYPERTENSION MEDICINES,PACK OF 30S,46,169,init.a113493b-7584-46a1-ba58-628d11b67623,LOSARTAN 50mg TAB,drugs.csv,1.00,
PM06LST002,PM06LST002,LOSARTAN POTTASIUM 50MG +HYDROCHLOTHIAZIDE 12.5 MG TABLETS,LOSARTAN POTTASIUM 50MG +HYDROCHLOTHIAZIDE 12.5 MG TABLETS,False,PHARMACEUTICALS,ANTIHYPERTENSION MEDICINES,PACK OF 30S,56,170,init.57b620bf-8f0e-5158-b394-4b38f760b678,LOSARTAN POTTASIUM 50MG +HYDROCHLOTHIAZIDE 12.5 MG TABLETS,kesses_pharmaceuticals_stock.csv,2.24,
PM06MAG001,PM06MAG001,MAGNESIUM SULPHATE INJECTION - 50%  *** Tracer ***,MAGNESIUM SULPHATE INJECTION - 50%,True,PHARMACEUTICALS,SEDATIVES/ANXIOLYTICS & ANTICONVULSANTS,AMPOULE,75,171,init.0c8feb2c-a695-49c2-97a4-709fa9e6283e,MAGNESIUM SULPHATE INJECTION - 50%,kesses_pharmaceuticals_stock.csv,8.40,
PM09MAN001,PM09MAN001,MANNITOL 20%W/V INFUSION 500ML,MANNITOL 20%W/V INFUSION 500ML,False,PHARMACEUTICALS,ELECTROLYTES,BOTTLE,326,172,init.0e1c5efa-fab5-5217-9f0c-0bd06de31688,MANNITOL 20%W/V INFUSION 500ML,kesses_pharmaceuticals_stock.csv,391.20,
PM01MPM002,PM01MPM002,MEROPENEM INJECTION PFR 500MG-VIAL,MEROPENEM INJECTION PFR 500MG-VIAL,False,PHARMACEUTICALS,ANTIBIOTICS & OTHER ANTIBACTERIALS,VIAL,219,173,init.f9e25a1e-5dab-5cf2-bac6-4883c5f7552a,MEROPENEM INJECTION PFR 500MG-VIAL,kesses_pharmaceuticals_stock.csv,262.80,
PM10MET008,PM10MET008,METFORMIN TABLETS 500MG BLISTER PACKS,METFORMIN TABLETS 500MG BLISTER PACKS,False,PHARMACEUTICALS,ORAL HYPOGLYCAEMIC AGENTS,PACK OF 100S,125,174,init.510932bf-f251-51b7-b7dc-4c31b7ea6860,METFORMIN TABLETS 500MG BLISTER PACKS,kesses_pharmaceuticals_stock.csv,5.00,
PD01ETH001,PD01ETH001,METHYLATED SPIRIT/ETHANOL DENATURED (ALCOHOL CONTENT 94%-96%),METHYLATED SPIRIT/ETHANOL DENATURED (ALCOHOL CONTENT 94%-96%),False,PHARMACEUTICALS,DISINFECTANTS/ANTISEPTICS,5L,1000,175,init.64f67829-15e6-580e-ab3e-df9df6dc6e72,METHYLATED SPIRIT/ETHANOL DENATURED (ALCOHOL CONTENT 94%-96%),kesses_pharmaceuticals_stock.csv,1200.00,
PM06MET002,PM06MET002,METHYLDOPA TABLETS  250MG FC,METHYLDOPA TABLETS 250MG FC,True,PHARMACEUTICALS,ANTIHYPERTENSION MEDICINES,Blisters OF 100's,670,176,init.99019a90-9329-57aa-b44f-06353c45d5fc,METHYLDOPA TABLETS 250MG FC,kesses_pharmaceuticals_stock.csv,8.45,
PM10PRE004,PM10PRE004,METHYL PREDNISOLONE 500MG INJECTION,METHYL PREDNISOLONE 500MG INJECTION,False,PHARMACEUTICALS,ANTI-INFLAMATORY MEDICINES,VIAL,504,177,init.bb8c72b5-c871-4911-8566-f4dc60547cdd,METHYL PREDNISOLONE 500MG INJECTION,kesses_pharmaceuticals_stock.csv,604.80,
PM07MET002,PM07MET002,METOCLOPRAMIDE INJECTION  - 5MG/ML,METOCLOPRAMIDE INJECTION - 5MG/ML,True,PHARMACEUTICALS,ANTIEMETICS & MOTILIDES,AMPOULE,9,178,init.7f40f4c2-3a3b-5ab7-8392-2f46d2df6037,METOCLOPRAMIDE INJECTION - 5MG/ML,kesses_pharmaceuticals_stock.csv,10.80,
PM07MET001,PM07MET001,METOCLOPRAMIDE  TABLETS - 10MG,METOCLOPRAMIDE TABLETS - 10MG,True,PHARMACEUTICALS,ANTIEMETICS & MOTILIDES,PACK OF 100S,65,179,init.d262b963-4157-56be-830b-4777db3222ed,METOCLOPRAMIDE TABLETS - 10MG,kesses_pharmaceuticals_stock.csv,0.78,
PM06AMTZ001,PM06AMTZ001,METOLAZONE TABLET 5MG,METOLAZONE TABLET 5MG,False,PHARMACEUTICALS,ANTIHYPERTENSION MEDICINES,PACK OF 30S,1350,180,init.ef2308f5-57f5-5cfe-bda5-8aa176900237,METOLAZONE TABLET 5MG,kesses_pharmaceuticals_stock.csv,54.00,
PM03MET004,PM03MET004,METRONIDAZOLE INJECTION  - 5MG/ML IN 100ML BOTTLE,METRONIDAZOLE INJECTION - 5MG/ML IN 100ML BOTTLE,True,PHARMACEUTICALS,ANTIPROTOZOAL MEDICINES-ANTIAMOEBICS,VIAL,32,181,init.1a297f73-2631-59f1-9bc8-1d6d8e0d73b1,METRONIDAZOLE INJECTION - 5MG/ML IN 100ML BOTTLE,kesses_pharmaceuticals_stock.csv,32.00,
PM03MET002,PM03MET002,METRONIDAZOLE SUSPENSION  - 200MG/5ML  *** Tracer ***,METRONIDAZOLE SUSPENSION - 200MG/5ML,True,PHARMACEUTICALS,ANTIPROTOZOAL MEDICINES-ANTIAMOEBICS,100 ML,50,182,init.b5450ed5-f8c9-51c8-8641-400b1fab1365,METRONIDAZOLE SUSPENSION - 200MG/5ML,kesses_pharmaceuticals_stock.csv,0.15,
PM03MET007,PM03MET007,METRONIDAZOLE TABLETS  400MG,METRONIDAZOLE TABLETS 400MG,True,PHARMACEUTICALS,ANTIPROTOZOAL MEDICINES-ANTIAMOEBICS,Blister pack of 100's,154,183,init.90878449-f89a-5949-b6e9-4bb054c7ab0b,METRONIDAZOLE TABLETS 400MG,kesses_pharmaceuticals_stock.csv,0.25,
PM07MZL001,PM07MZL001,MIDAZOLAM INJECTION 1MG/1ML- 5ML AMPOULE  *** Tracer ***,MIDAZOLAM INJECTION 1MG/1ML- 5ML AMPOULE,True,PHARMACEUTICALS,SEDATIVES/ANXIOLYTICS & ANTICONVULSANTS,AMPOULE,99,184,init.a5e01276-083c-5b6d-a680-1cb6e856d8f6,MIDAZOLAM INJECTION 1MG/1ML- 5ML AMPOULE,kesses_pharmaceuticals_stock.csv,118.80,
PM07MTZ001,PM07MTZ001,MIRTAZAPINE TABLET 15MG (AS HYDROCHLORIDE),MIRTAZAPINE TABLET 15MG (AS HYDROCHLORIDE),False,PHARMACEUTICALS,MEDICINES  USED IN MOOD DISORDERS,PACK OF 30S,2000,185,init.0b5b2f2e-9e36-5326-bba6-eadf68467aa0,MIRTAZAPINE TABLET 15MG (AS HYDROCHLORIDE),kesses_pharmaceuticals_stock.csv,80.00,
PM10MPL007,PM10MPL007,MISOPROSTOL 200MCG TABLETS,MISOPROSTOL 200MCG TABLETS,False,PHARMACEUTICALS,UTEROTONICS,TABLET,10,186,init.7dcbd3f2-756c-4b5b-a7a7-f48e452d3679,MISOPROSTOL 200mcg TABLET,drugs.csv,1.00,
PM12MMT001,PM12MMT001,MOMETASONE FUROATE OINTMENT 0.1% - 15G,MOMETASONE FUROATE OINTMENT 0.1% - 15G,False,PHARMACEUTICALS,ANTI-INFLAMATORY/ANTIPRURITIC MEDICINES,TUBE 15GM,73,187,init.c635f895-380b-520c-9da2-81ea8cba64fc,MOMETASONE FUROATE OINTMENT 0.1% - 15G,kesses_pharmaceuticals_stock.csv,87.60,
PM13MNT001,PM13MNT001,MONTELUKAST (AS SOD. SALT) TABLET 10MG,MONTELUKAST (AS SOD. SALT) TABLET 10MG,False,PHARMACEUTICALS,ANTI ALLERGICS & MEDICINE USED IN ANAPHYLAXIS,PACK OF 14s,243,188,init.4a411259-ec7a-53ff-a377-d84c445cabf8,MONTELUKAST (AS SOD. SALT) TABLET 10MG,kesses_pharmaceuticals_stock.csv,19.46,
PM05MRP011,PM05MRP011,MORPHINE POWDER,MORPHINE POWDER,False,PHARMACEUTICALS,OPIOID ANALGESICS & CONGENERS,500GRAM,328000,189,init.7bd878d6-7ad7-4b02-9609-fa1586f7c223,MORPHINE powder,drugs.csv,1.00,
PM05MRP003,PM05MRP003,MORPHINE SULPHATE INJECTION -  10MG/ML,MORPHINE SULPHATE INJECTION - 10MG/ML,True,PHARMACEUTICALS,OPIOID ANALGESICS & CONGENERS,AMPOULE,95,190,init.56cc3af3-6a50-5019-a557-69380b96c966,MORPHINE SULPHATE INJECTION - 10MG/ML,kesses_pharmaceuticals_stock.csv,114.00,
PM05MRP005,PM05MRP005,MORPHINE SULPHATE ORAL SOLUTION - 10MG/ML,MORPHINE SULPHATE ORAL SOLUTION - 10MG/ML,False,PHARMACEUTICALS,OPIOID ANALGESICS & CONGENERS,100 ML,700,191,init.4fe4c1f6-b0d8-5c4d-8c40-9108099ec108,MORPHINE SULPHATE ORAL SOLUTION - 10MG/ML,kesses_pharmaceuticals_stock.csv,840.00,
PM05MRP008,PM05MRP008,MORPHINE SULPHATE ORAL SOLUTION 1MG/ML,MORPHINE SULPHATE ORAL SOLUTION 1MG/ML,False,PHARMACEUTICALS,OPIOID ANALGESICS & CONGENERS,100ml Bottle,310,192,init.b158df7a-231f-405d-b0c9-15b16dd28bfa,MORPHINE SULPHATE ORAL SOLUTION 1MG/ML,kesses_pharmaceuticals_stock.csv,372.00,
PM12MPN001,PM12MPN001,MUPIROCIN OINTMENT 2% (15G TUBES),MUPIROCIN OINTMENT 2% (15G TUBES),False,PHARMACEUTICALS,TOPICAL ANTI-INFECTIVE MEDICINES,TUBE 15GM,232,193,init.c93a0fb9-e5f4-572e-bf5f-fd3c965f1603,MUPIROCIN OINTMENT 2% (15G TUBES),kesses_pharmaceuticals_stock.csv,278.40,
PM08MPN003,PM08MPN003,MYCOPHENOLATE MOFETIL 500MG,MYCOPHENOLATE MOFETIL 500MG,False,PHARMACEUTICALS,IMMUNO MODULATORS FOR NON MALIGNANT DISEASE,PACK OF 50,3750,194,init.eb56d6cd-8c6e-5cdb-ad6d-8e1ce1c6bced,MYCOPHENOLATE MOFETIL 500MG,kesses_pharmaceuticals_stock.csv,90.00,
PM07NES001,PM07NES001,NEOSTIGMINE INJECTION  - 2.5MG/ML,NEOSTIGMINE INJECTION - 2.5MG/ML,True,PHARMACEUTICALS,MUSCLE RELAXANTS,VIAL,34,195,init.84333246-c842-53ae-b40b-d38f4b56d7f8,NEOSTIGMINE INJECTION - 2.5MG/ML,kesses_pharmaceuticals_stock.csv,40.80,
PM06NFE002,PM06NFE002,NIFEDIPINE TABLETS S/R 20MG,NIFEDIPINE TABLETS S/R 20MG,False,PHARMACEUTICALS,ANTIHYPERTENSION MEDICINES,Blisters OF 100's,85,196,init.dcfa64a5-79a5-537a-bf2e-554c6f6208a4,NIFEDIPINE TABLETS S/R 20MG,kesses_pharmaceuticals_stock.csv,6.00,
PM01NTF001,PM01NTF001,NITROFURANTOIN 100MG TABLETS,NITROFURANTOIN 100MG TABLETS,False,PHARMACEUTICALS,ANTIBIOTICS & OTHER ANTIBACTERIALS,PACK OF 100S,215,197,init.e479e928-914a-5a5f-81a0-c9bb8fff5be6,NITROFURANTOIN 100MG TABLETS,kesses_pharmaceuticals_stock.csv,32.25,
PM14SUP052,PM14SUP052,NORMAL IMMUNOGLOBULIN (HUMAN)  INJECTION FOR IV ADMINISTRATION5% PROTEIN SOLUTION,NORMAL IMMUNOGLOBULIN (HUMAN) INJECTION FOR IV ADMINISTRATION5% PROTEIN SOLUTION,True,PHARMACEUTICALS,PLASMA DERIVED MEDICINES-HUMAN IG & CONGENERS,100ml Vial,20000,199,init.e127620e-df87-5552-8b48-d666b64895ca,NORMAL IMMUNOGLOBULIN (HUMAN) INJECTION FOR IV ADMINISTRATION5% PROTEIN SOLUTION,kesses_pharmaceuticals_stock.csv,24000.00,
PM02NYS001,PM02NYS001,NYSTATIN SUSPENSION - 100 000IU/ML  *** Tracer ***,NYSTATIN SUSPENSION - 100 000IU/ML,True,PHARMACEUTICALS,TOPICAL ANTI-INFECTIVE MEDICINES,30ML,65,200,init.fc14838c-ba97-5b49-81b5-ff84b8ac3fe1,NYSTATIN SUSPENSION - 100 000IU/ML,kesses_pharmaceuticals_stock.csv,0.13,
PM07LZP004,PM07LZP004,OLANZAPINE TABLETS 10MG,OLANZAPINE TABLETS 10MG,False,PHARMACEUTICALS,MEDICINES FOR PSYCHOTIC DISORDERS,PACK OF 100S,570,201,init.9d5e074b-246a-55a6-978b-d72c5421a5e2,OLANZAPINE TABLETS 10MG,kesses_pharmaceuticals_stock.csv,6.84,
PM11MEP003,PM11MEP003,OMEPRAZOLE 20MG CAPSULES,OMEPRAZOLE 20MG CAPSULES,False,PHARMACEUTICALS,ANTIACID/ANTIULCER MEDICINES,PACK OF 100S,100,202,init.aa473861-4427-52ac-a247-69735613b15b,OMEPRAZOLE 20MG CAPSULES,kesses_pharmaceuticals_stock.csv,100.00,
PM11MEP006,PM11MEP006,OMEPRAZOLE INJECTION 40MG VIAL,OMEPRAZOLE INJECTION 40MG VIAL,False,PHARMACEUTICALS,ANTIACID/ANTIULCER MEDICINES,VIAL,39,203,init.b3b1bdfe-c5ef-437c-886a-35b0c751e581,OMEPRAZOLE INJECTION 40MG VIAL,kesses_pharmaceuticals_stock.csv,46.80,
PM05PAR025,PM05PAR025,PARACETAMOL SOLUTION IV INFUSION 10MG/ML-100ML,PARACETAMOL SOLUTION IV INFUSION 10MG/ML-100ML,False,PHARMACEUTICALS,OPIOID ANALGESICS & CONGENERS,BOTTLE OF 100ML,75,205,init.b6a2a323-9f2f-57e1-8068-2ae6139b3ad9,PARACETAMOL SOLUTION IV INFUSION 10MG/ML-100ML,kesses_pharmaceuticals_stock.csv,90.00,
PM05PAR008,PM05PAR008,PARACETAMOL SUPPOSITORIES 125MG,PARACETAMOL SUPPOSITORIES 125MG,False,PHARMACEUTICALS,NON OPIOIDS & NSAIMS,PACK OF 10S,89,206,init.2567c7a3-3cdd-52f3-bf53-94b7bb6a8074,PARACETAMOL SUPPOSITORIES 125MG,kesses_pharmaceuticals_stock.csv,10.68,
PM05PAR011,PM05PAR011,PARACETAMOL SUSPENSION 120MG/5ML-60ML  *** Tracer ***,PARACETAMOL SUSPENSION 120MG/5ML-60ML,True,PHARMACEUTICALS,NON OPIOIDS & NSAIMS,60ML BOTTLE,28,207,init.8a45c672-d7dd-5afe-8be5-d4df310bf1fd,PARACETAMOL SUSPENSION 120MG/5ML-60ML,kesses_pharmaceuticals_stock.csv,0.04,
PM05PAR013,PM05PAR013,PARACETAMOL TABLETS500MG  *** Tracer ***,PARACETAMOL TABLETS500MG,True,PHARMACEUTICALS,NON OPIOIDS & NSAIMS,Blisters OF 100's,97,208,init.77dadab9-afeb-59b1-8b16-0a2cccd897a5,PARACETAMOL TABLETS500MG,kesses_pharmaceuticals_stock.csv,0.16,
PM01PEN002,PM01PEN002,PENICILLIN  BENZYL INJECTION  - 1MU  *** Tracer ***,PENICILLIN BENZYL INJECTION - 1MU,True,PHARMACEUTICALS,ANTIBIOTICS & OTHER ANTIBACTERIALS,VIAL,17,209,init.bb6fc537-5861-5703-9676-e9f70b2182bc,PENICILLIN BENZYL INJECTION - 1MU,kesses_pharmaceuticals_stock.csv,20.40,
PM07PHB005,PM07PHB005,PHENOBARBITAL  INJECTION 30MG/ML - 1ML AMPOULE,PHENOBARBITAL INJECTION 30MG/ML - 1ML AMPOULE,True,PHARMACEUTICALS,SEDATIVES/ANXIOLYTICS & ANTICONVULSANTS,AMPOULE,110,210,init.0b6bfa76-f7f6-5f13-b82d-b3b1179eb5bb,PHENOBARBITAL INJECTION 30MG/ML - 1ML AMPOULE,kesses_pharmaceuticals_stock.csv,8.25,
PM07PHB007,PM07PHB007,PHENOBARBITONE TABLETS - 30MG,PHENOBARBITONE TABLETS - 30MG,False,PHARMACEUTICALS,SEDATIVES/ANXIOLYTICS & ANTICONVULSANTS,Blister pack of 100's,57,212,init.1ee0fb00-1d3f-5366-8f3e-3023f2639208,PHENOBARBITONE TABLETS - 30MG,kesses_pharmaceuticals_stock.csv,0.68,
PM07PHY004,PM07PHY004,PHENYTOIN SODIUM 250MG/5ML INJECTION,PHENYTOIN SODIUM 250MG/5ML INJECTION,False,PHARMACEUTICALS,SEDATIVES/ANXIOLYTICS & ANTICONVULSANTS,AMPOULE,204,213,init.b2bcd532-16d2-4747-a1f6-c0dee71c20d1,PHENYTOIN SODIUM 250MG/5ML INJECTION,kesses_pharmaceuticals_stock.csv,244.80,
PM07PHY006,PM07PHY006,PHENYTOIN TABLETS 100MG,PHENYTOIN TABLETS 100MG,False,PHARMACEUTICALS,SEDATIVES/ANXIOLYTICS & ANTICONVULSANTS,Blisters OF 100's,89,214,init.a1af266a-0f27-579b-89a0-8a12f7481fde,PHENYTOIN TABLETS 100MG,kesses_pharmaceuticals_stock.csv,1.07,
PM07PHY005,PM07PHY005,PHENYTOIN TABLETS  50MG,PHENYTOIN TABLETS 50MG,True,PHARMACEUTICALS,SEDATIVES/ANXIOLYTICS & ANTICONVULSANTS,Blisters OF 100's,135,215,init.1887fe26-0292-4fb8-90d7-a533f037b95f,PHENYTOIN TABLETS 50MG,kesses_pharmaceuticals_stock.csv,1.62,
PM14PHY001,PM14PHY001,PHYTOMENADIONE INJECTION (VIT K1) - 10MG/ML(ADULTS) 1ML AMPUOLE,PHYTOMENADIONE INJECTION (VIT K1) - 10MG/ML(ADULTS) 1ML AMPUOLE,False,PHARMACEUTICALS,MEDICINES AFFECTING COAGULATION,AMPOULE,47,217,init.b2cfd99b-9e80-5814-9d5a-594490e88b71,PHYTOMENADIONE INJECTION (VIT K1) - 10MG/ML(ADULTS) 1ML AMPUOLE,kesses_pharmaceuticals_stock.csv,56.40,
PM01PCT001,PM01PCT001,PIPERACILLIN/TAZOBACTUM  INJECTION PFR 4.5GM VIAL,PIPERACILLIN/TAZOBACTUM INJECTION PFR 4.5GM VIAL,True,PHARMACEUTICALS,ANTIBIOTICS & OTHER ANTIBACTERIALS,VIAL,245,218,init.74663be3-d931-5612-a802-85ed6a90ae27,PIPERACILLIN/TAZOBACTUM INJECTION PFR 4.5GM VIAL,kesses_pharmaceuticals_stock.csv,294.00,
PM14HAE003,PM14HAE003,POLYGELINE IV INFUSION 3.5% 500ML PACK,POLYGELINE IV INFUSION 3.5% 500ML PACK,False,PHARMACEUTICALS,PLASMA SUBSTITUTES,500ML BOTTLE,1100,219,init.2bd66867-07fc-51fa-8c45-ce7b640a4723,POLYGELINE IV INFUSION 3.5% 500ML PACK,kesses_pharmaceuticals_stock.csv,1320.00,
PM09PTA002,PM09PTA002,POTASSIUM CHLORIDE INJECTION - 15% 10ML AMPUOLE,POTASSIUM CHLORIDE INJECTION - 15% 10ML AMPUOLE,False,PHARMACEUTICALS,ELECTROLYTES,AMPOULE,40,220,init.bebcb9ad-e998-5f19-b066-23b91359601d,POTASSIUM CHLORIDE INJECTION - 15% 10ML AMPUOLE,kesses_pharmaceuticals_stock.csv,48.00,
PD01PDS001,PD01PDS001,POVIDONE-IODINE SOLUTION - 10%,POVIDONE-IODINE SOLUTION - 10%,False,PHARMACEUTICALS,DISINFECTANTS/ANTISEPTICS,1L,535,221,init.29e5ceba-eeb9-5570-aceb-616f3e7327d8,POVIDONE-IODINE SOLUTION - 10%,kesses_pharmaceuticals_stock.csv,642.00,
PM03PRA001,PM03PRA001,PRAZIQUANTEL TABLETS  - 600MG,PRAZIQUANTEL TABLETS - 600MG,True,PHARMACEUTICALS,ANTIHELMINTICS,PACK OF 100S,1280,222,init.92f88058-db84-5b84-bfca-dad31b3a30ea,PRAZIQUANTEL TABLETS - 600MG,kesses_pharmaceuticals_stock.csv,15.36,
PM10PRE005,PM10PRE005,PREDNISOLONE ORAL LIQUID 15MG/5ML,PREDNISOLONE ORAL LIQUID 15MG/5ML,False,PHARMACEUTICALS,ANTI-INFLAMATORY MEDICINES,50ML BOTTLE,142,223,init.43119c2b-ff1f-4e41-a837-1d0a8257c016,PREDNISOLONE ORAL LIQUID 15MG/5ML,kesses_pharmaceuticals_stock.csv,170.40,
PM10PSN001,PM10PSN001,PREDNISOLONE TABLET 20 MG SCORED,PREDNISOLONE TABLET 20 MG SCORED,False,PHARMACEUTICALS,ANTI-INFLAMATORY MEDICINES,PACK OF 20S,660,224,init.f249c9fd-ff8c-5fe5-b2ea-7e171021d43f,PREDNISOLONE TABLET 20 MG SCORED,kesses_pharmaceuticals_stock.csv,39.60,
PM10PRE003,PM10PRE003,PREDNISOLONE TABLETS  - 5MG,PREDNISOLONE TABLETS - 5MG,True,PHARMACEUTICALS,ANTI-INFLAMATORY MEDICINES,Blisters OF 100's,65,225,init.9ba080b3-d6d2-50c3-8d8a-ba77a34d0564,PREDNISOLONE TABLETS - 5MG,kesses_pharmaceuticals_stock.csv,0.78,
PM07PRP002,PM07PRP002,PROPOFOL IV 10MG/ML,PROPOFOL IV 10MG/ML,False,PHARMACEUTICALS,GENERAL ANAESTHETICS,VIAL,204,226,init.6fe5bf46-b65d-4dbe-a24b-d97e5c0daee4,PROPOFOL IV 10MG/ML,kesses_pharmaceuticals_stock.csv,244.80,
PM06PRT002,PM06PRT002,PROTAMINE SULPHATE 10MG/ML5ML AMPOULE,PROTAMINE SULPHATE 10MG/ML5ML AMPOULE,False,PHARMACEUTICALS,SPECIFIC ANTIDOTES,AMPOULE,1220,227,init.a5807a9a-9400-5c59-8b39-2d0152deb612,PROTAMINE SULPHATE 10MG/ML5ML AMPOULE,kesses_pharmaceuticals_stock.csv,1464.00,
PV01SER004,PV01SER004,RABIES VACCINEPURIFIED VEROCRABBIES VACCINEPURIFIED VEROCELL/HUMAN DIPLOID. SHOULD BE WHO PREQUALIFIED,RABIES VACCINEPURIFIED VEROCRABBIES VACCINEPURIFIED VEROCELL/HUMAN DIPLOID. SHOULD BE WHO PREQUALIFIED,False,PHARMACEUTICALS,VACCINES,VIAL,1160,228,init.abeecb08-2ae9-576a-bdfe-337e902c6109,RABIES VACCINEPURIFIED VEROCRABBIES VACCINEPURIFIED VEROCELL/HUMAN DIPLOID. SHOULD BE WHO PREQUALIFIED,kesses_pharmaceuticals_stock.csv,139.20,
PM09REH001,PM09REH001,REHYDRATION SALTS  ORAL (ORS),REHYDRATION SALTS ORAL (ORS),True,PHARMACEUTICALS,ELECTROLYTES,SATCHET,9,229,init.b303d582-59a0-5867-8f50-61169eb58e6e,REHYDRATION SALTS ORAL (ORS),kesses_pharmaceuticals_stock.csv,10.80,
PM14RET008,PM14RET008,RETINOL (VITAMIN A) PALMITATE CAPSULES  200000 IU,RETINOL (VITAMIN A) PALMITATE CAPSULES 200000 IU,True,PHARMACEUTICALS,VITAMINS AND MINERALS,PACK OF 100S,950,230,init.e1722d89-6212-5697-8360-362950c3f420,RETINOL (VITAMIN A) PALMITATE CAPSULES 200000 IU,kesses_pharmaceuticals_stock.csv,1140.00,
PM07RSP002,PM07RSP002,RISPERIDONE 2MG TABS SCORED,RISPERIDONE 2MG TABS SCORED,False,PHARMACEUTICALS,MEDICINES FOR PSYCHOTIC DISORDERS,PACK OF 50,300,231,init.c0896573-9d32-4aab-b9a8-4e3f3c50beaf,RISPERIDONE 2MG TABS SCORED,kesses_pharmaceuticals_stock.csv,7.20,
PM06RVR001,PM06RVR001,RIVAROXABAN TABLET 10MG (FILM COATED),RIVAROXABAN TABLET 10MG (FILM COATED),False,PHARMACEUTICALS,MEDICINES AFFECTING COAGULATION,PACK OF 10S,90,232,init.56c80fa0-dc3a-5600-8fa3-96d5d11e1751,RIVAROXABAN TABLET 10MG (FILM COATED),kesses_pharmaceuticals_stock.csv,10.80,
PM06RVR002,PM06RVR002,RIVAROXABAN TABLET 15 MG (FILM COATED),RIVAROXABAN TABLET 15 MG (FILM COATED),False,PHARMACEUTICALS,MEDICINES AFFECTING COAGULATION,PACK OF 14s,100,233,init.e7434303-2f45-5638-afed-9eaf54e4bafd,RIVAROXABAN TABLET 15 MG (FILM COATED),kesses_pharmaceuticals_stock.csv,8.57,
PM06RVR003,PM06RVR003,RIVAROXABAN TABLET 20 MG (FILM COATED),RIVAROXABAN TABLET 20 MG (FILM COATED),False,PHARMACEUTICALS,MEDICINES AFFECTING COAGULATION,PACK OF 14s,107,234,init.3bca267d-fa17-57eb-b20e-05c7e830961d,RIVAROXABAN TABLET 20 MG (FILM COATED),kesses_pharmaceuticals_stock.csv,9.17,
PM13SAB001,PM13SAB001,SALBUTAMOL+BECLOMETHASONE INHALATION (100 + 50) MICROGRAMS 200 DOSES,SALBUTAMOL+BECLOMETHASONE INHALATION (100 + 50) MICROGRAMS 200 DOSES,False,PHARMACEUTICALS,ANTIASTHMATICS AND DRUGS FOR COPD,CAN,417,235,init.1b6ecd29-3e8e-5fcd-9806-cc75cc6407b7,SALBUTAMOL+BECLOMETHASONE INHALATION (100 + 50) MICROGRAMS 200 DOSES,kesses_pharmaceuticals_stock.csv,27.80,
EM06NEB005,EM06NEB005,SALBUTAMOL NEBULIZING SOLUTION 2.5ML,SALBUTAMOL NEBULIZING SOLUTION 2.5ML,False,PHARMACEUTICALS,MANUAL RESUSCITATION EQUIPMENT,Ampoule,69,236,init.2bb73502-a588-4c2f-83e1-7c0be91be1e0,SALBUTAMOL NEBULIZING SOLUTION 2.5ML,kesses_pharmaceuticals_stock.csv,2.76,
PM13SLB003,PM13SLB003,SALBUTAMOL SULPHATE  + IPRATROPIUM BROMIDE NEBULISER SOLUTION (1MG + 200MCG/ML) 2.5ML,SALBUTAMOL SULPHATE + IPRATROPIUM BROMIDE NEBULISER SOLUTION (1MG + 200MCG/ML) 2.5ML,True,PHARMACEUTICALS,ANTIASTHMATICS AND DRUGS FOR COPD,VIAL,98,237,init.61e90dfc-c5db-5d65-a4ed-42cfd6ee403e,SALBUTAMOL SULPHATE + IPRATROPIUM BROMIDE NEBULISER SOLUTION (1MG + 200MCG/ML) 2.5ML,kesses_pharmaceuticals_stock.csv,117.60,
PM13SND001,PM13SND001,SALINE NASAL DROPS 0.9% 10ML,SALINE NASAL DROPS 0.9% 10ML,False,PHARMACEUTICALS,ANTIASTHMATICS AND DRUGS FOR COPD,10ml,18,238,init.c6fea62b-acae-5ed4-87ef-db4cb928e7e6,SALINE NASAL DROPS 0.9% 10ML,kesses_pharmaceuticals_stock.csv,21.60,
PM07SEV003,PM07SEV003,SEVOFLURANE SOLUTION FOR INHALATION,SEVOFLURANE SOLUTION FOR INHALATION,False,PHARMACEUTICALS,GENERAL ANAESTHETICS,250 ML,16500,239,init.60560b8a-2bbf-4094-9975-e8153338cb03,SEVOFLURANE SOLUTION FOR INHALATION,kesses_pharmaceuticals_stock.csv,19800.00,
PM09REH004,PM09REH004,SILVER ION SOLUTION 0.01% (100ML),SILVER ION SOLUTION 0.01% (100ML),False,PHARMACEUTICALS,NEONATAL MEDICINES,100ml Bottle,3180,240,init.16b0a124-06d7-5d66-b02d-49a7fa8a47e5,SILVER ION SOLUTION 0.01% (100ML),kesses_pharmaceuticals_stock.csv,3816.00,
PM12SLV005,PM12SLV005,SILVER NITRATE SILVER IONS 0.01% W/V,SILVER NITRATE SILVER IONS 0.01% W/V,False,PHARMACEUTICALS,MEDICINES FOR WOUND CARE,250ML BOTTLE,7600,241,init.bf41a833-f5d7-5dac-a530-c23f058b3039,SILVER NITRATE SILVER IONS 0.01% W/V,kesses_pharmaceuticals_stock.csv,9120.00,
PM12SUL004,PM12SUL004,SILVER SULPHADIAZINE CREAM 1% (50G),SILVER SULPHADIAZINE CREAM 1% (50G),False,PHARMACEUTICALS,TOPICAL ANTI-INFECTIVE MEDICINES,50GM TUBE,95,244,init.8e8c16b5-eb3e-4df7-a2a0-5371fbf41024,SILVER SULPHADIAZINE CREAM 1% (50G),kesses_pharmaceuticals_stock.csv,114.00,
PV01SER016,PV01SER016,SNAKE VENOM ANTISERUM (AFRICAN) I.V. INJ. POLYVALENT WITH 10ML WATER FOR INJECTION.,SNAKE VENOM ANTISERUM (AFRICAN) I.V. INJ. POLYVALENT WITH 10ML WATER FOR INJECTION.,False,PHARMACEUTICALS,SERA &IMMUNOGLOBULINS,VIAL,3650,245,init.f569532f-c1c5-51ea-8cd1-912da82ec685,SNAKE VENOM ANTISERUM (AFRICAN) I.V. INJ. POLYVALENT WITH 10ML WATER FOR INJECTION.,kesses_pharmaceuticals_stock.csv,4380.00,
PM09SDU002,PM09SDU002,SODIUM CHLORIDE /NORMAL SALINE SOLUTION  - 0.9%  EURO CAP BOTTLE  *** Tracer ***,SODIUM CHLORIDE /NORMAL SALINE SOLUTION - 0.9% EURO CAP BOTTLE,True,PHARMACEUTICALS,ELECTROLYTES,500ML,62,246,init.e65a019e-4168-5713-88d4-81fed5cf4c9c,SODIUM CHLORIDE /NORMAL SALINE SOLUTION - 0.9% EURO CAP BOTTLE,kesses_pharmaceuticals_stock.csv,0.21,
PM09SDU003,PM09SDU003,SODIUM LACTATE SOLUTION WITH EURO CAP,SODIUM LACTATE SOLUTION WITH EURO CAP,False,PHARMACEUTICALS,ELECTROLYTES,500ML,70,247,init.eaf4fc2e-396f-4fd4-a6ee-011ae667f2ba,SODIUM LACTATE SOLUTION WITH EURO CAP,kesses_pharmaceuticals_stock.csv,66.00,
PM07VAL002,PM07VAL002,SODIUM VALPROATE INJECTION 100MG/ML,SODIUM VALPROATE INJECTION 100MG/ML,False,PHARMACEUTICALS,SEDATIVES/ANXIOLYTICS & ANTICONVULSANTS,4ml Ampoule,1964,248,init.c8d3266b-9fee-4b58-9700-99d9b6675482,SODIUM VALPROATE INJECTION 100MG/ML,kesses_pharmaceuticals_stock.csv,2356.80,
PM07VAL004,PM07VAL004,SODIUM VALPROATE (VALPROIC ACID) TABLETS 500MG SLOW RELEASE-100'S,SODIUM VALPROATE (VALPROIC ACID) TABLETS 500MG SLOW RELEASE-100'S,False,PHARMACEUTICALS,SEDATIVES/ANXIOLYTICS & ANTICONVULSANTS,PACK OF 100S,2800,250,init.3fcd4f03-72dc-5d3d-ab99-713a69f6de2b,SODIUM VALPROATE (VALPROIC ACID) TABLETS 500MG SLOW RELEASE-100'S,kesses_pharmaceuticals_stock.csv,33.60,
PM10SPN001,PM10SPN001,SPIRONOLACTONE 25 MG TABLETS,SPIRONOLACTONE 25 MG TABLETS,False,PHARMACEUTICALS,ANTIHYPERTENSION MEDICINES,PACK OF 100S,280,251,init.1bfe65e2-ab8e-4570-8c66-00f134a406d8,SPIRONOLACTONE 25mg TAB,drugs.csv,1.00,
PM07SUX001,PM07SUX001,SUXAMETHONIUM CHLORIDE INJECTION  *** Tracer ***,SUXAMETHONIUM CHLORIDE INJECTION,True,PHARMACEUTICALS,MUSCLE RELAXANTS,AMPOULE,54,252,init.7cfee709-cce3-4fd7-8882-dbd2fd6a506d,SUXAMETHONIUM CHLORIDE INJECTION,kesses_pharmaceuticals_stock.csv,64.80,
PM08TLM009,PM08TLM009,TACROLIMUS OINTMENT 0.03% (AS MONOHYDRATE) (10G),TACROLIMUS OINTMENT 0.03% (AS MONOHYDRATE) (10G),False,PHARMACEUTICALS,IMMUNO MODULATORS FOR NON MALIGNANT DISEASE,TUBE,317,253,init.61bc0eb1-a56a-5dbf-b2ab-879d91497ea3,TACROLIMUS OINTMENT 0.03% (AS MONOHYDRATE) (10G),kesses_pharmaceuticals_stock.csv,380.40,
PM08TLM010,PM08TLM010,TACROLIMUS OINTMENT 0.1% (AS MONOHYDRATE) (10G),TACROLIMUS OINTMENT 0.1% (AS MONOHYDRATE) (10G),False,PHARMACEUTICALS,IMMUNO MODULATORS FOR NON MALIGNANT DISEASE,TUBE,425,254,init.3afea361-2397-5531-93fa-3591a2bcba60,TACROLIMUS OINTMENT 0.1% (AS MONOHYDRATE) (10G),kesses_pharmaceuticals_stock.csv,510.00,
PM10TAM001,PM10TAM001,TAMSULOSIN HYDROCHLORIDE TABLETS 400MCG,TAMSULOSIN HYDROCHLORIDE TABLETS 400MCG,False,PHARMACEUTICALS,MEDICINES FOR BPH,PACK OF 10,165,255,init.4171ef1e-6c78-4175-ab90-3989490ac06b,TAMSULOSIN HYDROCHLORIDE TABLETS 400MCG,kesses_pharmaceuticals_stock.csv,19.80,
PM06TLM001,PM06TLM001,TELMISARTAN 80MG + HYDROCHLORTHIAZIDE 12.5MG TABLETS,TELMISARTAN 80MG + HYDROCHLORTHIAZIDE 12.5MG TABLETS,False,PHARMACEUTICALS,ANTIHYPERTENSION MEDICINES,PACK OF 30S,482,256,init.27d097cf-1150-5028-b983-62d0c8b3e4e1,TELMISARTAN 80MG + HYDROCHLORTHIAZIDE 12.5MG TABLETS,kesses_pharmaceuticals_stock.csv,19.28,
PM06TLM002,PM06TLM002,TELMISARTAN TABLETS 40MG,TELMISARTAN TABLETS 40MG,False,PHARMACEUTICALS,ANTIHYPERTENSION MEDICINES,PACK OF 30S,75,257,init.211f590c-a14c-5536-a134-164bfdefa86e,TELMISARTAN TABLETS 40MG,kesses_pharmaceuticals_stock.csv,3.00,
PM03TER001,PM03TER001,TERBINAFINE 1% CREAM 15 GM TUBE,TERBINAFINE 1% CREAM 15 GM TUBE,False,PHARMACEUTICALS,ANTIFUNGAL MEDICINES,15 GM,172,258,init.c68acd46-8f26-5005-992e-2cac3570c936,TERBINAFINE 1% CREAM 15 GM TUBE,kesses_pharmaceuticals_stock.csv,206.40,
PM02TER002,PM02TER002,TERBINAFINE TABLET 125MG SCORED,TERBINAFINE TABLET 125MG SCORED,False,PHARMACEUTICALS,ANTIFUNGAL MEDICINES,PACK OF 14s,1555,259,init.f5a0ffa6-7981-4342-9e52-d24267aae3d3,TERBINAFINE TABLET 125MG SCORED,kesses_pharmaceuticals_stock.csv,133.29,
PM07THP001,PM07THP001,THIOPENTONE SODIUM INJECTION - 500MG,THIOPENTONE SODIUM INJECTION - 500MG,False,PHARMACEUTICALS,GENERAL ANAESTHETICS,VIAL,347,261,init.9f5428a4-c7b0-5d9c-988e-99eb9eaafe2f,THIOPENTONE SODIUM INJECTION - 500MG,kesses_pharmaceuticals_stock.csv,416.40,
PM12TML001,PM12TML001,TIMOLOL EYE DROPS 0.5%  5ML,TIMOLOL EYE DROPS 0.5% 5ML,True,PHARMACEUTICALS,"MIOTICS, MYDIATRICS  & ANTIGLAUCOMA MEDICINES",BOTTLE,81,262,init.5b941097-bc29-56fd-97d0-8de02bafdce1,TIMOLOL EYE DROPS 0.5% 5ML,kesses_pharmaceuticals_stock.csv,97.20,
PM03TZL001,PM03TZL001,TINIDAZOLE TABLETS 500MG (F/C),TINIDAZOLE TABLETS 500MG (F/C),False,PHARMACEUTICALS,ANTIPROTOZOAL MEDICINES-ANTIAMOEBICS,Blister pack of 100's,225,263,init.e02dae0f-7033-4a46-96a2-33c44d41bbff,TINIDAZOLE TABLETS 500MG (F/C),kesses_pharmaceuticals_stock.csv,2.70,
PM06TRA001,PM06TRA001,TRANEXAMIC ACID 500MG TABLETS,TRANEXAMIC ACID 500MG TABLETS,False,PHARMACEUTICALS,MEDICINES AFFECTING COAGULATION,PACK OF 30S,520,264,init.a7b98793-d1d0-409a-8b21-ef40f84160c8,TRANEXAMIC ACID 500MG TABLETS,kesses_pharmaceuticals_stock.csv,20.80,
PM06TRA002,PM06TRA002,TRANEXAMIC ACID INJECTION 500MG/5ML,TRANEXAMIC ACID INJECTION 500MG/5ML,False,PHARMACEUTICALS,MEDICINES AFFECTING COAGULATION,AMPOULE,35,265,init.f3f6270f-3df4-4c1f-a370-86d587556c6a,TRANEXAMIC ACID INJECTION 500MG/5ML,kesses_pharmaceuticals_stock.csv,42.00,
PM10TRM001,PM10TRM001,TRIAMCINOLONE ACETONIDE INJECTION (AQ. SUSPENSION) 40MG/1ML,TRIAMCINOLONE ACETONIDE INJECTION (AQ. SUSPENSION) 40MG/1ML,False,PHARMACEUTICALS,ANTI-INFLAMATORY MEDICINES,AMPOULE,147,266,init.da96cc91-406c-5afc-9d8e-0554f56ebe69,TRIAMCINOLONE ACETONIDE INJECTION (AQ. SUSPENSION) 40MG/1ML,kesses_pharmaceuticals_stock.csv,176.40,
PM06TMT001,PM06TMT001,TRIMETAZIDINE TABLET 35MG,TRIMETAZIDINE TABLET 35MG,False,PHARMACEUTICALS,ANTIANGINAL MEDICINES,PACK OF 30S,914,267,init.ba830d37-a5b5-4c15-a14b-57d85f5516a3,TRIMETAZIDINE TABLET 35MG,kesses_pharmaceuticals_stock.csv,36.56,
PM12TPE001,PM12TPE001,TROPICAMIDE + PHENYLEPHRINE EYE DROPS 0.8% + 5% W/V,TROPICAMIDE + PHENYLEPHRINE EYE DROPS 0.8% + 5% W/V,False,PHARMACEUTICALS,OPTHALMIC DIAGNOSTICS,BOTTLE,240,268,init.87332311-b05a-51d6-b251-71b3094010ea,TROPICAMIDE + PHENYLEPHRINE EYE DROPS 0.8% + 5% W/V,kesses_pharmaceuticals_stock.csv,288.00,
PM07VAL001,PM07VAL001,VALPROIC ACID(SODIUM VALPROATE) 200MG  TABLETS,VALPROIC ACID(SODIUM VALPROATE) 200MG TABLETS,True,PHARMACEUTICALS,SEDATIVES/ANXIOLYTICS & ANTICONVULSANTS,PACK OF 100S,1000,269,init.760531b6-98c6-5765-afee-8486c5bde798,VALPROIC ACID(SODIUM VALPROATE) 200MG TABLETS,kesses_pharmaceuticals_stock.csv,12.00,
PM01VCM001,PM01VCM001,VANCOMYCIN INJ.500MG VIAL,VANCOMYCIN INJ.500MG VIAL,False,PHARMACEUTICALS,ANTIBIOTICS & OTHER ANTIBACTERIALS,VIAL,169,270,init.48151daa-2f4d-5f69-9ef7-28e212a640cb,VANCOMYCIN INJ.500MG VIAL,kesses_pharmaceuticals_stock.csv,202.80,
PM06WAR001,PM06WAR001,WARFARIN TABLETS  - 5MG,WARFARIN TABLETS - 5MG,True,PHARMACEUTICALS,MEDICINES AFFECTING COAGULATION,PACK OF 100S,396,271,init.11df65ee-0862-5e86-a30a-bba1f9075ef4,WARFARIN TABLETS - 5MG,kesses_pharmaceuticals_stock.csv,4.75,
PM09WAT001,PM09WAT001,WATER FOR INJECTION,WATER FOR INJECTION,False,PHARMACEUTICALS,ELECTROLYTES,10ML VIAL,6,272,init.be563b0a-82bb-5654-b41f-05ef2e2b0c43,WATER FOR INJECTION,kesses_pharmaceuticals_stock.csv,7.20,
PV01SER015,PV01SER015,YELLOW FEVER VACCINE  INJ  10 DOSES,YELLOW FEVER VACCINE INJ 10 DOSES,True,PHARMACEUTICALS,VACCINES,VIAL,7800,273,init.d2031b47-dfc5-4234-9a90-682b8c094bc2,YELLOW FEVER VACCINE INJ 10 DOSES,kesses_pharmaceuticals_stock.csv,9360.00,
PV01SER006,PV01SER006,YELLOW FEVER VACCINE INJ.  SINGLE DOSE IN PREFILLED SYRINGE,YELLOW FEVER VACCINE INJ. SINGLE DOSE IN PREFILLED SYRINGE,True,PHARMACEUTICALS,VACCINES,Syringe,2400,274,init.59f63297-9709-4ffb-9975-4635b04d96d7,YELLOW FEVER VACCINE INJ. SINGLE DOSE IN PREFILLED SYRINGE,kesses_pharmaceuticals_stock.csv,2880.00,
PM09ZNC001,PM09ZNC001,ZINC SULPHATE TABLETS  - 20MG,ZINC SULPHATE TABLETS - 20MG,True,PHARMACEUTICALS,ELECTROLYTES,PACK OF 100S,95,275,init.dfd2b56b-fd0d-5f4a-9552-53f45f3e3288,ZINC SULPHATE TABLETS - 20MG,kesses_pharmaceuticals_stock.csv,16.29,
PM07ZUC005,PM07ZUC005,ZUCLOPENTHIXOL ACUPHASE INJECTION -100MG/2ML,ZUCLOPENTHIXOL ACUPHASE INJECTION -100MG/2ML,False,PHARMACEUTICALS,MEDICINES FOR PSYCHOTIC DISORDERS,Ampoule,1587,276,init.0ec6e180-3b86-5082-a7d6-dcb590b719d9,ZUCLOPENTHIXOL ACUPHASE INJECTION -100MG/2ML,kesses_pharmaceuticals_stock.csv,1904.40,
PM07ZUC002,PM07ZUC002,ZUCLOPENTHIXOL  DECANOATE INJ( DEPOT) 200MG/ML,ZUCLOPENTHIXOL DECANOATE INJ( DEPOT) 200MG/ML,True,PHARMACEUTICALS,MEDICINES FOR PSYCHOTIC DISORDERS,AMPOULE,1667,277,init.dd0dddb7-0cfb-4a27-8f6c-5ccfd4821608,ZUCLOPENTHIXOL DECANOATE INJ( DEPOT) 200MG/ML,kesses_pharmaceuticals_stock.csv,2000.40,
PM08GSR001,PM08GSR001,GOSERELIN IMPLANT (IN SYRINGE APPLICATOR) 10.8 MG (AS ACETATE) IN A PREFILLED SYRINGE,GOSERELIN IMPLANT (IN SYRINGE APPLICATOR) 10.8 MG (AS ACETATE) IN A PREFILLED SYRINGE,False,ONCOLOGY,HORMONES & ANTIHORMONES,Syringe,17000,331,init.6e71b74c-9885-5bef-b877-6ebc890da5bd,GOSERELIN IMPLANT (IN SYRINGE APPLICATOR) 10.8 MG (AS ACETATE) IN A PREFILLED SYRINGE,kesses_pharmaceuticals_stock.csv,20400.00,
PM08GSR002,PM08GSR002,GOSERELIN INJECTION AS IMPLANT IN SYRINGE APPLICATOR 3.6 MG (AS ACETATE),GOSERELIN INJECTION AS IMPLANT IN SYRINGE APPLICATOR 3.6 MG (AS ACETATE),False,ONCOLOGY,HORMONES & ANTIHORMONES,Syringe,9353,332,init.055282b2-9f66-5ee2-bddb-b75922e8d00a,GOSERELIN INJECTION AS IMPLANT IN SYRINGE APPLICATOR 3.6 MG (AS ACETATE),kesses_pharmaceuticals_stock.csv,11223.60,
PM08NDA002,PM08NDA002,ONDANSETRON INJECTION 2MG/ML 2ML AMPOULE,ONDANSETRON INJECTION 2MG/ML 2ML AMPOULE,False,ONCOLOGY,ANTIEMETICS & MOTILIDES,AMPOULE,20,337,init.9dcd95c4-8d06-5baa-a53b-f46e4454a61c,ONDANSETRON INJECTION 2MG/ML 2ML AMPOULE,kesses_oncology.csv,20.00,
PM08NDA001,PM08NDA001,ONDANSETRON TABLET 4MG (AS HYDROCHLORIDE) AS DISINTEGRATING TABLET,ONDANSETRON TABLET 4MG (AS HYDROCHLORIDE) AS DISINTEGRATING TABLET,False,ONCOLOGY,ANTIEMETICS & MOTILIDES,PACK OF 10,29,338,init.c377f0c4-8f83-5021-88cf-fbee87e84508,ONDANSETRON TABLET 4MG (AS HYDROCHLORIDE) AS DISINTEGRATING TABLET,kesses_oncology.csv,29.00,
PM06HER001,PM06HER001,TRASTUZUMAB PFI 440MG+ VIAL,TRASTUZUMAB PFI 440MG+ VIAL,False,ONCOLOGY,TARGETED THERAPIES,Each,30000,342,init.97e33208-1209-5fe5-893c-56616a894f86,TRASTUZUMAB PFI 440MG+ VIAL,kesses_pharmaceuticals_stock.csv,46464.00,
NL02CNS106,NL02CNS106,ACID CONCENTRATE (HAEMOSAFE),ACID CONCENTRATE (HAEMOSAFE),False,RENAL,CONSUMABLES,5 LITRE JERRICAN,565,346,init.97fb6935-7430-5628-b10b-207eaa013b8a,ACID CONCENTRATE (HAEMOSAFE),kesses_renal.csv,565.00,
NL02CNS104,NL02CNS104,BI-CARBONATE POWDER (750G) CARTRIDGE,BI-CARBONATE POWDER (750G) CARTRIDGE,False,RENAL,CONSUMABLES,cartridge,490,347,init.8c51cb61-44eb-50fd-b5fc-d4463e07a0ce,BI-CARBONATE POWDER (750G) CARTRIDGE,kesses_renal.csv,490.00,
NL02CNS105,NL02CNS105,CITRO PLUS 21% (CITRIC ACIDLACTIC ACIDMALIC ACID (CITROSTERILE),CITRO PLUS 21% (CITRIC ACIDLACTIC ACIDMALIC ACID (CITROSTERILE),False,RENAL,CHEMISTRY REAGENTS,5 LITRE JERRICAN,5715,348,init.ea0cdaa3-31e7-55a1-98c1-50225760a445,CITRO PLUS 21% (CITRIC ACIDLACTIC ACIDMALIC ACID (CITROSTERILE),kesses_renal.csv,5715.00,
NG05MSC026,NG05MSC026,DIALYZERS HIGH  FLUX SURFACE AREA 1.8M2,DIALYZERS HIGH FLUX SURFACE AREA 1.8M2,True,RENAL,SURGICAL TUBES,PIECE,1550,349,init.7edda75c-2ef1-5a25-800d-5e4c7de9d7e5,DIALYZERS HIGH FLUX SURFACE AREA 1.8M2,kesses_renal.csv,1550.00,
NG05MSC027,NG05MSC027,DIALYZERS HIGH  FLUX SURFACE AREA 1.9M2,DIALYZERS HIGH FLUX SURFACE AREA 1.9M2,True,RENAL,SURGICAL TUBES,PIECE,1650,350,init.e85ae7b4-c04d-5fba-a467-cb287cb196a0,DIALYZERS HIGH FLUX SURFACE AREA 1.9M2,kesses_renal.csv,1650.00,
NG05MSC028,NG05MSC028,DIALYZERS HIGH  FLUX SURFACE AREA 2.0M2,DIALYZERS HIGH FLUX SURFACE AREA 2.0M2,True,RENAL,SURGICAL TUBES,PIECE,1650,351,init.bc4b6f3e-87ff-5b7e-a591-fe5e91232858,DIALYZERS HIGH FLUX SURFACE AREA 2.0M2,kesses_renal.csv,1650.00,
NM05TUB064,NM05TUB064,HAEMODIALYSIS TUBING (BLOOD LINE) UNIVERSAL WITH BAG PERCUTOR ART. & VEN. WITH FILTER TRANSDUCER INFUSION & RECIRCULATOR - ADULT,HAEMODIALYSIS TUBING (BLOOD LINE) UNIVERSAL WITH BAG PERCUTOR ART. & VEN. WITH FILTER TRANSDUCER INFUSION & RECIRCULATOR - ADULT,False,RENAL,RENAL TUBES,PIECE,550,352,init.e4943f4b-5ed2-55b3-9e8a-177d0575df72,HAEMODIALYSIS TUBING (BLOOD LINE) UNIVERSAL WITH BAG PERCUTOR ART. & VEN. WITH FILTER TRANSDUCER INFUSION & RECIRCULATOR - ADULT,kesses_renal.csv,550.00,
NM05CAT023,NM05CAT023,LONG TERM /CHRONIC DIAYSIS DUAL LUMEN CATHETER 14.5 *28(23 TIP TO CUFF) TOTAL LENGTH  40CM,LONG TERM /CHRONIC DIAYSIS DUAL LUMEN CATHETER 14.5 *28(23 TIP TO CUFF) TOTAL LENGTH 40CM,True,RENAL,RENAL CATHETERS,PIECE,20000,353,init.876d62d6-32d7-5ed9-97f0-05ab3456d80b,LONG TERM /CHRONIC DIAYSIS DUAL LUMEN CATHETER 14.5 *28(23 TIP TO CUFF) TOTAL LENGTH 40CM,kesses_renal.csv,20000.00,
NG05MSC019,NG05MSC019,PRIMAPORE- SKIN ADHENSIVE FOR RENAL CATHETER SIZE 25'' X 10'' (SMITH & NEPHEW,PRIMAPORE- SKIN ADHENSIVE FOR RENAL CATHETER SIZE 25'' X 10'' (SMITH & NEPHEW,False,RENAL,MEDICAL CONSUMABLES,PIECE,150,354,init.734b86bb-8621-5354-915a-893b0ff312ee,PRIMAPORE- SKIN ADHENSIVE FOR RENAL CATHETER SIZE 25'' X 10'' (SMITH & NEPHEW,kesses_renal.csv,150.00,
NM05CAT002,NM05CAT002,SUB CLAVIAN CATHETER FOR DIALYSIS- 12.0F X 20CM (ACUTE DUAL LUMEN),SUB CLAVIAN CATHETER FOR DIALYSIS- 12.0F X 20CM (ACUTE DUAL LUMEN),False,RENAL,RENAL CATHETERS,PIECE,4500,355,init.81286931-ac58-546f-bd4d-8efcef5aa9ae,SUB CLAVIAN CATHETER FOR DIALYSIS- 12.0F X 20CM (ACUTE DUAL LUMEN),kesses_renal.csv,4500.00,
NM10SYR042,NM10SYR042,20ML  SYRINGE BD BRAND (WITHOUT NEEDLE),20ML SYRINGE BD BRAND (WITHOUT NEEDLE),True,NON-PHARMACEUTICALS,SYRINGES,PIECE,24,359,init.d40a3cf0-ebac-5120-80f0-bc4bde65c1a7,20ML SYRINGE BD BRAND (WITHOUT NEEDLE),kesses_non_pharmaceuticals.csv,24.00,
NM14THE013,NM14THE013,ADHENSIVE SKIN TRACTION KIT ADULT,ADHENSIVE SKIN TRACTION KIT ADULT,False,NON-PHARMACEUTICALS,ORTHOPAEDICS CONSUMABLES,PIECE,1050,360,init.7dcbf157-4f27-50ad-b2ff-2e3caaf3422e,ADHENSIVE SKIN TRACTION KIT ADULT,kesses_non_pharmaceuticals.csv,1050.00,
NG05MSC024,NG05MSC024,ADHENSIVE TAPE SURGICAL POROUSTRANSPARENT 2.5CM X 9.14M,ADHENSIVE TAPE SURGICAL POROUSTRANSPARENT 2.5CM X 9.14M,False,NON-PHARMACEUTICALS,TAPES,PACK OF 10,345,361,init.f671a519-e9de-5e8e-8deb-f1b72be5bb30,ADHENSIVE TAPE SURGICAL POROUSTRANSPARENT 2.5CM X 9.14M,kesses_non_pharmaceuticals.csv,345.00,
NM20RES001,NM20RES001,AIRWAY GUEDEL  - SIZE 0,AIRWAY GUEDEL - SIZE 0,True,NON-PHARMACEUTICALS,AIRWAYS,PIECE,41,362,init.2e4be5c2-d624-5ed7-b8d4-0dfc56577bb0,AIRWAY GUEDEL - SIZE 0,kesses_non_pharmaceuticals.csv,41.00,
NM20RES002,NM20RES002,AIRWAY GUEDEL -  SIZE 00,AIRWAY GUEDEL - SIZE 00,True,NON-PHARMACEUTICALS,AIRWAYS,PIECE,42,363,init.acd6ba1c-ef42-527c-b0c5-d50fa8ee92f7,AIRWAY GUEDEL - SIZE 00,kesses_non_pharmaceuticals.csv,42.00,
NM20RES003,NM20RES003,AIRWAY GUEDEL  - SIZE 1,AIRWAY GUEDEL - SIZE 1,True,NON-PHARMACEUTICALS,AIRWAYS,PIECE,42,364,init.8bb1186a-a243-508d-916e-37d091fa1576,AIRWAY GUEDEL - SIZE 1,kesses_non_pharmaceuticals.csv,42.00,
NM20RES004,NM20RES004,AIRWAY GUEDEL  - SIZE 2,AIRWAY GUEDEL - SIZE 2,True,NON-PHARMACEUTICALS,AIRWAYS,PIECE,42,365,init.ed9b767e-ee65-5fbb-bef8-03aabd2d092c,AIRWAY GUEDEL - SIZE 2,kesses_non_pharmaceuticals.csv,42.00,
NM20RES005,NM20RES005,AIRWAY GUEDEL  - SIZE 3,AIRWAY GUEDEL - SIZE 3,True,NON-PHARMACEUTICALS,AIRWAYS,PIECE,34,366,init.c5efe050-2e9f-51e1-94cf-22959acfc742,AIRWAY GUEDEL - SIZE 3,kesses_non_pharmaceuticals.csv,34.00,
NM20RES006,NM20RES006,AIRWAY GUEDEL - SIZE 4,AIRWAY GUEDEL - SIZE 4,False,NON-PHARMACEUTICALS,AIRWAYS,PIECE,35,367,init.a8e41195-9561-5bc1-ae08-f9f5a7fba55e,AIRWAY GUEDEL - SIZE 4,kesses_non_pharmaceuticals.csv,35.00,
NM20RES016,NM20RES016,AIRWAY GUEDEL - SIZE 5,AIRWAY GUEDEL - SIZE 5,False,NON-PHARMACEUTICALS,AIRWAYS,PIECE,39,368,init.9330706f-4bb6-5617-99c3-da32d8b7f456,AIRWAY GUEDEL - SIZE 5,kesses_non_pharmaceuticals.csv,39.00,
NM20RES017,NM20RES017,AIRWAYS LARYNGEAL MASK NO 2,AIRWAYS LARYNGEAL MASK NO 2,False,NON-PHARMACEUTICALS,AIRWAYS,PIECE,410,369,init.62bd3dcb-07db-5622-9378-3379d082fd5a,AIRWAYS LARYNGEAL MASK NO 2,kesses_non_pharmaceuticals.csv,410.00,
NM20RES019,NM20RES019,AIRWAYS LARYNGEAL MASK NO 3,AIRWAYS LARYNGEAL MASK NO 3,False,NON-PHARMACEUTICALS,AIRWAYS,PIECE,410,370,init.8d43c408-b890-5db6-bdd5-a1a87570d024,AIRWAYS LARYNGEAL MASK NO 3,kesses_non_pharmaceuticals.csv,410.00,
NM12ADH006,NM12ADH006,ALCOHOL PREINJECTION SWABS,ALCOHOL PREINJECTION SWABS,False,NON-PHARMACEUTICALS,SURGICAL DRESSINGS,pack of 200's,173,371,init.7c66930b-fc9e-5e78-8280-88f09de915d3,ALCOHOL PREINJECTION SWABS,kesses_non_pharmaceuticals.csv,173.00,
NM20RES008,NM20RES008,AMBU BAGS  WITH MASKS -  ADULT,AMBU BAGS WITH MASKS - ADULT,True,NON-PHARMACEUTICALS,MASKS,PIECE,3100,372,init.ba04c76e-75c6-5388-86fa-60a08d6941a8,AMBU BAGS WITH MASKS - ADULT,kesses_non_pharmaceuticals.csv,3100.00,
NM20RES009,NM20RES009,AMBU BAGSWITH MASKS -  CHILD,AMBU BAGSWITH MASKS - CHILD,True,NON-PHARMACEUTICALS,MASKS,PIECE,3100,373,init.7d1ece4f-037a-508f-aaa9-fa53063f7d60,AMBU BAGSWITH MASKS - CHILD,kesses_non_pharmaceuticals.csv,3100.00,
NM20RES007,NM20RES007,AMBU BAGS WITH MASKS -  NEONATE,AMBU BAGS WITH MASKS - NEONATE,True,NON-PHARMACEUTICALS,MASKS,PIECE,3100,374,init.afc18113-f158-5a72-8c52-aff25d2ef7c9,AMBU BAGS WITH MASKS - NEONATE,kesses_non_pharmaceuticals.csv,3100.00,
NM01GAU019,NM01GAU019,AMNICOT,AMNICOT,False,NON-PHARMACEUTICALS,MATERNITY SUPPLIES,PIECE,310,375,init.9fc8151b-d96f-545e-bf02-f583d36ce86f,AMNICOT,kesses_non_pharmaceuticals.csv,310.00,
NL01APS002,NL01APS002,APPLICATOR STICKS,APPLICATOR STICKS,False,NON-PHARMACEUTICALS,LABORATORY GENERAL CONSUMMABLES,PACK OF 500S,488,376,init.5934944d-65fc-5b2b-94c3-ecdf5ac75e4c,APPLICATOR STICKS,kesses_non_pharmaceuticals.csv,488.00,
NM01BAN006,NM01BAN006,BANDAGES COTTON CREPE RIDGED/WRINKLED ELASTIC-10CM X 4.5M BP,BANDAGES COTTON CREPE RIDGED/WRINKLED ELASTIC-10CM X 4.5M BP,False,NON-PHARMACEUTICALS,SURGICAL DRESSINGS,ROLL,35,378,init.f1bd95bb-405b-5a15-be01-7cbb25ed6266,BANDAGES COTTON CREPE RIDGED/WRINKLED ELASTIC-10CM X 4.5M BP,kesses_non_pharmaceuticals.csv,35.00,
NM01BAN007,NM01BAN007,BANDAGES COTTON CREPE RIDGED/WRINKLED ELASTIC -15CM X 4.5M BP  *** Tracer ***,BANDAGES COTTON CREPE RIDGED/WRINKLED ELASTIC -15CM X 4.5M BP,True,NON-PHARMACEUTICALS,SURGICAL DRESSINGS,ROLL,75,379,init.62c63133-053e-52f7-b0cc-4bcb502ac55d,BANDAGES COTTON CREPE RIDGED/WRINKLED ELASTIC -15CM X 4.5M BP,kesses_non_pharmaceuticals.csv,75.00,
NM01BAN001,NM01BAN001,BANDAGES  COTTON L/WOVEN  BP- 10CM X 4.5M,BANDAGES COTTON L/WOVEN BP- 10CM X 4.5M,True,NON-PHARMACEUTICALS,SURGICAL DRESSINGS,DOZEN,207,380,init.8d860756-c455-5563-a9de-60133b9b0f0e,BANDAGES COTTON L/WOVEN BP- 10CM X 4.5M,kesses_non_pharmaceuticals.csv,207.00,
NM01BAN003,NM01BAN003,BANDAGES  COTTON  L/WOVEN  BP -  15CM X 4.5M,BANDAGES COTTON L/WOVEN BP - 15CM X 4.5M,True,NON-PHARMACEUTICALS,SURGICAL DRESSINGS,DOZEN,191,381,init.dfb488f3-5ec5-52b1-bcda-5efc00fd1ac3,BANDAGES COTTON L/WOVEN BP - 15CM X 4.5M,kesses_non_pharmaceuticals.csv,191.00,
NM01BAN016,NM01BAN016,BANDAGES COTTON  L/WOVEN  BP - 5CM X 4.5M BP  *** Tracer ***,BANDAGES COTTON L/WOVEN BP - 5CM X 4.5M BP,True,NON-PHARMACEUTICALS,SURGICAL DRESSINGS,DOZEN,216,382,init.5ace3908-0951-5e61-9091-d0d4e2d0c536,BANDAGES COTTON L/WOVEN BP - 5CM X 4.5M BP,kesses_non_pharmaceuticals.csv,216.00,
NM01BAN002,NM01BAN002,BANDAGES  COTTON  L/WOVEN  BP -  7.5CM X 4.5M,BANDAGES COTTON L/WOVEN BP - 7.5CM X 4.5M,True,NON-PHARMACEUTICALS,SURGICAL DRESSINGS,DOZEN,128,383,init.b8cff421-c5ec-50d4-9c5e-5a2f3193dda8,BANDAGES COTTON L/WOVEN BP - 7.5CM X 4.5M,kesses_non_pharmaceuticals.csv,128.00,
NM01BAN005,NM01BAN005,BANDAGES  ELASTIC SKIN ADHESIVE POROUS PLASTER-7.5CMX4.5M BP,BANDAGES ELASTIC SKIN ADHESIVE POROUS PLASTER-7.5CMX4.5M BP,True,NON-PHARMACEUTICALS,SURGICAL DRESSINGS,ROLL,323,384,init.19a3b6a1-0e93-5ad2-b13e-dbc9ddb247b6,BANDAGES ELASTIC SKIN ADHESIVE POROUS PLASTER-7.5CMX4.5M BP,kesses_non_pharmaceuticals.csv,323.00,
NM01BAN004,NM01BAN004,BANDAGES  ELASTIC SKIN ADHESIVE POROUS PLASTER BP-10CMX4.5M,BANDAGES ELASTIC SKIN ADHESIVE POROUS PLASTER BP-10CMX4.5M,True,NON-PHARMACEUTICALS,SURGICAL DRESSINGS,ROLL,323,385,init.cc43b73c-2806-5113-b226-75b6fb8143c9,BANDAGES ELASTIC SKIN ADHESIVE POROUS PLASTER BP-10CMX4.5M,kesses_non_pharmaceuticals.csv,323.00,
NM01BAN042,NM01BAN042,BANDAGES ELASTIC SKIN ADHESIVE POROUS PLASTERS BP - 15CM (6'') X 4.5M,BANDAGES ELASTIC SKIN ADHESIVE POROUS PLASTERS BP - 15CM (6'') X 4.5M,False,NON-PHARMACEUTICALS,SURGICAL DRESSINGS,ROLL,664,386,init.cbcf5a1b-a67d-5d66-91ff-4a57daf937fd,BANDAGES ELASTIC SKIN ADHESIVE POROUS PLASTERS BP - 15CM (6'') X 4.5M,kesses_non_pharmaceuticals.csv,664.00,
NM01PLP020,NM01PLP020,BANDAGES PLASTER OF PARIS - 15 CM X 2.70M  (GYPSONA) S,BANDAGES PLASTER OF PARIS - 15 CM X 2.70M (GYPSONA) S,True,NON-PHARMACEUTICALS,SURGICAL DRESSINGS,PAIR,650,387,init.75ec10e3-b826-5ec2-b7e4-5b4a77b7b29b,BANDAGES PLASTER OF PARIS - 15 CM X 2.70M (GYPSONA) S,kesses_non_pharmaceuticals.csv,650.00,
NM01PLP018,NM01PLP018,BANDAGES PLASTER OF PARIS - 20 CM X 2.70M  (GYPSONA) S,BANDAGES PLASTER OF PARIS - 20 CM X 2.70M (GYPSONA) S,True,NON-PHARMACEUTICALS,SURGICAL DRESSINGS,PAIR,800,388,init.ef3c3ad5-aa4d-5361-a442-6b50d3b507a8,BANDAGES PLASTER OF PARIS - 20 CM X 2.70M (GYPSONA) S,kesses_non_pharmaceuticals.csv,800.00,
NM09SET006,NM09SET006,BLOOD GIVING SETS DOUBLE CHAMBER  *** Tracer ***,BLOOD GIVING SETS DOUBLE CHAMBER,True,NON-PHARMACEUTICALS,ADMINISTRATION SETS,BOX OF 50 PCS,2190,389,init.55e19a40-0878-5535-b1db-671d465e98de,BLOOD GIVING SETS DOUBLE CHAMBER,kesses_non_pharmaceuticals.csv,2190.00,
NM02CAT013,NM02CAT013,CATHETER FOLLEYS' 16FG 30MLS-3WAYS SILICONE COATED,CATHETER FOLLEYS' 16FG 30MLS-3WAYS SILICONE COATED,False,NON-PHARMACEUTICALS,CATHETERS,PIECE,66,390,init.15de26cc-2ff9-5250-b9bf-1624bc89e8e1,CATHETER FOLLEYS' 16FG 30MLS-3WAYS SILICONE COATED,kesses_non_pharmaceuticals.csv,66.00,
NM02CAT014,NM02CAT014,CATHETER FOLLEYS' 18FG 30MLS-3WAYS SILICONE COATED,CATHETER FOLLEYS' 18FG 30MLS-3WAYS SILICONE COATED,False,NON-PHARMACEUTICALS,CATHETERS,PIECE,66,391,init.af514d56-b085-5a3d-b873-08afe2fa62b1,CATHETER FOLLEYS' 18FG 30MLS-3WAYS SILICONE COATED,kesses_non_pharmaceuticals.csv,66.00,
NM02CAT015,NM02CAT015,CATHETER FOLLEYS' 20FG 30MLS-3WAYS (SILICONISED),CATHETER FOLLEYS' 20FG 30MLS-3WAYS (SILICONISED),False,NON-PHARMACEUTICALS,CATHETERS,PIECE,80,392,init.e7c5cdde-3a99-5df3-aecd-84ead1046546,CATHETER FOLLEYS' 20FG 30MLS-3WAYS (SILICONISED),kesses_non_pharmaceuticals.csv,80.00,
NM02CAT004,NM02CAT004,CATHETERS FOLLEY'S 30ML  - SIZE - 12 FG 2 WAY(SILICONE COATED),CATHETERS FOLLEY'S 30ML - SIZE - 12 FG 2 WAY(SILICONE COATED),True,NON-PHARMACEUTICALS,CATHETERS,PIECE,61,393,init.91acc632-703d-5714-8b2d-b5a53c5011c9,CATHETERS FOLLEY'S 30ML - SIZE - 12 FG 2 WAY(SILICONE COATED),kesses_non_pharmaceuticals.csv,61.00,
NM02CAT005,NM02CAT005,CATHETERS FOLLEY'S 30ML  - SIZE - 14 FG 2- WAY SILICONE COATED,CATHETERS FOLLEY'S 30ML - SIZE - 14 FG 2- WAY SILICONE COATED,True,NON-PHARMACEUTICALS,CATHETERS,PIECE,70,394,init.5950c9bd-e091-5651-82ea-2a4e834d1a57,CATHETERS FOLLEY'S 30ML - SIZE - 14 FG 2- WAY SILICONE COATED,kesses_non_pharmaceuticals.csv,70.00,
NM02CAT006,NM02CAT006,CATHETERS FOLLEY'S 30ML  - SIZE - 16 FG  2 WAY (SILICONE COATED)  *** Tracer ***,CATHETERS FOLLEY'S 30ML - SIZE - 16 FG 2 WAY (SILICONE COATED),True,NON-PHARMACEUTICALS,CATHETERS,PIECE,53,395,init.585979ad-8782-5031-9f83-6e633f44075c,CATHETERS FOLLEY'S 30ML - SIZE - 16 FG 2 WAY (SILICONE COATED),kesses_non_pharmaceuticals.csv,53.00,
NM02CAT007,NM02CAT007,CATHETERS FOLLEY'S 30ML  -  SIZE 18 FG 2 WAY(SILICONE COATED)  *** Tracer ***,CATHETERS FOLLEY'S 30ML - SIZE 18 FG 2 WAY(SILICONE COATED),True,NON-PHARMACEUTICALS,CATHETERS,PIECE,53,396,init.fa297548-2ef5-5679-8f8b-11a91dc86979,CATHETERS FOLLEY'S 30ML - SIZE 18 FG 2 WAY(SILICONE COATED),kesses_non_pharmaceuticals.csv,53.00,
NM02CAT002,NM02CAT002,CATHETERS FOLLEY'S 3 - 5ML  - SIZE - 8 FG 2- WAY (SILICONE COATED),CATHETERS FOLLEY'S 3 - 5ML - SIZE - 8 FG 2- WAY (SILICONE COATED),True,NON-PHARMACEUTICALS,CATHETERS,PIECE,75,397,init.929261a3-7795-5fa0-9c1a-31023f26966c,CATHETERS FOLLEY'S 3 - 5ML - SIZE - 8 FG 2- WAY (SILICONE COATED),kesses_non_pharmaceuticals.csv,75.00,
NM02CAT001,NM02CAT001,CATHETERS FOLLEY'S 5ML  - SIZE - 6 FG 2 WAY (SILICON COATED),CATHETERS FOLLEY'S 5ML - SIZE - 6 FG 2 WAY (SILICON COATED),True,NON-PHARMACEUTICALS,CATHETERS,PIECE,86,398,init.0295e900-2fcb-5499-a2ed-a68c3a1949e2,CATHETERS FOLLEY'S 5ML - SIZE - 6 FG 2 WAY (SILICON COATED),kesses_non_pharmaceuticals.csv,86.00,
NM02CAT017,NM02CAT017,CONDOM CATHETERS/ URIDOMS LARGE,CONDOM CATHETERS/ URIDOMS LARGE,False,NON-PHARMACEUTICALS,CATHETERS,PIECE,37,399,init.27f08872-f67b-5ed7-9ae6-57d439f297ef,CONDOM CATHETERS/ URIDOMS LARGE,kesses_non_pharmaceuticals.csv,37.00,
NM02CAT018,NM02CAT018,CONDOM CATHETERS/ URIDOMS MEDIUM,CONDOM CATHETERS/ URIDOMS MEDIUM,False,NON-PHARMACEUTICALS,CATHETERS,PIECE,37,400,init.9a9f99ea-7f21-5b23-b799-e78f0c6f74b5,CONDOM CATHETERS/ URIDOMS MEDIUM,kesses_non_pharmaceuticals.csv,37.00,
NM19MAT006,NM19MAT006,CORD CLAMP(UMBILICAL)  *** Tracer ***,CORD CLAMP(UMBILICAL),True,NON-PHARMACEUTICALS,MATERNITY SUPPLIES,PACK OF 20S,145,401,init.bb9cd101-7aa5-5c13-a4e7-af963b95cd65,CORD CLAMP(UMBILICAL),kesses_non_pharmaceuticals.csv,145.00,
NM01GAU002,NM01GAU002,COTTON GAUZE PLAIN L/WVN ABSORB-91CMX91M 1500G BP  *** Tracer ***,COTTON GAUZE PLAIN L/WVN ABSORB-91CMX91M 1500G BP,True,NON-PHARMACEUTICALS,SURGICAL DRESSINGS,ROLL,1800,402,init.910e7632-5814-5a28-9b4f-6f6c7fb6e61f,COTTON GAUZE PLAIN L/WVN ABSORB-91CMX91M 1500G BP,kesses_non_pharmaceuticals.csv,1800.00,
NM01GAU008,NM01GAU008,COTTON  GAUZE X-RAY DETECTABLE L/WVN ABSORB-36X100 YDS 1500G BP  *** Tracer ***,COTTON GAUZE X-RAY DETECTABLE L/WVN ABSORB-36X100 YDS 1500G BP,True,NON-PHARMACEUTICALS,SURGICAL DRESSINGS,ROLL,1650,403,init.310ee3ac-2991-536c-97aa-d1db9bcce803,COTTON GAUZE X-RAY DETECTABLE L/WVN ABSORB-36X100 YDS 1500G BP,kesses_non_pharmaceuticals.csv,1650.00,
NM01CTW001,NM01CTW001,COTTON WOOL   ABSORB  WHITE -  400 GMS BP  *** Tracer ***,COTTON WOOL ABSORB WHITE - 400 GMS BP,True,NON-PHARMACEUTICALS,SURGICAL DRESSINGS,ROLL,330,404,init.7576ef44-20a9-53a2-8f8f-4d35cd7e2403,COTTON WOOL ABSORB WHITE - 400 GMS BP,kesses_non_pharmaceuticals.csv,330.00,
NE03GEA121,NE03GEA121,COVERALL X-LARGE,COVERALL X-LARGE,False,NON-PHARMACEUTICALS,PROTECTIVE CLOTHING & GEAR,PIECE,1974,405,init.3c573c79-56d3-589b-8121-6f4f467c2c4b,COVERALL X-LARGE,kesses_non_pharmaceuticals.csv,1974.00,
NM12DAP001,NM12DAP001,DIAPERS (EXTRA LARGE) ADULT,DIAPERS (EXTRA LARGE) ADULT,False,NON-PHARMACEUTICALS,ADULT DIAPERS,PACK OF 10,700,407,init.f310443f-d772-5e62-abac-462bca2adc83,DIAPERS (EXTRA LARGE) ADULT,kesses_non_pharmaceuticals.csv,700.00,
NM12DAP002,NM12DAP002,DIAPERS (LARGE) ADULT,DIAPERS (LARGE) ADULT,False,NON-PHARMACEUTICALS,ADULT DIAPERS,PACK OF 10,700,408,init.297aa022-703d-59c3-a586-d7d02bae5ec7,DIAPERS (LARGE) ADULT,kesses_non_pharmaceuticals.csv,700.00,
NM12DAP003,NM12DAP003,DIAPERS (MEDIUM) ADULT,DIAPERS (MEDIUM) ADULT,False,NON-PHARMACEUTICALS,ADULT DIAPERS,PACK OF 10,856,409,init.e8ae69cc-b76b-5b94-aae4-6db03bd72902,DIAPERS (MEDIUM) ADULT,kesses_non_pharmaceuticals.csv,856.00,
NP02ENV002,NP02ENV002,DISPENSING ENVELOPE PLASTIC RESEALABLE (1X1000),DISPENSING ENVELOPE PLASTIC RESEALABLE (1X1000),False,NON-PHARMACEUTICALS,DISPENSING ENVELOPS,PACK,658,410,init.2bcf7b69-0fd7-5165-a313-2600e84ff544,DISPENSING ENVELOPE PLASTIC RESEALABLE (1X1000),kesses_non_pharmaceuticals.csv,658.00,
NM12NED006,NM12NED006,DISPOSABLE NEEDLES G23,DISPOSABLE NEEDLES G23,False,NON-PHARMACEUTICALS,NEEDLES,PACK OF 100S,145,411,init.1757b677-4494-5c50-b6ab-8cdb6745e441,DISPOSABLE NEEDLES G23,kesses_non_pharmaceuticals.csv,145.00,
NM05DJ005,NM05DJ005,DOUBLE J STENT WITH GUIDE WIRE SIZE FR6 X 24CM,DOUBLE J STENT WITH GUIDE WIRE SIZE FR6 X 24CM,False,NON-PHARMACEUTICALS,OPTHALMIC ANTI-INFECTIVE MEDICINES,PIECE,5334,412,init.3d7cec38-6b27-5260-861c-6124b6dbd6f7,DOUBLE J STENT WITH GUIDE WIRE SIZE FR6 X 24CM,kesses_non_pharmaceuticals.csv,5334.00,
NM05DJS001,NM05DJS001,DOUBLE J STENT WITH GUIDE WIRE/STENT POSITIONER 18 X 3FR,DOUBLE J STENT WITH GUIDE WIRE/STENT POSITIONER 18 X 3FR,False,NON-PHARMACEUTICALS,SURGICAL TUBES,PIECE,4750,413,init.ad36e4f9-77e0-54c3-b698-c35c30e92890,DOUBLE J STENT WITH GUIDE WIRE/STENT POSITIONER 18 X 3FR,kesses_non_pharmaceuticals.csv,4750.00,
NM05DJS004,NM05DJS004,DOUBLE J STENT WITH GUIDE WIRE/STENT POSITIONER 20 X 4FR,DOUBLE J STENT WITH GUIDE WIRE/STENT POSITIONER 20 X 4FR,False,NON-PHARMACEUTICALS,SURGICAL TUBES,PIECE,4750,414,init.dfb2105f-7748-52de-9b38-944999511094,DOUBLE J STENT WITH GUIDE WIRE/STENT POSITIONER 20 X 4FR,kesses_non_pharmaceuticals.csv,4750.00,
NM05DJS002,NM05DJS002,DOUBLE J STENT WITH GUIDE WIRE/STENT POSITIONER 26 X 4.7FR,DOUBLE J STENT WITH GUIDE WIRE/STENT POSITIONER 26 X 4.7FR,False,NON-PHARMACEUTICALS,SURGICAL TUBES,PIECE,4750,415,init.69cc7fb5-2eba-5af7-85a9-e7881004f111,DOUBLE J STENT WITH GUIDE WIRE/STENT POSITIONER 26 X 4.7FR,kesses_non_pharmaceuticals.csv,4750.00,
NM01BAN028,NM01BAN028,DRESSING IV CANNULA ADHESIVE-SZ 7CM X 8.5CM,DRESSING IV CANNULA ADHESIVE-SZ 7CM X 8.5CM,False,NON-PHARMACEUTICALS,SURGICAL DRESSINGS,PIECE,18,416,init.fd64125e-5914-5fcd-9b66-a3dfc372db7a,DRESSING IV CANNULA ADHESIVE-SZ 7CM X 8.5CM,kesses_non_pharmaceuticals.csv,18.00,
NM05TUB001,NM05TUB001,ENDOTRACHEAL   CUFFED TUBE   -  SIZE 5.5,ENDOTRACHEAL CUFFED TUBE - SIZE 5.5,True,NON-PHARMACEUTICALS,SURGICAL TUBES,PIECE,68,417,init.a2a2bc60-5325-5c68-be23-0be6f9911ba3,ENDOTRACHEAL CUFFED TUBE - SIZE 5.5,kesses_non_pharmaceuticals.csv,68.00,
NM05TUB003,NM05TUB003,ENDOTRACHEAL   CUFFED TUBE  - SIZE 6.5,ENDOTRACHEAL CUFFED TUBE - SIZE 6.5,True,NON-PHARMACEUTICALS,SURGICAL TUBES,PIECE,68,418,init.e9d67d23-3687-5f22-beed-ba517b02a294,ENDOTRACHEAL CUFFED TUBE - SIZE 6.5,kesses_non_pharmaceuticals.csv,68.00,
NM05TUB004,NM05TUB004,ENDOTRACHEAL   CUFFED TUBE    - SIZE 7.0,ENDOTRACHEAL CUFFED TUBE - SIZE 7.0,True,NON-PHARMACEUTICALS,SURGICAL TUBES,PIECE,68,419,init.95398103-70e9-5e2b-86ac-928be6dd364d,ENDOTRACHEAL CUFFED TUBE - SIZE 7.0,kesses_non_pharmaceuticals.csv,68.00,
NM05TUB005,NM05TUB005,ENDOTRACHEAL   CUFFED TUBE  - SIZE 7.5,ENDOTRACHEAL CUFFED TUBE - SIZE 7.5,True,NON-PHARMACEUTICALS,SURGICAL TUBES,PIECE,68,420,init.8da1fde1-1264-5a93-97d7-09383ffb1998,ENDOTRACHEAL CUFFED TUBE - SIZE 7.5,kesses_non_pharmaceuticals.csv,68.00,
NM05TUB006,NM05TUB006,ENDOTRACHEAL   CUFFED TUBE  - SIZE 8.0,ENDOTRACHEAL CUFFED TUBE - SIZE 8.0,True,NON-PHARMACEUTICALS,SURGICAL TUBES,PIECE,68,421,init.c68b8714-4253-5471-b1a7-ac679b1bdd05,ENDOTRACHEAL CUFFED TUBE - SIZE 8.0,kesses_non_pharmaceuticals.csv,68.00,
NM05TUB043,NM05TUB043,ENDOTRACHEAL TUBE CUFFED SIZE 3.5MM,ENDOTRACHEAL TUBE CUFFED SIZE 3.5MM,False,NON-PHARMACEUTICALS,SURGICAL TUBES,PIECE,68,422,init.a0d12782-9f27-5430-be36-07a3b325844c,ENDOTRACHEAL TUBE CUFFED SIZE 3.5MM,kesses_non_pharmaceuticals.csv,68.00,
NM05TUB044,NM05TUB044,ENDOTRACHEAL TUBE CUFFED SIZE 4.5MM,ENDOTRACHEAL TUBE CUFFED SIZE 4.5MM,False,NON-PHARMACEUTICALS,SURGICAL TUBES,PIECE,180,423,init.6704cf1c-f068-59f7-a331-f7d5ec459378,ENDOTRACHEAL TUBE CUFFED SIZE 4.5MM,kesses_non_pharmaceuticals.csv,180.00,
NM05TUB047,NM05TUB047,ENDOTRACHEAL TUBE SIZE 5.0 CUFFED,ENDOTRACHEAL TUBE SIZE 5.0 CUFFED,False,NON-PHARMACEUTICALS,SURGICAL TUBES,PIECE,68,424,init.ef67e125-71ea-5975-9d09-b9b47b7e51cd,ENDOTRACHEAL TUBE SIZE 5.0 CUFFED,kesses_non_pharmaceuticals.csv,68.00,
NM05TUB008,NM05TUB008,ENDOTRACHEAL  TUBE  UNCUFFED -  SIZE 3.0MM,ENDOTRACHEAL TUBE UNCUFFED - SIZE 3.0MM,True,NON-PHARMACEUTICALS,SURGICAL TUBES,PIECE,68,425,init.25d0f771-690b-5ce2-b1f9-296df18e1c03,ENDOTRACHEAL TUBE UNCUFFED - SIZE 3.0MM,kesses_non_pharmaceuticals.csv,68.00,
NM05TUB009,NM05TUB009,ENDOTRACHEAL  TUBE  UNCUFFED -  SIZE 3.5MM,ENDOTRACHEAL TUBE UNCUFFED - SIZE 3.5MM,True,NON-PHARMACEUTICALS,SURGICAL TUBES,PIECE,68,426,init.95737e5f-b0c8-57b9-8121-46eb154f3fd6,ENDOTRACHEAL TUBE UNCUFFED - SIZE 3.5MM,kesses_non_pharmaceuticals.csv,68.00,
NM05TUB011,NM05TUB011,ENDOTRACHEAL  TUBE  UNCUFFED  - SIZE 4.5MM,ENDOTRACHEAL TUBE UNCUFFED - SIZE 4.5MM,True,NON-PHARMACEUTICALS,SURGICAL TUBES,PIECE,68,427,init.42957cfd-d190-52b7-b911-7a3035214009,ENDOTRACHEAL TUBE UNCUFFED - SIZE 4.5MM,kesses_non_pharmaceuticals.csv,68.00,
NM05TUB015,NM05TUB015,FEEDING TUBES  - SIZE 10 FG,FEEDING TUBES - SIZE 10 FG,True,NON-PHARMACEUTICALS,SURGICAL TUBES,PIECE,20,428,init.0f8cee7f-581b-5064-b01e-35b93b68731a,FEEDING TUBES - SIZE 10 FG,kesses_non_pharmaceuticals.csv,20.00,
NM05TUB016,NM05TUB016,FEEDING TUBES  - SIZE 12 FG,FEEDING TUBES - SIZE 12 FG,True,NON-PHARMACEUTICALS,SURGICAL TUBES,PIECE,27,429,init.e31eaacf-de64-5616-831c-b7f2351b41fd,FEEDING TUBES - SIZE 12 FG,kesses_non_pharmaceuticals.csv,27.00,
NM05TUB017,NM05TUB017,FEEDING TUBES  - SIZE14 FG,FEEDING TUBES - SIZE14 FG,True,NON-PHARMACEUTICALS,SURGICAL TUBES,PIECE,20,430,init.5637bf38-c8c2-5730-bc63-6ed6b4fb5216,FEEDING TUBES - SIZE14 FG,kesses_non_pharmaceuticals.csv,20.00,
NM05TUB018,NM05TUB018,FEEDING TUBES  - SIZE 16 FG,FEEDING TUBES - SIZE 16 FG,True,NON-PHARMACEUTICALS,SURGICAL TUBES,PIECE,22,431,init.173a9fe5-cf9e-5102-be9a-25f1922d4900,FEEDING TUBES - SIZE 16 FG,kesses_non_pharmaceuticals.csv,22.00,
NM05TUB019,NM05TUB019,FEEDING TUBES  - SIZE 18 FG,FEEDING TUBES - SIZE 18 FG,True,NON-PHARMACEUTICALS,SURGICAL TUBES,PIECE,24,432,init.0ca2642d-6651-5b4f-9197-fe7dcb9c5e93,FEEDING TUBES - SIZE 18 FG,kesses_non_pharmaceuticals.csv,24.00,
NM05TUB020,NM05TUB020,FEEDING TUBES  - SIZE 20 FG,FEEDING TUBES - SIZE 20 FG,True,NON-PHARMACEUTICALS,SURGICAL TUBES,PIECE,45,433,init.47a19586-8178-56b2-ba64-0a13eadfd170,FEEDING TUBES - SIZE 20 FG,kesses_non_pharmaceuticals.csv,45.00,
NM05TUB014,NM05TUB014,FEEDING TUBES   - SIZE 4 FG,FEEDING TUBES - SIZE 4 FG,True,NON-PHARMACEUTICALS,SURGICAL TUBES,PIECE,20,434,init.ba25c0da-6c12-5a5e-97f8-ba974b5606cf,FEEDING TUBES - SIZE 4 FG,kesses_non_pharmaceuticals.csv,20.00,
NM05TUB023,NM05TUB023,FEEDING TUBES  - SIZE 6 FG  *** Tracer ***,FEEDING TUBES - SIZE 6 FG,True,NON-PHARMACEUTICALS,SURGICAL TUBES,PIECE,19,435,init.ec652c64-ab7e-5e33-a3c2-e44fd0a9332a,FEEDING TUBES - SIZE 6 FG,kesses_non_pharmaceuticals.csv,19.00,
NM05TUB022,NM05TUB022,FEEDING TUBES  - SIZE 8 FG,FEEDING TUBES - SIZE 8 FG,True,NON-PHARMACEUTICALS,SURGICAL TUBES,PIECE,19,436,init.dba6f05d-0823-50e5-8375-d1e3b812e3e7,FEEDING TUBES - SIZE 8 FG,kesses_non_pharmaceuticals.csv,19.00,
NM01GAU007,NM01GAU007,GAUZE  SWABS DRESSING 12 PLY 10CM X 10CM STERILE,GAUZE SWABS DRESSING 12 PLY 10CM X 10CM STERILE,True,NON-PHARMACEUTICALS,SURGICAL DRESSINGS,PACK OF 25S,227,437,init.6d832b10-4cc0-505d-8ef7-7e885218dbc6,GAUZE SWABS DRESSING 12 PLY 10CM X 10CM STERILE,kesses_non_pharmaceuticals.csv,227.00,
NM07GLV010,NM07GLV010,GLOVES GYNAECOLOGICAL SIZE 7.5'' STERILE  *** Tracer ***,GLOVES GYNAECOLOGICAL SIZE 7.5'' STERILE,True,NON-PHARMACEUTICALS,GLOVES,PACK OF 50 PAIR,4250,438,init.83c93ad1-be2f-53ad-92ff-64c6370a9073,GLOVES GYNAECOLOGICAL SIZE 7.5'' STERILE,kesses_non_pharmaceuticals.csv,4250.00,
NM07GLV001,NM07GLV001,GLOVES LATEX EXAMINATION DISPOSABLE MEDIUM  *** Tracer ***,GLOVES LATEX EXAMINATION DISPOSABLE MEDIUM,True,NON-PHARMACEUTICALS,GLOVES,PACK OF 50 PAIR,410,439,init.08360f89-1dbd-521d-8900-488338e42018,GLOVES LATEX EXAMINATION DISPOSABLE MEDIUM,kesses_non_pharmaceuticals.csv,410.00,
NM07GLV005,NM07GLV005,GLOVES  SURGEON -  SIZE 7.0  STERILE,GLOVES SURGEON - SIZE 7.0 STERILE,True,NON-PHARMACEUTICALS,GLOVES,PACK OF 50 PAIR,1750,440,init.f184dfb9-598b-572e-a660-bc259be851b1,GLOVES SURGEON - SIZE 7.0 STERILE,kesses_non_pharmaceuticals.csv,1750.00,
NM07GLV026,NM07GLV026,GLOVES  SURGEON -  SIZE 7.5  STERILE (POWDER FREE),GLOVES SURGEON - SIZE 7.5 STERILE (POWDER FREE),True,NON-PHARMACEUTICALS,GLOVES,PACK OF 50 PAIR,1900,442,init.ba1879eb-ad2f-510d-a58b-a08c7c9c79fb,GLOVES SURGEON - SIZE 7.5 STERILE (POWDER FREE),kesses_non_pharmaceuticals.csv,1900.00,
NM07GLV007,NM07GLV007,GLOVES  SURGEON -  SIZE 8.0  STERILE,GLOVES SURGEON - SIZE 8.0 STERILE,True,NON-PHARMACEUTICALS,GLOVES,PACK OF 50 PAIR,1750,443,init.495f2a30-01e1-507e-9e68-9107d4676bcf,GLOVES SURGEON - SIZE 8.0 STERILE,kesses_non_pharmaceuticals.csv,1750.00,
NM09SET014,NM09SET014,HEMAFUSE-AUTO TRANSFUSION DEVICE (COMPLETE UNIT WITH ACCESSORIES),HEMAFUSE-AUTO TRANSFUSION DEVICE (COMPLETE UNIT WITH ACCESSORIES),False,NON-PHARMACEUTICALS,ADMINISTRATION SETS,PACK X 25S,482000,444,init.585d6ecf-c9e4-56c7-bb39-878d18a9b826,HEMAFUSE-AUTO TRANSFUSION DEVICE (COMPLETE UNIT WITH ACCESSORIES),kesses_non_pharmaceuticals.csv,482000.00,
NM19MAT004,NM19MAT004,IDENTIFICATION  BAND - ADULT,IDENTIFICATION BAND - ADULT,True,NON-PHARMACEUTICALS,MATERNITY SUPPLIES,PIECE,19,445,init.0ca29d44-f5b5-55d5-b989-550bcea640d5,IDENTIFICATION BAND - ADULT,kesses_non_pharmaceuticals.csv,19.00,
NM19MAT002,NM19MAT002,IDENTIFICATION BAND - BABY,IDENTIFICATION BAND - BABY,False,NON-PHARMACEUTICALS,MATERNITY SUPPLIES,PIECE,16,446,init.d61859f0-fdb8-57c6-b086-b435cc396c63,IDENTIFICATION BAND - BABY,kesses_non_pharmaceuticals.csv,16.00,
NM09SET001,NM09SET001,INFUSION GIVING SETS  WITH AIR INLET  *** Tracer ***,INFUSION GIVING SETS WITH AIR INLET,True,NON-PHARMACEUTICALS,ADMINISTRATION SETS,BOX OF 10S,190,447,init.990950f7-16b8-54dc-8d1c-a7762c421370,INFUSION GIVING SETS WITH AIR INLET,kesses_non_pharmaceuticals.csv,190.00,
NM20RES031,NM20RES031,INHALATION SPACER(FOR 2 YEARS AND ABOVE),INHALATION SPACER(FOR 2 YEARS AND ABOVE),False,NON-PHARMACEUTICALS,MEDICAL CONSUMABLES,PIECE,1400,448,init.499dcc91-1b15-5be4-953c-40d1a2fcf966,INHALATION SPACER(FOR 2 YEARS AND ABOVE),kesses_non_pharmaceuticals.csv,1400.00,
NM10SYR041,NM10SYR041,INSULIN SYRINGES (100) 1ML WITH NEEDLE G31 X 6MM,INSULIN SYRINGES (100) 1ML WITH NEEDLE G31 X 6MM,False,NON-PHARMACEUTICALS,SYRINGES,PACK OF 100S,2000,449,init.166d2d4f-5a3e-5d07-a57e-39cc86ec673e,INSULIN SYRINGES (100) 1ML WITH NEEDLE G31 X 6MM,kesses_non_pharmaceuticals.csv,2000.00,
NM05TUB024,NM05TUB024,INTERCOSTAL DRAINAGE TUBES -  SIZE 28 FG,INTERCOSTAL DRAINAGE TUBES - SIZE 28 FG,True,NON-PHARMACEUTICALS,SURGICAL TUBES,PIECE,420,450,init.28b23168-3be7-5a59-8fe7-02a3e619af5e,INTERCOSTAL DRAINAGE TUBES - SIZE 28 FG,kesses_non_pharmaceuticals.csv,420.00,
NM05TUB025,NM05TUB025,INTERCOSTAL DRAINAGE TUBES -  SIZE 32 FG,INTERCOSTAL DRAINAGE TUBES - SIZE 32 FG,True,NON-PHARMACEUTICALS,SURGICAL TUBES,PIECE,460,451,init.f8028bbd-1c0b-584e-a3ed-077791d7a453,INTERCOSTAL DRAINAGE TUBES - SIZE 32 FG,kesses_non_pharmaceuticals.csv,460.00,
NM05TUB063,NM05TUB063,INTERCOSTAL DRAINAGE  TUBE WITH TROCAR SIZE SIZE 28FG,INTERCOSTAL DRAINAGE TUBE WITH TROCAR SIZE SIZE 28FG,True,NON-PHARMACEUTICALS,SURGICAL TUBES,PIECE,429,452,init.4af2a649-8b78-5f43-b49d-e214cffbd386,INTERCOSTAL DRAINAGE TUBE WITH TROCAR SIZE SIZE 28FG,kesses_non_pharmaceuticals.csv,429.00,
NM08CAN007,NM08CAN007,I.V. CANNULAES - 16G,I.V. CANNULAES - 16G,False,NON-PHARMACEUTICALS,CANNULAS,PIECE,20,453,init.078dd09f-49fb-5ea2-a507-4a9f1edbb669,I.V. CANNULAES - 16G,kesses_non_pharmaceuticals.csv,20.00,
NM08CAN002,NM08CAN002,I.V. CANNULAES - 18G  *** Tracer ***,I.V. CANNULAES - 18G,True,NON-PHARMACEUTICALS,CANNULAS,PIECE,20,454,init.5b3455f4-b520-5d24-b127-fb1b57246fe5,I.V. CANNULAES - 18G,kesses_non_pharmaceuticals.csv,20.00,
NM08CAN003,NM08CAN003,I.V. CANNULAES - 20G  *** Tracer ***,I.V. CANNULAES - 20G,True,NON-PHARMACEUTICALS,CANNULAS,PIECE,20,455,init.2feda0ea-de21-53c4-947d-6bea8daf6c51,I.V. CANNULAES - 20G,kesses_non_pharmaceuticals.csv,20.00,
NM08CAN004,NM08CAN004,I.V. CANNULAES  - 22G,I.V. CANNULAES - 22G,True,NON-PHARMACEUTICALS,CANNULAS,PIECE,20,456,init.78afa8e7-40ca-5a20-94d0-8752c00aeb6d,I.V. CANNULAES - 22G,kesses_non_pharmaceuticals.csv,20.00,
NM08CAN005,NM08CAN005,I.V. CANNULAES - 24G  *** Tracer ***,I.V. CANNULAES - 24G,True,NON-PHARMACEUTICALS,CANNULAS,PIECE,21,457,init.ab5120e0-e05f-51ce-a1c1-76c37e0f737e,I.V. CANNULAES - 24G,kesses_non_pharmaceuticals.csv,21.00,
NM08CAN006,NM08CAN006,I.V. CANNULAES - 26G,I.V. CANNULAES - 26G,False,NON-PHARMACEUTICALS,CANNULAS,PIECE,20,458,init.85591234-6ff2-5ec1-b7eb-c1d85beb57d1,I.V. CANNULAES - 26G,kesses_non_pharmaceuticals.csv,20.00,
EG04GEN085,EG04GEN085,KERATOME KNIVES,KERATOME KNIVES,False,NON-PHARMACEUTICALS,GENERAL CATEGORY,PIECE,190,459,init.43cbdecd-df62-52c4-913f-2bbe16ddde46,KERATOME KNIVES,kesses_non_pharmaceuticals.csv,190.00,
NM19MAT005,NM19MAT005,MATERNITY PADS (TOWELS)  *** Tracer ***,MATERNITY PADS (TOWELS),True,NON-PHARMACEUTICALS,MATERNITY SUPPLIES,PACK X 10S,151,460,init.57d2fd98-f830-577c-bebc-5e74c2784d69,MATERNITY PADS (TOWELS),kesses_non_pharmaceuticals.csv,115.00,
NU04MAT001,NU04MAT001,MATTRESSES HOSPITAL BED,MATTRESSES HOSPITAL BED,False,NON-PHARMACEUTICALS,WARD FURNITURE,PIECE,16200,461,init.af3f862a-d2a5-560d-a2e8-e01d31966a43,MATTRESSES HOSPITAL BED,kesses_non_pharmaceuticals.csv,16200.00,
NG05MSC012,NG05MSC012,MEASURING SPOON DOUBLE SIDED (2.5/5ML),MEASURING SPOON DOUBLE SIDED (2.5/5ML),False,NON-PHARMACEUTICALS,CONSUMABLES,pack of 200's,230,462,init.9c2c937b-41c6-5b72-87f1-e2535fcfbb3c,MEASURING SPOON DOUBLE SIDED (2.5/5ML),kesses_non_pharmaceuticals.csv,230.00,
EM12SUR059,EM12SUR059,METALLIC VAGINAL SPECULUM CUSCO LARGE MEDIUM AND SMALL,METALLIC VAGINAL SPECULUM CUSCO LARGE MEDIUM AND SMALL,False,NON-PHARMACEUTICALS,THEATRE SURGICAL,SET OF 3,1860,463,init.688fe11f-48b9-5a02-9370-79ea1b241596,METALLIC VAGINAL SPECULUM CUSCO LARGE MEDIUM AND SMALL,kesses_non_pharmaceuticals.csv,1860.00,
NM18TAP010,NM18TAP010,MICROPORE TAPE 2.5CM X 9.14M,MICROPORE TAPE 2.5CM X 9.14M,False,NON-PHARMACEUTICALS,SURGICAL DRESSINGS,PIECE,157,464,init.01343bde-59ec-5f02-87cd-64c62b009620,MICROPORE TAPE 2.5CM X 9.14M,kesses_non_pharmaceuticals.csv,157.00,
NM18TAP007,NM18TAP007,MICROPORE TAPE ADHESIVE 7.5CM X 4.5M,MICROPORE TAPE ADHESIVE 7.5CM X 4.5M,False,NON-PHARMACEUTICALS,SURGICAL DRESSINGS,PIECE,83,465,init.4aed7c5b-7f3c-5331-a688-1ea011c843d6,MICROPORE TAPE ADHESIVE 7.5CM X 4.5M,kesses_non_pharmaceuticals.csv,83.00,
NM18TAP002,NM18TAP002,MICROPORE TAPE SIZE -  2.3CM X9.14M,MICROPORE TAPE SIZE - 2.3CM X9.14M,True,NON-PHARMACEUTICALS,SURGICAL DRESSINGS,ROLL,25,466,init.cdf4a448-9c21-547d-9feb-1951fed70e82,MICROPORE TAPE SIZE - 2.3CM X9.14M,kesses_non_pharmaceuticals.csv,25.00,
NM18TAP025,NM18TAP025,MICROPORE TAPE SIZE- 2.3CM X 9.14M,MICROPORE TAPE SIZE- 2.3CM X 9.14M,False,NON-PHARMACEUTICALS,TAPES,ROLL,44,467,init.90ab1967-1dab-5dc8-9968-3b3718fec9cd,MICROPORE TAPE SIZE- 2.3CM X 9.14M,kesses_non_pharmaceuticals.csv,44.00,
NM18TAP011,NM18TAP011,MID UPPER ARM CIRCUMFERENCE TAPE (MUAC) ADULT,MID UPPER ARM CIRCUMFERENCE TAPE (MUAC) ADULT,False,NON-PHARMACEUTICALS,TAPES,PIECE,77,468,init.6b3c1086-dd26-5b80-98d6-4cea0b0ca527,MID UPPER ARM CIRCUMFERENCE TAPE (MUAC) ADULT,kesses_non_pharmaceuticals.csv,77.00,
NM20RES011,NM20RES011,NASAL PRONGS FOR OXYGEN DELIVERY -  ADULT  SIZE  *** Tracer ***,NASAL PRONGS FOR OXYGEN DELIVERY - ADULT SIZE,True,NON-PHARMACEUTICALS,RESUSCITARE,PIECE,61,469,init.3b334aae-84f6-5a75-9379-df04051901f0,NASAL PRONGS FOR OXYGEN DELIVERY - ADULT SIZE,kesses_non_pharmaceuticals.csv,61.00,
NM20RES026,NM20RES026,NASAL PRONGS FOR OXYGEN DELIVERY -  NEONATAL  SIZE,NASAL PRONGS FOR OXYGEN DELIVERY - NEONATAL SIZE,True,NON-PHARMACEUTICALS,RESUSCITARE,PIECE,61,470,init.ef572b09-48dd-55d9-b43f-46cf4416e854,NASAL PRONGS FOR OXYGEN DELIVERY - NEONATAL SIZE,kesses_non_pharmaceuticals.csv,61.00,
NM20RES010,NM20RES010,NASAL PRONGS FOR OXYGEN DELIVERY - PAED SIZE  *** Tracer ***,NASAL PRONGS FOR OXYGEN DELIVERY - PAED SIZE,True,NON-PHARMACEUTICALS,RESUSCITARE,PIECE,61,471,init.90dba756-f142-58de-8c59-fdabea232d6e,NASAL PRONGS FOR OXYGEN DELIVERY - PAED SIZE,kesses_non_pharmaceuticals.csv,61.00,
NM20RES024,NM20RES024,NEBULIZING KITS ADULT,NEBULIZING KITS ADULT,False,NON-PHARMACEUTICALS,RESUSCITARE,PCS,144,472,init.79188edf-e758-5135-a435-4ce92eab8101,NEBULIZING KITS ADULT,kesses_non_pharmaceuticals.csv,144.00,
NM20RES025,NM20RES025,NEBULIZING KITS PAEDIATRIC,NEBULIZING KITS PAEDIATRIC,False,NON-PHARMACEUTICALS,RESUSCITARE,PCS,144,473,init.40292021-9e12-5a6a-9846-d2c0c6044767,NEBULIZING KITS PAEDIATRIC,kesses_non_pharmaceuticals.csv,144.00,
NM12NED014,NM12NED014,NEEDLES DISPOSABE G21,NEEDLES DISPOSABE G21,False,NON-PHARMACEUTICALS,NEEDLES,PACK OF 100S,144,474,init.e8b7d593-0e4e-520f-a22f-53745d8b4784,NEEDLES DISPOSABE G21,kesses_non_pharmaceuticals.csv,144.00,
NM02CAT016,NM02CAT016,NELATON  CATHETER FG14ONE WAY,NELATON CATHETER FG14ONE WAY,True,NON-PHARMACEUTICALS,SURGICAL TUBES,PIECE,36,475,init.2e51f801-7f02-5c1c-80ac-feac2e9f456a,NELATON CATHETER FG14ONE WAY,kesses_non_pharmaceuticals.csv,36.00,
NM20RES027,NM20RES027,NON BREATHER MASKS ADULT,NON BREATHER MASKS ADULT,False,NON-PHARMACEUTICALS,MASKS,PIECE,147,476,init.f57b285b-b6c3-538e-847a-aafef1a1bfee,NON BREATHER MASKS ADULT,kesses_non_pharmaceuticals.csv,147.00,
NM20RES028,NM20RES028,NON BREATHER MASKS PAEDIATRIC,NON BREATHER MASKS PAEDIATRIC,False,NON-PHARMACEUTICALS,MASKS,PIECE,148,477,init.956a7ac4-9684-5bc3-b82f-c98c30ea870d,NON BREATHER MASKS PAEDIATRIC,kesses_non_pharmaceuticals.csv,148.00,
NM01BAN025,NM01BAN025,"ORTHOPAEDIC /UNDERCAST PADDING (3"") 7.5CM X 2.7 -3M (SOFT BANDAGE)","ORTHOPAEDIC /UNDERCAST PADDING (3"") 7.5CM X 2.7 -3M (SOFT BANDAGE)",False,NON-PHARMACEUTICALS,SURGICAL DRESSINGS,DOZEN,480,478,init.7cb69ba3-88ac-5e43-9e38-74fe136a5bc3,"ORTHOPAEDIC /UNDERCAST PADDING (3"") 7.5CM X 2.7 -3M (SOFT BANDAGE)",kesses_non_pharmaceuticals.csv,480.00,
NM01BAN020,NM01BAN020,"ORTHOPAEDIC/UNDERCAST PADDING (4"") 10CM*2.7M (SOFT BANDAGE)","ORTHOPAEDIC/UNDERCAST PADDING (4"") 10CM*2.7M (SOFT BANDAGE)",False,NON-PHARMACEUTICALS,SURGICAL DRESSINGS,DOZEN,630,479,init.2455329c-9151-58e3-a4e8-b76cabd56fcd,"ORTHOPAEDIC/UNDERCAST PADDING (4"") 10CM*2.7M (SOFT BANDAGE)",kesses_non_pharmaceuticals.csv,630.00,
NM01BAN024,NM01BAN024,"ORTHOPAEDIC /UNDERCAST PADDING (6"") 15CM X 2.7-3M (SOFT BANDAGE)","ORTHOPAEDIC /UNDERCAST PADDING (6"") 15CM X 2.7-3M (SOFT BANDAGE)",False,NON-PHARMACEUTICALS,SURGICAL DRESSINGS,DOZEN,815,480,init.9830d9cd-7056-51c7-8714-eb21217ad13d,"ORTHOPAEDIC /UNDERCAST PADDING (6"") 15CM X 2.7-3M (SOFT BANDAGE)",kesses_non_pharmaceuticals.csv,815.00,
NM01BAN018,NM01BAN018,"ORTHOPAEDIC /UNDERCAST PADDING (8"") 20CM*2.7M (SOFT BANDAGE)","ORTHOPAEDIC /UNDERCAST PADDING (8"") 20CM*2.7M (SOFT BANDAGE)",False,NON-PHARMACEUTICALS,SURGICAL DRESSINGS,DOZEN,1500,481,init.bd49f9d4-4b8b-5af3-a3a6-d108c96d8a26,"ORTHOPAEDIC /UNDERCAST PADDING (8"") 20CM*2.7M (SOFT BANDAGE)",kesses_non_pharmaceuticals.csv,1500.00,
EM10XYM004,EM10XYM004,OXYGEN MASK WITH STRAP -  ADULT,OXYGEN MASK WITH STRAP - ADULT,True,NON-PHARMACEUTICALS,RESUSCITATION EQP,PIECE,71,482,init.51620f2e-9a4c-55cf-88b3-0e941ba00747,OXYGEN MASK WITH STRAP - ADULT,kesses_non_pharmaceuticals.csv,71.00,
NM20RES012,NM20RES012,OXYGEN MASKWITH STRAP -  CHILD SIZE,OXYGEN MASKWITH STRAP - CHILD SIZE,True,NON-PHARMACEUTICALS,MASKS,PIECE,71,483,init.20520712-37a4-56c2-88d3-17948e3efd6b,OXYGEN MASKWITH STRAP - CHILD SIZE,kesses_non_pharmaceuticals.csv,71.00,
NM20RES013,NM20RES013,OXYGEN MASK WITH STRAP -  NEONATE SIZE,OXYGEN MASK WITH STRAP - NEONATE SIZE,True,NON-PHARMACEUTICALS,MASKS,PIECE,80,484,init.89119928-ca0b-51ba-a74a-7ec923bf5a8b,OXYGEN MASK WITH STRAP - NEONATE SIZE,kesses_non_pharmaceuticals.csv,80.00,
NM01GAU001,NM01GAU001,PARAFFIN GAUZE DRESSING 10CM X 10CM,PARAFFIN GAUZE DRESSING 10CM X 10CM,False,NON-PHARMACEUTICALS,SURGICAL DRESSINGS,PACKS OF 10S,178,485,init.de63e803-fdbd-5c4e-9989-ae656f770b6b,PARAFFIN GAUZE DRESSING 10CM X 10CM,kesses_non_pharmaceuticals.csv,178.00,
NM11PBL003,NM11PBL003,POLYTHENE BAGS / LINERS BLACK  - 30 LITRES,POLYTHENE BAGS / LINERS BLACK - 30 LITRES,True,NON-PHARMACEUTICALS,COLOUR CODED BINS,PACK OF 100S,3200,486,init.2c3554ff-def5-57fa-a384-50d30aa59b18,POLYTHENE BAGS / LINERS BLACK - 30 LITRES,kesses_non_pharmaceuticals.csv,3200.00,
NM11PBL004,NM11PBL004,POLYTHENE BAGS / LINERS BLACK  - 50LITRES,POLYTHENE BAGS / LINERS BLACK - 50LITRES,True,NON-PHARMACEUTICALS,COLOUR CODED BINS,PACK OF 100S,5950,487,init.1598927f-7ba8-5d5b-9285-f8690e32224b,POLYTHENE BAGS / LINERS BLACK - 50LITRES,kesses_non_pharmaceuticals.csv,5950.00,
NM11PBL007,NM11PBL007,POLYTHENE BAGS / LINERS RED  - 30 LITRES,POLYTHENE BAGS / LINERS RED - 30 LITRES,True,NON-PHARMACEUTICALS,COLOUR CODED BINS,PACK OF 100S,3300,488,init.bf30dd43-d225-512c-bf4c-aed2abdc2359,POLYTHENE BAGS / LINERS RED - 30 LITRES,kesses_non_pharmaceuticals.csv,3300.00,
NM11PBL008,NM11PBL008,POLYTHENE BAGS / LINERS RED  - 50LITRES,POLYTHENE BAGS / LINERS RED - 50LITRES,True,NON-PHARMACEUTICALS,COLOUR CODED BINS,PACK OF 100S,5950,489,init.8541a320-8a8b-5807-a23e-e2ca1aeede0c,POLYTHENE BAGS / LINERS RED - 50LITRES,kesses_non_pharmaceuticals.csv,5950.00,
NM11PBL011,NM11PBL011,POLYTHENE BAGS / LINERS YELLOW  - 30 LITRES,POLYTHENE BAGS / LINERS YELLOW - 30 LITRES,True,NON-PHARMACEUTICALS,COLOUR CODED BINS,PACK OF 100S,3300,490,init.d1a3a66f-7b31-5589-b578-ce7c0ef74c40,POLYTHENE BAGS / LINERS YELLOW - 30 LITRES,kesses_non_pharmaceuticals.csv,3300.00,
NM11PBL012,NM11PBL012,POLYTHENE BAGS / LINERS YELLOW  - 50LITRES,POLYTHENE BAGS / LINERS YELLOW - 50LITRES,True,NON-PHARMACEUTICALS,COLOUR CODED BINS,PACK OF 100S,5450,491,init.bd391c0f-318e-5578-9431-a0ca0d0893c9,POLYTHENE BAGS / LINERS YELLOW - 50LITRES,kesses_non_pharmaceuticals.csv,5450.00,
NE03GEA090,NE03GEA090,PPE KIT ASSORTED COV,PPE KIT ASSORTED COV,False,NON-PHARMACEUTICALS,PROTECTIVE CLOTHING & GEAR,KIT,3300,492,init.b4973fab-f57c-5e6b-8391-fae16b92822b,PPE KIT ASSORTED COV,kesses_non_pharmaceuticals.csv,3300.00,
NM14THE020,NM14THE020,PROSTHETIC STUMP SOCKS,PROSTHETIC STUMP SOCKS,False,NON-PHARMACEUTICALS,REHABILITATIVE CARE CONSUMABLES,PIECE,400,493,init.66bb0b25-6904-5d71-842f-7b49282aa2f3,PROSTHETIC STUMP SOCKS,kesses_non_pharmaceuticals.csv,400.00,
NM14TPD168,NM14TPD168,RECONSTRUCTION PLATES 3.5 STRAIGHT ST. STEEL HOLES 10 LENGTH 118MM,RECONSTRUCTION PLATES 3.5 STRAIGHT ST. STEEL HOLES 10 LENGTH 118MM,False,NON-PHARMACEUTICALS,ORTHOPAEDIC HPT,PIECE,3000,494,init.123caa73-acb9-5b14-a54c-2430c30e7b99,RECONSTRUCTION PLATES 3.5 STRAIGHT ST. STEEL HOLES 10 LENGTH 118MM,kesses_non_pharmaceuticals.csv,3000.00,
NM11BXS001,NM11BXS001,SAFETY BOXES  *** Tracer ***,SAFETY BOXES,True,NON-PHARMACEUTICALS,COLOUR CODED BINS,PIECE,201,495,init.163b3e40-3f99-5180-882d-beb12c87a472,SAFETY BOXES,kesses_non_pharmaceuticals.csv,201.00,
NM06BLA012,NM06BLA012,SKIN GRAFTING BLADE STANDARD,SKIN GRAFTING BLADE STANDARD,False,NON-PHARMACEUTICALS,SURGICAL BLADES,PIECE,550,496,init.8c12ea41-8c68-5290-973b-96dc46965766,SKIN GRAFTING BLADE STANDARD,kesses_non_pharmaceuticals.csv,550.00,
NM09SET004,NM09SET004,SOLUSETS FOR BLOOD,SOLUSETS FOR BLOOD,False,NON-PHARMACEUTICALS,ADMINISTRATION SETS,PIECE,71,497,init.0aefdebc-25be-5bd4-bb60-f69518447964,SOLUSETS FOR BLOOD,kesses_non_pharmaceuticals.csv,71.00,
NM09SET002,NM09SET002,SOLUSETS FOR FLUIDS  *** Tracer ***,SOLUSETS FOR FLUIDS,True,NON-PHARMACEUTICALS,ADMINISTRATION SETS,PIECE,98,498,init.b2a2d07f-67bd-5ea5-97e7-23fd0ecaa81d,SOLUSETS FOR FLUIDS,kesses_non_pharmaceuticals.csv,98.00,
NM12NED039,NM12NED039,SPINAL NEEDLE 25G 0.5 X 103-120MM WITH INTRODUCER NEEDLE,SPINAL NEEDLE 25G 0.5 X 103-120MM WITH INTRODUCER NEEDLE,False,NON-PHARMACEUTICALS,NEEDLES,PIECE,490,499,init.6c3b7fc7-127e-5ac2-96ef-b5e6eeae4fd9,SPINAL NEEDLE 25G 0.5 X 103-120MM WITH INTRODUCER NEEDLE,kesses_non_pharmaceuticals.csv,490.00,
NS01CLL003,NS01CLL003,STOCK CONTROL CARDS,STOCK CONTROL CARDS,False,NON-PHARMACEUTICALS,MEDICAL STATIONARY,PIECE,14,500,init.3d84a3d1-2a74-5723-82fe-72c233e4157a,STOCK CONTROL CARDS,kesses_non_pharmaceuticals.csv,14.00,
NM03SCA001,NM03SCA001,SUCTION CATHETERS  - SIZE 10 FG,SUCTION CATHETERS - SIZE 10 FG,True,NON-PHARMACEUTICALS,SUCTION CATHETERS,PIECE,19,501,init.f37d079e-4f6c-5d0a-8664-692492b8e567,SUCTION CATHETERS - SIZE 10 FG,kesses_non_pharmaceuticals.csv,19.00,
NM03SCA002,NM03SCA002,SUCTION CATHETERS  - SIZE 12 FG,SUCTION CATHETERS - SIZE 12 FG,True,NON-PHARMACEUTICALS,SUCTION CATHETERS,PIECE,19,502,init.d8c69cba-764d-59b8-9bdb-28fcbebf2058,SUCTION CATHETERS - SIZE 12 FG,kesses_non_pharmaceuticals.csv,19.00,
NM03SCA003,NM03SCA003,SUCTION CATHETERS  - SIZE 14 FG,SUCTION CATHETERS - SIZE 14 FG,True,NON-PHARMACEUTICALS,SUCTION CATHETERS,PIECE,14,503,init.0e06e756-efa5-59c3-aa95-0430c32b1b5b,SUCTION CATHETERS - SIZE 14 FG,kesses_non_pharmaceuticals.csv,14.00,
NM03SCA005,NM03SCA005,SUCTION CATHETERS  - SIZE 18 FG,SUCTION CATHETERS - SIZE 18 FG,True,NON-PHARMACEUTICALS,SUCTION CATHETERS,PIECE,19,504,init.6c3c6cf3-3374-5afa-8948-1aa900ff9db8,SUCTION CATHETERS - SIZE 18 FG,kesses_non_pharmaceuticals.csv,19.00,
NM03SCA007,NM03SCA007,SUCTION CATHETERS  - SIZE 4 FG,SUCTION CATHETERS - SIZE 4 FG,True,NON-PHARMACEUTICALS,SUCTION CATHETERS,PIECE,23,505,init.b9158a96-3704-5a9b-ac66-9462693b3b43,SUCTION CATHETERS - SIZE 4 FG,kesses_non_pharmaceuticals.csv,23.00,
NM03SCA008,NM03SCA008,SUCTION CATHETERS  - SIZE 6 FG,SUCTION CATHETERS - SIZE 6 FG,True,NON-PHARMACEUTICALS,SUCTION CATHETERS,PIECE,20,506,init.986e0f07-3b76-5ea8-8d9e-bae0e71e8224,SUCTION CATHETERS - SIZE 6 FG,kesses_non_pharmaceuticals.csv,20.00,
NM03SCA009,NM03SCA009,SUCTION CATHETERS -  SIZE 8 FG,SUCTION CATHETERS - SIZE 8 FG,True,NON-PHARMACEUTICALS,SUCTION CATHETERS,PIECE,20,507,init.9c7ea759-ff43-5a88-974e-7bfed911edfe,SUCTION CATHETERS - SIZE 8 FG,kesses_non_pharmaceuticals.csv,20.00,
NM03SCA016,NM03SCA016,SUCTION CATHETERS WITH REGULATORY VALVE FR16  *** Tracer ***,SUCTION CATHETERS WITH REGULATORY VALVE FR16,True,NON-PHARMACEUTICALS,SUCTION CATHETERS,PIECE,31,508,init.58f942f2-9b09-58f9-8739-16a25e376f3c,SUCTION CATHETERS WITH REGULATORY VALVE FR16,kesses_non_pharmaceuticals.csv,31.00,
NM03SCA017,NM03SCA017,SUCTION CATHETERS WITH REGULATORY VALVE FR6  *** Tracer ***,SUCTION CATHETERS WITH REGULATORY VALVE FR6,True,NON-PHARMACEUTICALS,SUCTION CATHETERS,PIECE,35,509,init.50ca295b-a162-576d-bf03-9f733ad5ed5d,SUCTION CATHETERS WITH REGULATORY VALVE FR6,kesses_non_pharmaceuticals.csv,35.00,
NM03SCA020,NM03SCA020,SUCTIONCATHETER WITH REGULATORY VALVE FR 12,SUCTIONCATHETER WITH REGULATORY VALVE FR 12,False,NON-PHARMACEUTICALS,SUCTION CATHETERS,PIECE,18,510,init.d518074d-5694-582d-b391-6aefa4212eb8,SUCTIONCATHETER WITH REGULATORY VALVE FR 12,kesses_non_pharmaceuticals.csv,18.00,
NM06BLA001,NM06BLA001,SURGICAL BLADES SIZE 15 S.S/C.S ON DISP BP HANDLE SIZE 6,SURGICAL BLADES SIZE 15 S.S/C.S ON DISP BP HANDLE SIZE 6,False,NON-PHARMACEUTICALS,SURGICAL BLADES,PACK X 10S,235,511,init.9f5e0427-982b-5093-a693-4036e147156c,SURGICAL BLADES SIZE 15 S.S/C.S ON DISP BP HANDLE SIZE 6,kesses_non_pharmaceuticals.csv,235.00,
NM06BLA002,NM06BLA002,SURGICAL BLADES SIZE 23 S.S/C.S. ON DISP BP HANDLE  *** Tracer ***,SURGICAL BLADES SIZE 23 S.S/C.S. ON DISP BP HANDLE,True,NON-PHARMACEUTICALS,SURGICAL BLADES,PACK X 10S,280,512,init.b5e18b23-da6d-5d76-bf97-bdd05a09cc6e,SURGICAL BLADES SIZE 23 S.S/C.S. ON DISP BP HANDLE,kesses_non_pharmaceuticals.csv,280.00,
NU02STA036,NU02STA036,SURGICAL CAPS (DISPOSABLE)  SKY BLUE/ LIGHT  GREEN,SURGICAL CAPS (DISPOSABLE) SKY BLUE/ LIGHT GREEN,True,NON-PHARMACEUTICALS,STAFF UNIFORMS,PACK OF 100S,460,513,init.1946d0f7-e3cd-500a-8eab-f5e5dd2defd7,SURGICAL CAPS (DISPOSABLE) SKY BLUE/ LIGHT GREEN,kesses_non_pharmaceuticals.csv,460.00,
NM03SCA004,NM03SCA004,SUTION CATHETER SIZE 16 FG,SUTION CATHETER SIZE 16 FG,False,NON-PHARMACEUTICALS,SUCTION CATHETERS,PIECE,19,514,init.289c71f0-517b-5145-87e9-51cbbc6460f8,SUTION CATHETER SIZE 16 FG,kesses_non_pharmaceuticals.csv,19.00,
NM03SUT149,NM03SUT149,SUTURE NYLON NO 10/0 30CM 6.5MM 1/2 C MICRO SPATULATED,SUTURE NYLON NO 10/0 30CM 6.5MM 1/2 C MICRO SPATULATED,False,NON-PHARMACEUTICALS,SUTURES,DOZEN,13700,515,init.664acd13-4535-5f35-990c-4a447f657ac2,SUTURE NYLON NO 10/0 30CM 6.5MM 1/2 C MICRO SPATULATED,kesses_non_pharmaceuticals.csv,13700.00,
NM03SUT147,NM03SUT147,SUTURE NYLON NO.11/2 CIRCLE 48MM 100CM RCN,SUTURE NYLON NO.11/2 CIRCLE 48MM 100CM RCN,False,NON-PHARMACEUTICALS,SUTURES,DOZEN,1300,516,init.07db6cf1-f8a2-5bed-91a5-bfdb2c626615,SUTURE NYLON NO.11/2 CIRCLE 48MM 100CM RCN,kesses_non_pharmaceuticals.csv,1300.00,
NM03SUT167,NM03SUT167,SUTURE NYLON NO 1 75CM 40MM 3/8 C RCN,SUTURE NYLON NO 1 75CM 40MM 3/8 C RCN,False,NON-PHARMACEUTICALS,SUTURES,DOZEN,2200,517,init.30673157-8181-547e-a4b6-5e254ca48001,SUTURE NYLON NO 1 75CM 40MM 3/8 C RCN,kesses_non_pharmaceuticals.csv,2200.00,
NM03SUT145,NM03SUT145,SUTURE NYLON NO 2/03/8 CIRCLE45MM100CM RCN,SUTURE NYLON NO 2/03/8 CIRCLE45MM100CM RCN,False,NON-PHARMACEUTICALS,SUTURES,DOZEN,1300,518,init.b9b4170b-5db7-5a31-9444-6b16e4e3a1f4,SUTURE NYLON NO 2/03/8 CIRCLE45MM100CM RCN,kesses_non_pharmaceuticals.csv,1300.00,
NM03SUT162,NM03SUT162,SUTURE POLYDIAXANONE (PDS)  NO.2/0 ON 30MM 1/2CIRCLE 75CM  TAPER POINT,SUTURE POLYDIAXANONE (PDS) NO.2/0 ON 30MM 1/2CIRCLE 75CM TAPER POINT,True,NON-PHARMACEUTICALS,SUTURES,DOZEN,3080,520,init.62262f57-0cf9-5990-a904-d93bed79fb40,SUTURE POLYDIAXANONE (PDS) NO.2/0 ON 30MM 1/2CIRCLE 75CM TAPER POINT,kesses_non_pharmaceuticals.csv,3080.00,
NM03SUT161,NM03SUT161,SUTURE  POLYDIAXANONE (PDS) NO 3/0  22MM 1/2 CIRCLE 75CM RBN,SUTURE POLYDIAXANONE (PDS) NO 3/0 22MM 1/2 CIRCLE 75CM RBN,True,NON-PHARMACEUTICALS,SUTURES,DOZEN,3100,521,init.4e4ef217-6d84-5573-a0e6-e57060798c65,SUTURE POLYDIAXANONE (PDS) NO 3/0 22MM 1/2 CIRCLE 75CM RBN,kesses_non_pharmaceuticals.csv,3100.00,
NM03SUT081,NM03SUT081,SUTURE  POLYGLACTIN 0 ½C  45MM RBN 75CM.,SUTURE POLYGLACTIN 0 ½C 45MM RBN 75CM.,True,NON-PHARMACEUTICALS,SUTURES,DOZEN,2000,522,init.cd199377-c8f9-56a4-ab7d-593b2c4a7681,SUTURE POLYGLACTIN 0 ½C 45MM RBN 75CM.,kesses_non_pharmaceuticals.csv,2000.00,
NM03SUT099,NM03SUT099,SUTURE POLYGLACTIN 2  90CM ON 45MM ½C  RCN,SUTURE POLYGLACTIN 2 90CM ON 45MM ½C RCN,True,NON-PHARMACEUTICALS,SUTURES,DOZEN,2250,523,init.c3d78e0a-a793-5666-a388-285d2ba4a183,SUTURE POLYGLACTIN 2 90CM ON 45MM ½C RCN,kesses_non_pharmaceuticals.csv,2250.00,
NM03SUT153,NM03SUT153,SUTURE POLYGLACTIN 3/0 75CM ON 22MM ½C RBN,SUTURE POLYGLACTIN 3/0 75CM ON 22MM ½C RBN,False,NON-PHARMACEUTICALS,SUTURES,DOZEN,2300,524,init.e835993a-a25e-551f-9ea1-0421fdd2073b,SUTURE POLYGLACTIN 3/0 75CM ON 22MM ½C RBN,kesses_non_pharmaceuticals.csv,2300.00,
NM03SUT166,NM03SUT166,SUTURE POLYGLACTIN COATED NO. 1 75CM 40MM RCN 1/2 C,SUTURE POLYGLACTIN COATED NO. 1 75CM 40MM RCN 1/2 C,False,NON-PHARMACEUTICALS,SUTURES,DOZEN,2700,525,init.d374f0ad-fdd0-5fa5-8335-cc3aa4be8e17,SUTURE POLYGLACTIN COATED NO. 1 75CM 40MM RCN 1/2 C,kesses_non_pharmaceuticals.csv,2700.00,
NM03SUT143,NM03SUT143,SUTURE POLYGLACTIN COATED NO 2/01/2 CIRCLE31MM.75CM RBN,SUTURE POLYGLACTIN COATED NO 2/01/2 CIRCLE31MM.75CM RBN,False,NON-PHARMACEUTICALS,SUTURES,DOZEN,2290,526,init.8ec67915-a8ac-575c-9fde-3f1e5881a559,SUTURE POLYGLACTIN COATED NO 2/01/2 CIRCLE31MM.75CM RBN,kesses_non_pharmaceuticals.csv,2290.00,
NM03SUT142,NM03SUT142,SUTURE POLYGLACTIN COATED NO 2/01/2 CIRCLE40MM.75CM RBN,SUTURE POLYGLACTIN COATED NO 2/01/2 CIRCLE40MM.75CM RBN,False,NON-PHARMACEUTICALS,SUTURES,DOZEN,2370,527,init.12b15c22-bfdb-571b-8bcc-52a12d356a0b,SUTURE POLYGLACTIN COATED NO 2/01/2 CIRCLE40MM.75CM RBN,kesses_non_pharmaceuticals.csv,2370.00,
NM03SUT141,NM03SUT141,SUTURE POLYGLACTIN COATED NO 21/2 CIRCLE45MM 75CM RBN,SUTURE POLYGLACTIN COATED NO 21/2 CIRCLE45MM 75CM RBN,False,NON-PHARMACEUTICALS,SUTURES,DOZEN,2100,528,init.c4140752-2783-5d48-9302-6797d2da4891,SUTURE POLYGLACTIN COATED NO 21/2 CIRCLE45MM 75CM RBN,kesses_non_pharmaceuticals.csv,2100.00,
NM03SUT155,NM03SUT155,SUTURE POLYGLACTIN NO 1 100CM ON 65MM 3/8 CIRCLE BLUNT,SUTURE POLYGLACTIN NO 1 100CM ON 65MM 3/8 CIRCLE BLUNT,False,NON-PHARMACEUTICALS,SUTURES,DOZEN,4200,529,init.7e6e3f81-62da-5bf9-a6b1-694c534105c9,SUTURE POLYGLACTIN NO 1 100CM ON 65MM 3/8 CIRCLE BLUNT,kesses_non_pharmaceuticals.csv,4200.00,
NM03SUT055,NM03SUT055,SUTURE POLYGLACTIN NO 1  75CM ON 40MM ½ C RBN,SUTURE POLYGLACTIN NO 1 75CM ON 40MM ½ C RBN,True,NON-PHARMACEUTICALS,SUTURES,DOZEN,2100,530,init.0be124e8-4c79-5a65-a188-aa3c0271fa55,SUTURE POLYGLACTIN NO 1 75CM ON 40MM ½ C RBN,kesses_non_pharmaceuticals.csv,2100.00,
NM03SUT097,NM03SUT097,SUTURE POLYGLACTIN  NO. 2/0  75CM ON 40MM ½ C RCN,SUTURE POLYGLACTIN NO. 2/0 75CM ON 40MM ½ C RCN,True,NON-PHARMACEUTICALS,SUTURES,DOZEN,2300,531,init.c7893259-bd0c-536d-b98b-b4e1cc496d66,SUTURE POLYGLACTIN NO. 2/0 75CM ON 40MM ½ C RCN,kesses_non_pharmaceuticals.csv,2300.00,
NM03SUT105,NM03SUT105,SUTURE POLYGLACTIN NO.5/0 45CM 17MM 3/8 C RCN,SUTURE POLYGLACTIN NO.5/0 45CM 17MM 3/8 C RCN,False,NON-PHARMACEUTICALS,SUTURES,DOZEN,2500,532,init.4540db13-fba1-50a3-9ef0-f52c0aea4e00,SUTURE POLYGLACTIN NO.5/0 45CM 17MM 3/8 C RCN,kesses_non_pharmaceuticals.csv,2500.00,
NM03SUT102,NM03SUT102,SUTURE POLYGLACTIN NO 6/0 45CM 17MM 1/2C RCN,SUTURE POLYGLACTIN NO 6/0 45CM 17MM 1/2C RCN,False,NON-PHARMACEUTICALS,SUTURES,DOZEN,3800,533,init.155606b8-cc39-5552-949f-ad664b00a085,SUTURE POLYGLACTIN NO 6/0 45CM 17MM 1/2C RCN,kesses_non_pharmaceuticals.csv,3800.00,
NM03SUT156,NM03SUT156,SUTURE POLYGLYCOLIC ACID NO 4/0 75CM ON 22MM 1/2 CIRCLE RBN,SUTURE POLYGLYCOLIC ACID NO 4/0 75CM ON 22MM 1/2 CIRCLE RBN,False,NON-PHARMACEUTICALS,SUTURES,DOZEN,2000,534,init.290a82ed-2342-54cc-8384-11ecd676ff4c,SUTURE POLYGLYCOLIC ACID NO 4/0 75CM ON 22MM 1/2 CIRCLE RBN,kesses_non_pharmaceuticals.csv,2000.00,
NM03SUT152,NM03SUT152,SUTURE POLYPROPYLENE 3/0 90CM ½C 26MMRBN DOUBLE ARMED,SUTURE POLYPROPYLENE 3/0 90CM ½C 26MMRBN DOUBLE ARMED,False,NON-PHARMACEUTICALS,SUTURES,DOZEN,2300,535,init.bf572cf6-ae0d-5a4c-bdc5-142a45f0f189,SUTURE POLYPROPYLENE 3/0 90CM ½C 26MMRBN DOUBLE ARMED,kesses_non_pharmaceuticals.csv,2300.00,
NM03SUT126,NM03SUT126,SUTURE SILK N0 2 ON 45MM 75CM 1/2 CIRCLE RBN,SUTURE SILK N0 2 ON 45MM 75CM 1/2 CIRCLE RBN,False,NON-PHARMACEUTICALS,SUTURES,DOZEN,145,536,init.b7718cba-ade8-5e5f-a47e-2bbb0a02046d,SUTURE SILK N0 2 ON 45MM 75CM 1/2 CIRCLE RBN,kesses_non_pharmaceuticals.csv,145.00,
NM10SYR002,NM10SYR002,SYRINGES 2PC-  10ML RUP WITH G 21 NEEDLE X 11/2  *** Tracer ***,SYRINGES 2PC- 10ML RUP WITH G 21 NEEDLE X 11/2,True,NON-PHARMACEUTICALS,SYRINGES,PACK OF 100S,950,537,init.83cb4a79-60b1-54a9-8d26-1563290edda6,SYRINGES 2PC- 10ML RUP WITH G 21 NEEDLE X 11/2,kesses_non_pharmaceuticals.csv,950.00,
NM10SYR003,NM10SYR003,SYRINGES  2PC- 20ML WITH G21 NEEDLE X 11/2,SYRINGES 2PC- 20ML WITH G21 NEEDLE X 11/2,True,NON-PHARMACEUTICALS,SYRINGES,PACK OF 100S,1250,538,init.1701a820-8a7a-5c36-88db-2961b42a87c7,SYRINGES 2PC- 20ML WITH G21 NEEDLE X 11/2,kesses_non_pharmaceuticals.csv,1250.00,
NM10SYR004,NM10SYR004,SYRINGES 2PC- 2ML  RUP WITH G23 NEEDLE X 1  *** Tracer ***,SYRINGES 2PC- 2ML RUP WITH G23 NEEDLE X 1,True,NON-PHARMACEUTICALS,SYRINGES,PACK OF 100S,635,539,init.72aa11a9-e064-5093-94f4-42403f6f7a1f,SYRINGES 2PC- 2ML RUP WITH G23 NEEDLE X 1,kesses_non_pharmaceuticals.csv,635.00,
NM10SYR006,NM10SYR006,SYRINGES 2PC - 5ML RUP WITH G 21NEEDLE X 11/2  *** Tracer ***,SYRINGES 2PC - 5ML RUP WITH G 21NEEDLE X 11/2,True,NON-PHARMACEUTICALS,SYRINGES,PACK OF 100S,740,540,init.83508fe5-9181-5f2f-ac16-df76d3381a0b,SYRINGES 2PC - 5ML RUP WITH G 21NEEDLE X 11/2,kesses_non_pharmaceuticals.csv,740.00,
NM10SYR036,NM10SYR036,SYRINGES 60ML WITHOUT NEEDLE  LONG NOZZLE (CONCENTRIC),SYRINGES 60ML WITHOUT NEEDLE LONG NOZZLE (CONCENTRIC),True,NON-PHARMACEUTICALS,SYRINGES,PACK OF 25S,825,541,init.cf2f9b42-a961-5b4f-9003-3cde5343dbd6,SYRINGES 60ML WITHOUT NEEDLE LONG NOZZLE (CONCENTRIC),kesses_non_pharmaceuticals.csv,825.00,
NM10SYR039,NM10SYR039,SYRINGES A D- FIXED DOSE OF 0.05 ML WITH 27 G NEEDLE FOR B.C.G,SYRINGES A D- FIXED DOSE OF 0.05 ML WITH 27 G NEEDLE FOR B.C.G,False,NON-PHARMACEUTICALS,SYRINGES,PACK X 100S,1550,542,init.999700c1-59ad-5a32-a8f3-bf211ce37b25,SYRINGES A D- FIXED DOSE OF 0.05 ML WITH 27 G NEEDLE FOR B.C.G,kesses_non_pharmaceuticals.csv,1550.00,
NM10SYR038,NM10SYR038,SYRINGES A D- FIXED DOSE OF 0.5 ML WITH 23 G NEEDLE,SYRINGES A D- FIXED DOSE OF 0.5 ML WITH 23 G NEEDLE,False,NON-PHARMACEUTICALS,SYRINGES,PACK X 100S,1450,543,init.352b2803-4dd4-52ba-aad7-99b3d4925edb,SYRINGES A D- FIXED DOSE OF 0.5 ML WITH 23 G NEEDLE,kesses_non_pharmaceuticals.csv,1450.00,
NU02STA059,NU02STA059,THEATER SUITS (SCRUBS) – EXTRA EXTRA LARGE (XXL),THEATER SUITS (SCRUBS) – EXTRA EXTRA LARGE (XXL),False,NON-PHARMACEUTICALS,STAFF UNIFORMS,PIECE,2585,544,init.9cf02184-2386-5e09-b097-535f70abbb53,THEATER SUITS (SCRUBS) – EXTRA EXTRA LARGE (XXL),kesses_non_pharmaceuticals.csv,2585.00,
NU02STA055,NU02STA055,THEATRE BOOTS ANTISTATIC  SIZE 11. COV,THEATRE BOOTS ANTISTATIC SIZE 11. COV,True,NON-PHARMACEUTICALS,STAFF UNIFORMS,PAIR,1572,546,init.986f69e3-3802-5a0e-8b29-69b01b2c7464,THEATRE BOOTS ANTISTATIC SIZE 11. COV,kesses_non_pharmaceuticals.csv,1572.00,
NU02STA043,NU02STA043,TOTO/BABY GOWN BABY WRAPPER MATERIAL SIZES: LARGE,TOTO/BABY GOWN BABY WRAPPER MATERIAL SIZES: LARGE,False,NON-PHARMACEUTICALS,MATERNITY SUPPLIES,PIECE,1750,547,init.48647d1a-f9ef-5942-bffe-ef4327ae5354,TOTO/BABY GOWN BABY WRAPPER MATERIAL SIZES: LARGE,kesses_non_pharmaceuticals.csv,1750.00,
NG05CMD001,NG05CMD001,TOURNIQUET,TOURNIQUET,False,NON-PHARMACEUTICALS,GENERAL WARD EQUIPMENT,PIECE,75,548,init.97ea9e62-2ce9-5a76-aee4-533689727aa9,TOURNIQUET,kesses_non_pharmaceuticals.csv,75.00,
NM05TUB035,NM05TUB035,TRACHEOSTOMY   TUBE -  SIZE 4.0 CUFFED,TRACHEOSTOMY TUBE - SIZE 4.0 CUFFED,True,NON-PHARMACEUTICALS,SURGICAL TUBES,PIECE,300,549,init.8cb0081c-ef76-54bb-aa72-af1fbb22e572,TRACHEOSTOMY TUBE - SIZE 4.0 CUFFED,kesses_non_pharmaceuticals.csv,300.00,
NM05TUB036,NM05TUB036,TRACHEOSTOMY   TUBE -  SIZE 4.5 CUFFED,TRACHEOSTOMY TUBE - SIZE 4.5 CUFFED,True,NON-PHARMACEUTICALS,SURGICAL TUBES,PIECE,280,550,init.8cabd1b6-eeb7-559d-832f-d81159920a17,TRACHEOSTOMY TUBE - SIZE 4.5 CUFFED,kesses_non_pharmaceuticals.csv,280.00,
NM05TUB037,NM05TUB037,TRACHEOSTOMY   TUBE  -  SIZE 5.0 CUFFED,TRACHEOSTOMY TUBE - SIZE 5.0 CUFFED,True,NON-PHARMACEUTICALS,SURGICAL TUBES,PIECE,280,551,init.2b30e0f1-43d4-593a-b8b6-9705091aef42,TRACHEOSTOMY TUBE - SIZE 5.0 CUFFED,kesses_non_pharmaceuticals.csv,280.00,
NM05TUB038,NM05TUB038,TRACHEOSTOMY   TUBE    - SIZE 5.5 CUFFED,TRACHEOSTOMY TUBE - SIZE 5.5 CUFFED,True,NON-PHARMACEUTICALS,SURGICAL TUBES,PIECE,280,552,init.36f9f2f0-189f-561e-93a9-4a7af86b704f,TRACHEOSTOMY TUBE - SIZE 5.5 CUFFED,kesses_non_pharmaceuticals.csv,280.00,
NM05TUB039,NM05TUB039,TRACHEOSTOMY   TUBE  - SIZE 6.0 UNCUFFED,TRACHEOSTOMY TUBE - SIZE 6.0 UNCUFFED,True,NON-PHARMACEUTICALS,SURGICAL TUBES,PIECE,301,553,init.c0d9e1f2-ce2b-5d2a-9a6c-eddaae356901,TRACHEOSTOMY TUBE - SIZE 6.0 UNCUFFED,kesses_non_pharmaceuticals.csv,301.00,
NM05TUB040,NM05TUB040,TRACHEOSTOMY   TUBE   - SIZE 6.5 UNCUFFED,TRACHEOSTOMY TUBE - SIZE 6.5 UNCUFFED,True,NON-PHARMACEUTICALS,SURGICAL TUBES,PIECE,530,554,init.6471eeee-e2ed-557c-82b0-e4434559b808,TRACHEOSTOMY TUBE - SIZE 6.5 UNCUFFED,kesses_non_pharmaceuticals.csv,530.00,
NM05TUB041,NM05TUB041,TRACHEOSTOMY   TUBE  - SIZE 7.0  CUFFED,TRACHEOSTOMY TUBE - SIZE 7.0 CUFFED,True,NON-PHARMACEUTICALS,SURGICAL TUBES,PIECE,301,555,init.75c30617-a083-55e6-a2ac-3b2bf2e14788,TRACHEOSTOMY TUBE - SIZE 7.0 CUFFED,kesses_non_pharmaceuticals.csv,301.00,
NM05TUB059,NM05TUB059,TRACHEOSTOMY TUBE SIZE 8.0 CUFFED,TRACHEOSTOMY TUBE SIZE 8.0 CUFFED,False,NON-PHARMACEUTICALS,SURGICAL TUBES,PIECE,326,556,init.b846ccfe-6aec-5109-9413-6a3ec1b9f4ce,TRACHEOSTOMY TUBE SIZE 8.0 CUFFED,kesses_non_pharmaceuticals.csv,326.00,
NM14THE014,NM14THE014,TRACTION KIT SKIN CHILD,TRACTION KIT SKIN CHILD,False,NON-PHARMACEUTICALS,ORTHOPAEDICS CONSUMABLES,PIECE,1050,557,init.24be8a80-f48d-5ed1-a48e-d3919644ff1f,TRACTION KIT SKIN CHILD,kesses_non_pharmaceuticals.csv,1050.00,
NG05MSC017,NG05MSC017,TRANSPORE 2.5CM X 9.14M (3M),TRANSPORE 2.5CM X 9.14M (3M),False,NON-PHARMACEUTICALS,SURGICAL TUBES,Each,120,558,init.72713340-f67f-5c0a-9f50-66696707a19f,TRANSPORE 2.5CM X 9.14M (3M),kesses_non_pharmaceuticals.csv,120.00,
NM05TUB052,NM05TUB052,UNDER WATER SEAL DRAINAGE BOTTLE ADULT,UNDER WATER SEAL DRAINAGE BOTTLE ADULT,False,NON-PHARMACEUTICALS,MEDICAL BOTTLES,PIECE,1250,559,init.c6e009c5-0433-5deb-9e02-c4314bfa80e2,UNDER WATER SEAL DRAINAGE BOTTLE ADULT,kesses_non_pharmaceuticals.csv,1250.00,
NM01BAG014,NM01BAG014,URINE BAGS GRAD.WITH INLET&OUTLET  - 2000MLS  *** Tracer ***,URINE BAGS GRAD.WITH INLET&OUTLET - 2000MLS,True,NON-PHARMACEUTICALS,BAGS,PIECE,31,560,init.d99d174f-371a-5cdd-ab2a-8b2d8479b6e9,URINE BAGS GRAD.WITH INLET&OUTLET - 2000MLS,kesses_non_pharmaceuticals.csv,31.00,
NM01BAG022,NM01BAG022,URINE COLLECTOR BAG 100ML,URINE COLLECTOR BAG 100ML,False,NON-PHARMACEUTICALS,BAGS,PIECE,80,561,init.32d4db9b-a875-54c6-a0b4-133e76f37601,URINE COLLECTOR BAG 100ML,kesses_non_pharmaceuticals.csv,80.00,
NM13KYJ001,NM13KYJ001,WATER BASED LUBRICANT(STERILE)-42-50GM,WATER BASED LUBRICANT(STERILE)-42-50GM,False,NON-PHARMACEUTICALS,TOPICAL PREPARATIONS,TUBE,67,562,init.7b2144b1-35d6-5b21-a480-26bcdea228fa,WATER BASED LUBRICANT(STERILE)-42-50GM,kesses_non_pharmaceuticals.csv,67.00,
NG02SPA006,NG02SPA006,WOODEN TONGUE DEPRESSOR 140MMX19MM,WOODEN TONGUE DEPRESSOR 140MMX19MM,False,NON-PHARMACEUTICALS,SPATULAS,PACK X 100PCS,845,563,init.17e895a0-b67b-5967-a810-83427a92ba50,WOODEN TONGUE DEPRESSOR 140MMX19MM,kesses_non_pharmaceuticals.csv,845.00,
NM03SCA023,NM03SCA023,YANKAUER SUCTION TUBE WITH HANDLE,YANKAUER SUCTION TUBE WITH HANDLE,False,NON-PHARMACEUTICALS,SUCTION CATHETERS,PIECE,390,564,init.6ad34207-cbcc-5c15-8250-11b9b496bc47,YANKAUER SUCTION TUBE WITH HANDLE,kesses_non_pharmaceuticals.csv,390.00,
NM01ZNS005,NM01ZNS005,ZINC OXIDE STRAPPING - SIZE 10CM X 4.5M BPC,ZINC OXIDE STRAPPING - SIZE 10CM X 4.5M BPC,False,NON-PHARMACEUTICALS,SURGICAL DRESSINGS,PIECE,165,565,init.41a698ca-0ff5-5cd4-9976-f64630409337,ZINC OXIDE STRAPPING - SIZE 10CM X 4.5M BPC,kesses_non_pharmaceuticals.csv,165.00,
NM01ZNS002,NM01ZNS002,ZINC OXIDE STRAPPING  - SIZE 5CM X 4.5M BPC,ZINC OXIDE STRAPPING - SIZE 5CM X 4.5M BPC,True,NON-PHARMACEUTICALS,SURGICAL DRESSINGS,PIECE,60,566,init.9414d757-1d00-54d6-ad92-f8daf261068a,ZINC OXIDE STRAPPING - SIZE 5CM X 4.5M BPC,kesses_non_pharmaceuticals.csv,60.00,
NM01ZNS003,NM01ZNS003,ZINC OXIDE STRAPPING - SIZE 7.5CM X 4.5M BPC  *** Tracer ***,ZINC OXIDE STRAPPING - SIZE 7.5CM X 4.5M BPC,True,NON-PHARMACEUTICALS,SURGICAL DRESSINGS,PIECE,120,567,init.0c015fdb-8f92-5887-b624-4fab63a8fcac,ZINC OXIDE STRAPPING - SIZE 7.5CM X 4.5M BPC,kesses_non_pharmaceuticals.csv,90.00,
NL08AST154,NL08AST154,ASOT KIT (50 TESTS),ASOT KIT (50 TESTS),False,LAB PRODUCTS,SEROLOGY,KIT,1111,572,init.072d83c1-83d7-5de7-80da-c329b79c9f9a,ASOT KIT (50 TESTS),kesses_lab_products.csv,1111.00,
NL08BIJ003,NL08BIJ003,BIJOU BOTTLES,BIJOU BOTTLES,False,LAB PRODUCTS,GLASSWARE,Pack of 200s,10160,573,init.069a8960-f439-5ce1-a09b-281257dfdd47,BIJOU BOTTLES,kesses_lab_products.csv,10160.00,
NL02CNS067,NL02CNS067,BLOOD COLLECTION NEEDLE G21,BLOOD COLLECTION NEEDLE G21,False,LAB PRODUCTS,LABORATORY DIAGNOSTIC SUPPLIES AND REAGENTS,PACK OF 100S,590,574,init.81f0444b-ab6d-5b02-8932-d4997fa2e3ea,BLOOD COLLECTION NEEDLE G21,kesses_lab_products.csv,590.00,
NL02CNS068,NL02CNS068,BLOOD COLLECTION NEEDLE G23,BLOOD COLLECTION NEEDLE G23,False,LAB PRODUCTS,LABORATORY DIAGNOSTIC SUPPLIES AND REAGENTS,PACK OF 100S,560,575,init.19272090-dc2f-5903-862d-4e508f37ed02,BLOOD COLLECTION NEEDLE G23,kesses_lab_products.csv,560.00,
NL01BGS001,NL01BGS001,BLOOD GROUPING ANTISERA (ANT-A)  *** Tracer ***,BLOOD GROUPING ANTISERA (ANT-A),True,LAB PRODUCTS,ABO GROUPING REAGENTS,10 ML VIAL,225,577,init.d3363ec3-d805-5c52-8546-1c01c4cff256,BLOOD GROUPING ANTISERA (ANT-A),kesses_lab_products.csv,225.00,
NL01BGS002,NL01BGS002,BLOOD GROUPING ANTISERA (ANT-B)  *** Tracer ***,BLOOD GROUPING ANTISERA (ANT-B),True,LAB PRODUCTS,ABO GROUPING REAGENTS,10 ML VIAL,225,578,init.fe8e76ae-2a5e-5a0d-bc04-331a6b0d24fd,BLOOD GROUPING ANTISERA (ANT-B),kesses_lab_products.csv,225.00,
NL01BGS004,NL01BGS004,BLOOD GROUPING ANTISERA ANTI -D (IGG+IGM) MONOCLONAL,BLOOD GROUPING ANTISERA ANTI -D (IGG+IGM) MONOCLONAL,False,LAB PRODUCTS,ABO GROUPING REAGENTS,10ml Bottle,470,579,init.5cbaba9c-29dd-5883-9d94-6d1bc684bbdd,BLOOD GROUPING ANTISERA ANTI -D (IGG+IGM) MONOCLONAL,kesses_lab_products.csv,470.00,
NL05TES089,NL05TES089,BRUCELLA ARBORTUS KIT (ANTIGEN TEST),BRUCELLA ARBORTUS KIT (ANTIGEN TEST),False,LAB PRODUCTS,TEST KITS,KIT X 100 TESTS,632,580,init.d43d4701-ea06-5715-8cb8-e94275fd2bb1,BRUCELLA ARBORTUS KIT (ANTIGEN TEST),kesses_lab_products.csv,325.00,
NL05TES090,NL05TES090,BRUCELLA MELITENSIS KIT (ANTIGEN TEST),BRUCELLA MELITENSIS KIT (ANTIGEN TEST),False,LAB PRODUCTS,TEST KITS,KIT X 100 TESTS,632,581,init.0751a5c5-ea75-5b3a-b1fe-675097a2ba5e,BRUCELLA MELITENSIS KIT (ANTIGEN TEST),kesses_lab_products.csv,325.00,
NL08LBL432,NL08LBL432,BUFFER TABLETS PH 6.8,BUFFER TABLETS PH 6.8,False,LAB PRODUCTS,LABORATORY CHEMICAL REAGENTS,PACK OF 50S,1420,582,init.42ec4c68-b6b7-55d0-b749-2243e610f038,BUFFER TABLETS PH 6.8,kesses_lab_products.csv,1420.00,
NL08LBL431,NL08LBL431,BUFFER TABLETS PH 7.2,BUFFER TABLETS PH 7.2,False,LAB PRODUCTS,LABORATORY CHEMICAL REAGENTS,PACK OF 50S,1465,583,init.4dc924de-5bea-5b31-a988-476c216c9263,BUFFER TABLETS PH 7.2,kesses_lab_products.csv,1465.00,
NL01RGT047,NL01RGT047,CLEANER(6X8+CONDITIONER 3X25),CLEANER(6X8+CONDITIONER 3X25),False,LAB PRODUCTS,CHEMISTRY REAGENTS,KIT,17100,584,init.abc133cd-cd9d-58d3-97cb-a5736bdba2b2,CLEANER(6X8+CONDITIONER 3X25),kesses_lab_products.csv,17100.00,
NL01CVS002,NL01CVS002,COVER SLIPS,COVER SLIPS,False,LAB PRODUCTS,CONSUMABLES,PACK OF 100S,125,585,init.2b43e954-ebf2-5cbd-8fcb-7c200e3f97c0,COVER SLIPS,kesses_lab_products.csv,125.00,
NL01CVS004,NL01CVS004,COVER SLIPS,COVER SLIPS,False,LAB PRODUCTS,CONSUMABLES,200 pcs,119,586,init.2b43e954-ebf2-5cbd-8fcb-7c200e3f97c0,COVER SLIPS,kesses_lab_products.csv,125.00,
NL05TES136,NL05TES136,CRAG (CRYPTOCOCCAL ANTIGEN TEST),CRAG (CRYPTOCOCCAL ANTIGEN TEST),False,LAB PRODUCTS,TEST KITS,Pack of 40,22663,587,init.40be72a6-569d-55bf-8201-9dbe150f3851,CRAG (CRYPTOCOCCAL ANTIGEN TEST),kesses_lab_products.csv,22663.00,
PH08PHL403,PH08PHL403,CRYSTALL VIOLET POWDER,CRYSTALL VIOLET POWDER,False,LAB PRODUCTS,PHL EQUPMENTS & CONSUMABLES,25GM,438,588,init.96221c82-2b31-5853-a52a-7872fd84a984,CRYSTALL VIOLET POWDER,kesses_lab_products.csv,438.00,
NL01CVH005,NL01CVH005,ECS EMPTY VIALS+CAPS 10 ML,ECS EMPTY VIALS+CAPS 10 ML,False,LAB PRODUCTS,LABORATORY GENERAL CONSUMMABLES,PACK OF 10,3400,589,init.a4c93912-8210-5ce3-8f22-6b099df4c479,ECS EMPTY VIALS+CAPS 10 ML,kesses_lab_products.csv,3400.00,
NL01CVH006,NL01CVH006,ECS EMPTY VIALS+CAPS 25 ML,ECS EMPTY VIALS+CAPS 25 ML,False,LAB PRODUCTS,LABORATORY GENERAL CONSUMMABLES,PACK OF 30S,6500,590,init.2656d469-03a7-55f6-bf67-b308bb97d9d8,ECS EMPTY VIALS+CAPS 25 ML,kesses_lab_products.csv,6500.00,
NL04TUB025,NL04TUB025,ESR TUBE WITH STAND,ESR TUBE WITH STAND,False,LAB PRODUCTS,LABORATORY DIAGNOSTIC SUPPLIES AND REAGENTS,SET,1650,592,init.cef79fa0-1350-5379-b6b0-bff355fff8e0,ESR TUBE WITH STAND,kesses_lab_products.csv,1650.00,
NL01FUJ027,NL01FUJ027,FUJI ANALYSER THERMAL ROLL,FUJI ANALYSER THERMAL ROLL,False,LAB PRODUCTS,CHEMISTRY REAGENTS,ROLL,930,593,init.33cf9e01-a54d-5a37-be8c-62d3733f8bad,FUJI ANALYSER THERMAL ROLL,kesses_lab_products.csv,930.00,
NL06FUS001,NL06FUS001,FUSCHIN BASIC,FUSCHIN BASIC,False,LAB PRODUCTS,STAINS,25G BOTTLE,720,594,init.c76031c0-2959-52b1-b352-51200fe7f91e,FUSCHIN BASIC,kesses_lab_products.csv,720.00,
NL08PHL391,NL08PHL391,GIEMSA STAIN,GIEMSA STAIN,False,LAB PRODUCTS,STAINS,25GM,815,595,init.c4dfc2c8-1681-5c37-b40e-fceb6bf55ba8,GIEMSA STAIN,kesses_lab_products.csv,815.00,
NL08BLB029,NL08BLB029,Glucometer Strips Plus One Free Of Charge Glucometer (Accu-chek),Glucometer Strips Plus One Free Of Charge Glucometer (Accu-chek),False,LAB PRODUCTS,LABORATORY SUPPLIES,PACK OF 50,1500,596,init.ee0dbfe8-8554-525e-bac3-764f7b6df17b,Glucometer Strips Plus One Free Of Charge Glucometer (Accu-chek),kesses_lab_products.csv,1500.00,
NL08LBL435,NL08LBL435,GLUCOMETER STRIPS PLUS ONE FREE OF CHARGE GLUCOMETER (I-SENS BRAND).  *** Tracer ***,GLUCOMETER STRIPS PLUS ONE FREE OF CHARGE GLUCOMETER (I-SENS BRAND).,True,LAB PRODUCTS,LABORATORY DIAGNOSTIC EQUIPMENT,PACK OF 50,1150,597,init.2efc8edb-56ff-5d45-af5e-1862a9ce3be1,GLUCOMETER STRIPS PLUS ONE FREE OF CHARGE GLUCOMETER (I-SENS BRAND).,kesses_lab_products.csv,1150.00,
NL08LBL051,NL08LBL051,GLYCEROL  *** Tracer ***,GLYCEROL,True,LAB PRODUCTS,LABORATORY CHEMICAL REAGENTS,2.5LITRE BOTTLE,1900,598,init.ca3fcb9c-5a50-59db-b4e6-11346627a791,GLYCEROL,kesses_lab_products.csv,1900.00,
EM03HBM003,EM03HBM003,HAEMOGLOBIN  MICROCUVETTES - HEMOCONTROL,HAEMOGLOBIN MICROCUVETTES - HEMOCONTROL,True,LAB PRODUCTS,LABORATORY DIAGNOSTIC SUPPLIES AND REAGENTS,4 X 50Pcs,14500,600,init.926fddad-6b3a-5024-8559-79bb7d81a80d,HAEMOGLOBIN MICROCUVETTES - HEMOCONTROL,kesses_lab_products.csv,14500.00,
EM03HAE004,EM03HAE004,HBA1C (GLYCATED HAEMOGLOBIN) ANALYZER - SD BIOSENSOR,HBA1C (GLYCATED HAEMOGLOBIN) ANALYZER - SD BIOSENSOR,False,LAB PRODUCTS,LABORATORY DIAGNOSTIC EQUIPMENT,PIECE,135000,603,init.78a7f303-ef5b-5a9d-bb94-9851ae737a0d,HBA1C (GLYCATED HAEMOGLOBIN) ANALYZER - SD BIOSENSOR,kesses_lab_products.csv,135000.00,
NL08CVT001,NL08CVT001,HBA1C (GLYCATED HAEMOGLOBIN) CUVETTES - SD BIOSENSOR,HBA1C (GLYCATED HAEMOGLOBIN) CUVETTES - SD BIOSENSOR,False,LAB PRODUCTS,CHEMISTRY REAGENTS,PACK OF 20S,8350,604,init.664363fb-3188-55a8-97f1-4c7bb9495312,HBA1C (GLYCATED HAEMOGLOBIN) CUVETTES - SD BIOSENSOR,kesses_lab_products.csv,8350.00,
NL05TES094,NL05TES094,HELICOBACTER PYLORI RAPID KIT (ANTIGEN),HELICOBACTER PYLORI RAPID KIT (ANTIGEN),False,LAB PRODUCTS,TEST KITS,KIT X 20 TESTS,2300,605,init.939e2231-c0e2-53ca-aa06-db68e22d1773,HELICOBACTER PYLORI RAPID KIT (ANTIGEN),kesses_lab_products.csv,2300.00,
NL01HEM003,NL01HEM003,HEMOLYZER 3NG,HEMOLYZER 3NG,False,LAB PRODUCTS,HEMATOLOGY REAGENTS,500 TEST,86925,606,init.b39b441f-b62d-5542-9adb-b0aac99d2ca9,HEMOLYZER 3NG,kesses_lab_products.csv,86925.00,
NL01HEM002,NL01HEM002,HEMOLYZER 5NG (CLOSED MODE),HEMOLYZER 5NG (CLOSED MODE),False,LAB PRODUCTS,HEMATOLOGY REAGENTS,400 TEST,112860,607,init.c3ce1bcf-de17-5612-80c8-60d24ac59936,HEMOLYZER 5NG (CLOSED MODE),kesses_lab_products.csv,112860.00,
NL01HEM001,NL01HEM001,HEMOLYZER 5NG (OPEN MODE),HEMOLYZER 5NG (OPEN MODE),False,LAB PRODUCTS,HEMATOLOGY REAGENTS,250 TESTS,70600,608,init.c85733d1-06df-5b95-a7e5-a8c9361ee3e0,HEMOLYZER 5NG (OPEN MODE),kesses_lab_products.csv,70600.00,
NL01HEM004,NL01HEM004,HEMOLYZER HYPOCLEANER,HEMOLYZER HYPOCLEANER,False,LAB PRODUCTS,HEMATOLOGY REAGENTS,100 ML,8425,609,init.db43c2a1-ad08-5030-a016-e995aeb729c9,HEMOLYZER HYPOCLEANER,kesses_lab_products.csv,8425.00,
NL01HSA001,NL01HSA001,HEPATITIS B (HBSAG) TEST KIT,HEPATITIS B (HBSAG) TEST KIT,False,LAB PRODUCTS,KIT,KIT X 50 TESTS,2024,610,init.99c33f98-03c3-554c-9f68-c182aa554176,HEPATITIS B (HBSAG) TEST KIT,kesses_lab_products.csv,2024.00,
NL08SST003,NL08SST003,HIGH VAGINAL SWAB (HVS) STERILE SINGLE WRAPPED,HIGH VAGINAL SWAB (HVS) STERILE SINGLE WRAPPED,False,LAB PRODUCTS,SAMPLE COLLECTION SWABS,Pack of 50's,790,611,init.460b95e8-9b89-5cb0-945d-ddf5cd7f854c,HIGH VAGINAL SWAB (HVS) STERILE SINGLE WRAPPED,kesses_lab_products.csv,790.00,
NL08SST002,NL08SST002,HIGH VAGINAL SWABS (STERILE),HIGH VAGINAL SWABS (STERILE),False,LAB PRODUCTS,SAMPLE COLLECTION SWABS,PACK OF 100S,1110,612,init.70e4d209-31fe-5bf8-983c-ace4bf029005,HIGH VAGINAL SWABS (STERILE),kesses_lab_products.csv,1110.00,
NL08LBL434,NL08LBL434,INDIAN INK (NIGROSIN),INDIAN INK (NIGROSIN),False,LAB PRODUCTS,STAINS,500ML BOTTLE,1143,613,init.c0898e5b-5377-5fe5-92ab-38130268560e,INDIAN INK (NIGROSIN),kesses_lab_products.csv,1143.00,
NL01RGT023,NL01RGT023,ISE CALIBRATOR  (6X20ML+6X20ML),ISE CALIBRATOR (6X20ML+6X20ML),True,LAB PRODUCTS,CHEMISTRY REAGENTS,KIT,54300,614,init.4329cffd-18b2-52b9-9bae-c7978c39e1cf,ISE CALIBRATOR (6X20ML+6X20ML),kesses_lab_products.csv,54300.00,
NL01RGGT024,NL01RGGT024,ISE DILUENT 12X25ML,ISE DILUENT 12X25ML,False,LAB PRODUCTS,CHEMISTRY REAGENTS,KIT,14400,615,init.d9543201-01bf-5517-895e-f5c8e0f23c2c,ISE DILUENT 12X25ML,kesses_lab_products.csv,14400.00,
NL06LES001,NL06LES001,LEISHMAN STAIN(POWDER),LEISHMAN STAIN(POWDER),False,LAB PRODUCTS,STAINS,25GM,1000,616,init.6018f8bc-8f97-5313-beb4-9f8b5610a3d8,LEISHMAN STAIN(POWDER),kesses_lab_products.csv,1000.00,
NL02CNS117,NL02CNS117,LENS CLEANING TISSUE,LENS CLEANING TISSUE,False,LAB PRODUCTS,LABORATORY CHEMICAL REAGENTS,PACK OF 100S,342,617,init.c186b72f-055e-5304-bce0-28fd3b1b16f2,LENS CLEANING TISSUE,kesses_lab_products.csv,342.00,
NL01MDC003,NL01MDC003,MEDONIC CLEANING KIT,MEDONIC CLEANING KIT,False,LAB PRODUCTS,HEMATOLOGY REAGENTS,KIT,32000,618,init.b699c713-c7f2-5740-b5ef-1ea05a524207,MEDONIC CLEANING KIT,kesses_lab_products.csv,25000.00,
NL01MDC001,NL01MDC001,MEDONIC DILUENT,MEDONIC DILUENT,False,LAB PRODUCTS,HEMATOLOGY REAGENTS,20 LITRE,22700,619,init.3fc0f810-cf90-504e-b4a6-336f30e491e9,MEDONIC DILUENT,kesses_lab_products.csv,22700.00,
NL01MDC002,NL01MDC002,MEDONIC LYSE,MEDONIC LYSE,False,LAB PRODUCTS,HEMATOLOGY REAGENTS,5LITRE TIN,24500,620,init.046f7f9b-dd1a-5910-b3b1-8f66af1e1168,MEDONIC LYSE,kesses_lab_products.csv,24500.00,
NL01MDC004,NL01MDC004,MEDONIC MICROCAPILLARIES,MEDONIC MICROCAPILLARIES,False,LAB PRODUCTS,HEMATOLOGY REAGENTS,100 pcs,2350,621,init.acfdf16a-53f1-5ff3-947d-a374951fdcfb,MEDONIC MICROCAPILLARIES,kesses_lab_products.csv,2350.00,
NL01MET004,NL01MET004,METHANOL AR,METHANOL AR,False,LAB PRODUCTS,LABORATORY CHEMICAL REAGENTS,2.5LITRE BOTTLE,2185,622,init.53d7a2b9-1827-522d-a913-19e3c0a8b730,METHANOL AR,kesses_lab_products.csv,2185.00,
NL06MET001,NL06MET001,METHYLENE BLUE,METHYLENE BLUE,False,LAB PRODUCTS,STAINS,25G BOTTLE,792,623,init.97b6634b-4060-559e-84d5-95c1d026d274,METHYLENE BLUE,kesses_lab_products.csv,792.00,
NL02CNS079,NL02CNS079,MICRO PIPPETTE TIPS (BLUE)200 UL -1000UL,MICRO PIPPETTE TIPS (BLUE)200 UL -1000UL,False,LAB PRODUCTS,LABORATORY GENERAL CONSUMMABLES,PACK OF 1000S,785,624,init.a942d763-9d71-5a09-ae93-11d018f8d8e6,MICRO PIPPETTE TIPS (BLUE)200 UL -1000UL,kesses_lab_products.csv,785.00,
NL02CNS080,NL02CNS080,MICRO PIPPETTE TIPS (YELLOW)20 UL -200UL,MICRO PIPPETTE TIPS (YELLOW)20 UL -200UL,False,LAB PRODUCTS,LABORATORY GENERAL CONSUMMABLES,PACK OF 1000S,730,625,init.8bed2950-90da-5a7c-8a3d-515294495c3c,MICRO PIPPETTE TIPS (YELLOW)20 UL -200UL,kesses_lab_products.csv,730.00,
NL03MCS001,NL03MCS001,MICROSCOPE SLIDES FROSTED,MICROSCOPE SLIDES FROSTED,False,LAB PRODUCTS,GLASSWARE,PACK X50S,230,626,init.89499ab0-43c7-5122-806a-24c09f81f1fb,MICROSCOPE SLIDES FROSTED,kesses_lab_products.csv,148.00,
NL03MCS004,NL03MCS004,MICROSCOPE SLIDES (PLAIN),MICROSCOPE SLIDES (PLAIN),False,LAB PRODUCTS,GLASSWARE,PACK OF 50S,207,627,init.7ffc2f5b-e843-507c-b47e-c2845f0d466c,MICROSCOPE SLIDES (PLAIN),kesses_lab_products.csv,207.00,
NL08PHL399,NL08PHL399,NEUTRAL RED,NEUTRAL RED,False,LAB PRODUCTS,STAINS,5GM,350,628,init.96c3defa-2d80-5c1c-9ce1-3796db6ceda9,NEUTRAL RED,kesses_lab_products.csv,350.00,
NL06EML001,NL06EML001,OIL IMMERSION,OIL IMMERSION,False,LAB PRODUCTS,LABORATORY CHEMICAL REAGENTS,BOTTLE OF 100ML,450,630,init.978acca9-7c3e-561c-a6a4-004e59db5d30,OIL IMMERSION,kesses_lab_products.csv,450.00,
NL05TES140,NL05TES140,PAP SMEAR KIT,PAP SMEAR KIT,False,LAB PRODUCTS,TEST KITS,PACK OF 50S,6950,631,init.b5c01b75-273e-5f56-872b-961414fa61a7,PAP SMEAR KIT,kesses_lab_products.csv,6950.00,
NL08LBL079,NL08LBL079,PLASTIC CENTRIFUGE TUBES (15MLS) WITH A SCREW CAP,PLASTIC CENTRIFUGE TUBES (15MLS) WITH A SCREW CAP,False,LAB PRODUCTS,SAMPLE COLLECTION TUBES,PACK OF 50S,1233,632,init.4fa76549-4a05-5770-9245-3c7d9c03bb69,PLASTIC CENTRIFUGE TUBES (15MLS) WITH A SCREW CAP,kesses_lab_products.csv,1233.00,
NL08LBL080,NL08LBL080,PLASTIC CENTRIFUGE TUBES (50MLS) WITH A SCREW CAP,PLASTIC CENTRIFUGE TUBES (50MLS) WITH A SCREW CAP,False,LAB PRODUCTS,SAMPLE COLLECTION TUBES,PACK OF 50,1217,633,init.740eef5b-43e8-5102-9a8b-9c69dfc0c5e8,PLASTIC CENTRIFUGE TUBES (50MLS) WITH A SCREW CAP,kesses_lab_products.csv,1217.00,
NL08PHL401,NL08PHL401,POTASSIUM IODIDE POWDER,POTASSIUM IODIDE POWDER,False,LAB PRODUCTS,LABORATORY CHEMICAL REAGENTS,25GM,1050,634,init.a11bbcc5-4daa-5544-83a2-b3457abb3c04,POTASSIUM IODIDE POWDER,kesses_lab_products.csv,1050.00,
NL08LBL027,NL08LBL027,PREGNACY TEST KIT  *** Tracer ***,PREGNACY TEST KIT,True,LAB PRODUCTS,LABORATORY DIAGNOSTIC EQUIPMENT,PACK OF 50,420,635,init.b8be3dfd-77d5-5db9-a7e1-caa3058920fb,PREGNACY TEST KIT,kesses_lab_products.csv,420.00,
NL01RLA002,NL01RLA002,RETRACTABLE LANCETS,RETRACTABLE LANCETS,False,LAB PRODUCTS,LABORATORY DIAGNOSTIC SUPPLIES AND REAGENTS,PACK OF 200s,1380,636,init.43695218-7826-536f-a69e-c48ef33def7a,RETRACTABLE LANCETS,kesses_lab_products.csv,1380.00,
NL05TES093,NL05TES093,RHEUMATOID FACTOR KIT 50,RHEUMATOID FACTOR KIT 50,False,LAB PRODUCTS,TEST KITS,KIT X 50 TESTS,785,637,init.98f8a395-1910-5fa8-aeca-7b58c02f041f,RHEUMATOID FACTOR KIT 50,kesses_lab_products.csv,785.00,
NL08LBL415,NL08LBL415,SALMONELLA ANTIGEN STOOL TEST KIT 25 TESTS,SALMONELLA ANTIGEN STOOL TEST KIT 25 TESTS,False,LAB PRODUCTS,SEROLOGY,KIT,3200,638,init.ed026a50-c0ac-56a1-a210-fad7f764edf1,SALMONELLA ANTIGEN STOOL TEST KIT 25 TESTS,kesses_lab_products.csv,3200.00,
NL06SDC001,NL06SDC001,SODIUM CHLORIDE,SODIUM CHLORIDE,False,LAB PRODUCTS,LABORATORY CHEMICAL REAGENTS,500GM,530,639,init.e101e494-4a6e-53ba-9fde-b78f435d4efc,SODIUM CHLORIDE,kesses_lab_products.csv,530.00,
NL01SMB001,NL01SMB001,SODIUM METABISULPHITE,SODIUM METABISULPHITE,False,LAB PRODUCTS,LABORATORY CHEMICAL REAGENTS,500GM,680,640,init.2df2dbed-93aa-57e5-a8fe-3ee958c1ad1e,SODIUM METABISULPHITE,kesses_lab_products.csv,680.00,
NL01RGT045,NL01RGT045,SYSTEM CLEANING SOLUTION 1 L,SYSTEM CLEANING SOLUTION 1 L,False,LAB PRODUCTS,MANUAL RESUSCITATION EQUIPMENT,1 LITRE,14200,641,init.a15080ae-96ad-519d-b3de-2e77fc07823a,SYSTEM CLEANING SOLUTION 1 L,kesses_lab_products.csv,14200.00,
NL01RGT046,NL01RGT046,SYSTEM SOLUTION 1L,SYSTEM SOLUTION 1L,False,LAB PRODUCTS,CHEMISTRY REAGENTS,1 LITRE,4800,642,init.48b67b9f-cf3c-5d8b-9824-83c786de9c43,SYSTEM SOLUTION 1L,kesses_lab_products.csv,4800.00,
NL08LBL410,NL08LBL410,THIOSULPHATE CITRATE BILE SALT SUCROSE (TCBS),THIOSULPHATE CITRATE BILE SALT SUCROSE (TCBS),False,LAB PRODUCTS,CULTURE MEDIA,500GM,6500,643,init.31009b6a-5841-539b-8609-309234a3d2bb,THIOSULPHATE CITRATE BILE SALT SUCROSE (TCBS),kesses_lab_products.csv,6500.00,
NL08LBL061,NL08LBL061,TUBE  CENTRIFUGE 50ML GRADUATED SCREW CAP,TUBE CENTRIFUGE 50ML GRADUATED SCREW CAP,True,LAB PRODUCTS,LABORATORY GENERAL CONSUMMABLES,PACK OF 500S,10900,644,init.0638ae69-b805-57e7-b64d-4cd07bbf4047,TUBE CENTRIFUGE 50ML GRADUATED SCREW CAP,kesses_lab_products.csv,10900.00,
NL04LBL004,NL04LBL004,UNIVERSAL  BOTTLES (GLASS),UNIVERSAL BOTTLES (GLASS),True,LAB PRODUCTS,GLASSWARE,PACK OF 100S,5244,645,init.ef8efc1a-e119-5ec5-87cb-a695b1568c1f,UNIVERSAL BOTTLES (GLASS),kesses_lab_products.csv,5244.00,
NL08LBL430,NL08LBL430,URINE CONTAINERS (PLASTIC),URINE CONTAINERS (PLASTIC),False,LAB PRODUCTS,SAMPLE COLLECTION CONTAINERS,PACK OF 1000S,10300,646,init.b3a71e80-e690-54de-aaea-e93389702f20,URINE CONTAINERS (PLASTIC),kesses_lab_products.csv,10300.00,
NL08LBL026,NL08LBL026,URINE STRIP  *** Tracer ***,URINE STRIP,True,LAB PRODUCTS,LABORATORY DIAGNOSTIC EQUIPMENT,TIN OF 100S,700,647,init.810882ac-3fc6-5116-89d5-0e6612e4ee5f,URINE STRIP,kesses_lab_products.csv,700.00,
NL05TES119,NL05TES119,VDRL  TEST STRIPS-SYPHILIS SCREENING  *** Tracer ***,VDRL TEST STRIPS-SYPHILIS SCREENING,True,LAB PRODUCTS,TEST KITS,50 Tests,900,648,init.1ff16ee7-ab29-5658-969b-2eef260a1263,VDRL TEST STRIPS-SYPHILIS SCREENING,kesses_lab_products.csv,900.00,
NU03SHE007,NU03SHE007,BED SHEETS LARGE - SIZE 160CM X 240CM,BED SHEETS LARGE - SIZE 160CM X 240CM,False,LINEN PRODUCTS,BED LINENS,PAIR,3000,652,init.bfa81064-9447-5d06-a07a-9e5c5609ab90,BED SHEETS LARGE - SIZE 160CM X 240CM,kesses_linen_products.csv,3000.00,
NU03SPR001,NU03SPR001,BED SPREADS STD (COUNTER-PANES) - LIGHT CREAM-160X230CM,BED SPREADS STD (COUNTER-PANES) - LIGHT CREAM-160X230CM,False,LINEN PRODUCTS,BED LINENS,PIECE,2795,653,init.08dc9dec-fede-5ea8-a983-ccf6baf57a02,BED SPREADS STD (COUNTER-PANES) - LIGHT CREAM-160X230CM,kesses_linen_products.csv,2795.00,
NU03BLA001,NU03BLA001,BLANKETS CELLULAR STD - 180X230CM,BLANKETS CELLULAR STD - 180X230CM,False,LINEN PRODUCTS,BED LINENS,PIECE,2700,654,init.5cf11475-094d-5b15-87e4-2ca615d6176c,BLANKETS CELLULAR STD - 180X230CM,kesses_linen_products.csv,2700.00,
NU02STA009,NU02STA009,COTTON MATERIAL GREEN  FOR THEATRE USE 36'' X 40M,COTTON MATERIAL GREEN FOR THEATRE USE 36'' X 40M,True,LINEN PRODUCTS,STAFF UNIFORMS,ROLL,11300,655,init.b2e288f5-0047-5af9-ae68-df55464e0cb0,COTTON MATERIAL GREEN FOR THEATRE USE 36'' X 40M,kesses_linen_products.csv,11300.00,
NU02STA010,NU02STA010,DISPOSABLE SURGICAL GOWN - LARGE,DISPOSABLE SURGICAL GOWN - LARGE,False,LINEN PRODUCTS,PROTECTIVE CLOTHING & GEAR,PIECE,380,656,init.b27e5806-c0be-5395-88cd-cccf545f6503,DISPOSABLE SURGICAL GOWN - LARGE,kesses_linen_products.csv,380.00,
NU02STA011,NU02STA011,DISPOSABLE SURGICAL GOWN - MEDIUM,DISPOSABLE SURGICAL GOWN - MEDIUM,False,LINEN PRODUCTS,PROTECTIVE CLOTHING & GEAR,PIECE,380,657,init.632f5d87-1273-500e-a849-871f9bdb4989,DISPOSABLE SURGICAL GOWN - MEDIUM,kesses_linen_products.csv,380.00,
NU02STA013,NU02STA013,DISPOSABLE SURGICAL GOWN - X-LARGE,DISPOSABLE SURGICAL GOWN - X-LARGE,False,LINEN PRODUCTS,PROTECTIVE CLOTHING & GEAR,PIECE,380,658,init.0e7e55a5-98f7-574f-bd05-5690ac9016ca,DISPOSABLE SURGICAL GOWN - X-LARGE,kesses_linen_products.csv,380.00,
NU02STA017,NU02STA017,OPERATING THEATRE SUITS -  LARGE,OPERATING THEATRE SUITS - LARGE,True,LINEN PRODUCTS,STAFF UNIFORMS,SET,2585,660,init.6fffbf36-ee43-5d6e-840e-5ec3a4f4223f,OPERATING THEATRE SUITS - LARGE,kesses_linen_products.csv,2585.00,
NU02STA018,NU02STA018,OPERATING THEATRE SUITS  - MEDIUM,OPERATING THEATRE SUITS - MEDIUM,True,LINEN PRODUCTS,STAFF UNIFORMS,SET,2585,661,init.6776a1b8-b056-590e-a78a-25b3c77b563b,OPERATING THEATRE SUITS - MEDIUM,kesses_linen_products.csv,2585.00,
NU02STA016,NU02STA016,OPERATING THEATRE SUITS  -  X LARGE SIZE,OPERATING THEATRE SUITS - X LARGE SIZE,True,LINEN PRODUCTS,STAFF UNIFORMS,SET,2585,662,init.0e3d3dfa-885f-59bd-a659-a0fc9c4bb2f2,OPERATING THEATRE SUITS - X LARGE SIZE,kesses_linen_products.csv,2585.00,
NU02STA038,NU02STA038,PATIENT UNIFORM- MOTHER GOWNS (BREAST-FEEDING MOTHERS) MEDIUM,PATIENT UNIFORM- MOTHER GOWNS (BREAST-FEEDING MOTHERS) MEDIUM,False,LINEN PRODUCTS,MATERNITY SUPPLIES,PIECE,1140,663,init.8a88a3a4-f350-5ff7-b814-4a53a5cb312f,PATIENT UNIFORM- MOTHER GOWNS (BREAST-FEEDING MOTHERS) MEDIUM,kesses_linen_products.csv,1140.00,
NU02STA040,NU02STA040,PATIENT UNIFORM- MOTHER GOWNS (BREAST-FEEDING MOTHERS) X-LARGE,PATIENT UNIFORM- MOTHER GOWNS (BREAST-FEEDING MOTHERS) X-LARGE,False,LINEN PRODUCTS,MATERNITY SUPPLIES,PIECE,1140,664,init.28727a33-8bca-5eb5-bc1e-2d5db09ab7c6,PATIENT UNIFORM- MOTHER GOWNS (BREAST-FEEDING MOTHERS) X-LARGE,kesses_linen_products.csv,1140.00,
NU02STA037,NU02STA037,PATIENT UNIFORM- MOTHER GOWNS (BREAST-FEEDING) SMALL,PATIENT UNIFORM- MOTHER GOWNS (BREAST-FEEDING) SMALL,False,LINEN PRODUCTS,MATERNITY SUPPLIES,PIECE,1140,665,init.4d47744f-393d-512d-a610-3890f5b54d72,PATIENT UNIFORM- MOTHER GOWNS (BREAST-FEEDING) SMALL,kesses_linen_products.csv,1140.00,
NU02PAT018,NU02PAT018,PATIENT UNIFORM PAJAMAS GREEN AND WHITE STRIPPED LARGE (GEN WARD),PATIENT UNIFORM PAJAMAS GREEN AND WHITE STRIPPED LARGE (GEN WARD),False,LINEN PRODUCTS,PATIENT UNIFORMS,PAIR,1355,666,init.9586bb19-b8c6-5d18-8f7e-04d4e1e52995,PATIENT UNIFORM PAJAMAS GREEN AND WHITE STRIPPED LARGE (GEN WARD),kesses_linen_products.csv,1355.00,
NU02PAT028,NU02PAT028,PATIENT UNIFORM PAJAMAS GREEN AND WHITE STRIPPED SMALL (GEN WARD),PATIENT UNIFORM PAJAMAS GREEN AND WHITE STRIPPED SMALL (GEN WARD),False,LINEN PRODUCTS,PATIENT UNIFORMS,PAIR,1355,667,init.2e65da99-f0dc-5654-82ab-23f250f11948,PATIENT UNIFORM PAJAMAS GREEN AND WHITE STRIPPED SMALL (GEN WARD),kesses_linen_products.csv,1355.00,
NU02PAT027,NU02PAT027,PATIENT UNIFORM PAJAMAS GREEN/WHITE STRIPED EXTRA LARGE (GEN WARD),PATIENT UNIFORM PAJAMAS GREEN/WHITE STRIPED EXTRA LARGE (GEN WARD),False,LINEN PRODUCTS,PATIENT UNIFORMS,PAIR,1370,668,init.b2b2a0e8-e7c5-5ee7-aec6-7c819c343f41,PATIENT UNIFORM PAJAMAS GREEN/WHITE STRIPED EXTRA LARGE (GEN WARD),kesses_linen_products.csv,1370.00,
NU02PAT029,NU02PAT029,PATIENT UNIFORM- PYJAMAS BLUE/WHITE COTTON DRILL-LARGE (PYCH UNIT),PATIENT UNIFORM- PYJAMAS BLUE/WHITE COTTON DRILL-LARGE (PYCH UNIT),False,LINEN PRODUCTS,PATIENT UNIFORMS,PAIR,2585,669,init.6efad154-5794-59cd-8203-7f4a972c1ec5,PATIENT UNIFORM- PYJAMAS BLUE/WHITE COTTON DRILL-LARGE (PYCH UNIT),kesses_linen_products.csv,2585.00,
NU02PAT030,NU02PAT030,PATIENT UNIFORM- PYJAMAS BLUE/WHITE COTTON DRILL-MEDIUM (PSYCH UNIT),PATIENT UNIFORM- PYJAMAS BLUE/WHITE COTTON DRILL-MEDIUM (PSYCH UNIT),False,LINEN PRODUCTS,PATIENT UNIFORMS,PAIR,2585,670,init.c4818fd2-7606-5773-80e8-a3377d34c761,PATIENT UNIFORM- PYJAMAS BLUE/WHITE COTTON DRILL-MEDIUM (PSYCH UNIT),kesses_linen_products.csv,2585.00,
NU02PAT031,NU02PAT031,PATIENT UNIFORM- PYJAMAS BLUE/WHITE COTTON DRILL-SMALL (PSYCH UNIT),PATIENT UNIFORM- PYJAMAS BLUE/WHITE COTTON DRILL-SMALL (PSYCH UNIT),False,LINEN PRODUCTS,PATIENT UNIFORMS,PAIR,2585,671,init.f5a1c6c4-4fed-53da-9e35-fde6996bf467,PATIENT UNIFORM- PYJAMAS BLUE/WHITE COTTON DRILL-SMALL (PSYCH UNIT),kesses_linen_products.csv,2585.00,
NU02PAT026,NU02PAT026,PATIENT UNIFORM- PYJAMAS BLUE/WHITE  COTTON DRILL-XTRA LARGE (PSYCH UNIT),PATIENT UNIFORM- PYJAMAS BLUE/WHITE COTTON DRILL-XTRA LARGE (PSYCH UNIT),True,LINEN PRODUCTS,PATIENT UNIFORMS,PAIR,2585,672,init.dc858d4d-a074-52f8-a3e5-2934901e11d1,PATIENT UNIFORM- PYJAMAS BLUE/WHITE COTTON DRILL-XTRA LARGE (PSYCH UNIT),kesses_linen_products.csv,2585.00,
NU02PAT032,NU02PAT032,PATIENT UNIFORM- PYJAMAS BLUE/WHITE COTTON DRILL-XXLARGE (PSYCH WARD),PATIENT UNIFORM- PYJAMAS BLUE/WHITE COTTON DRILL-XXLARGE (PSYCH WARD),False,LINEN PRODUCTS,PATIENT UNIFORMS,PAIR,2585,673,init.1c47724b-c720-5944-80f1-8193abdc4cad,PATIENT UNIFORM- PYJAMAS BLUE/WHITE COTTON DRILL-XXLARGE (PSYCH WARD),kesses_linen_products.csv,2585.00,
NU02STA046,NU02STA046,PATIENT  UNIFORMS PINK (FREE DRESS) ANTENATAL MOTHERS SIZE LARGE,PATIENT UNIFORMS PINK (FREE DRESS) ANTENATAL MOTHERS SIZE LARGE,True,LINEN PRODUCTS,MATERNITY SUPPLIES,PIECE,1117,675,init.38a00a03-fed0-5864-a6d0-675eacf2514d,PATIENT UNIFORMS PINK (FREE DRESS) ANTENATAL MOTHERS SIZE LARGE,kesses_linen_products.csv,1117.00,
NU02STA045,NU02STA045,PATIENT  UNIFORMS PINK (FREE DRESS) ANTENATAL MOTHERS SIZE MEDIUM,PATIENT UNIFORMS PINK (FREE DRESS) ANTENATAL MOTHERS SIZE MEDIUM,True,LINEN PRODUCTS,MATERNITY SUPPLIES,PIECE,1745,676,init.ab28de43-1b4a-564b-bb70-2027b73815de,PATIENT UNIFORMS PINK (FREE DRESS) ANTENATAL MOTHERS SIZE MEDIUM,kesses_linen_products.csv,1745.00,
NU04PCV001,NU04PCV001,PILLOWS COVERED WITH MACKINTOSH WATER PROOF,PILLOWS COVERED WITH MACKINTOSH WATER PROOF,False,LINEN PRODUCTS,MATRESSES & PILLOWS,PIECE,2530,677,init.6b194ff4-e180-56d5-9558-02875dd8fb4b,PILLOWS COVERED WITH MACKINTOSH WATER PROOF,kesses_linen_products.csv,2530.00,
NU02STA021,NU02STA021,SURGICAL GOWN COTTON GREEN STANDARD - MEDIUM,SURGICAL GOWN COTTON GREEN STANDARD - MEDIUM,False,LINEN PRODUCTS,PROTECTIVE CLOTHING AND GEAR,PIECE,1670,678,init.cf2b1764-19a2-50bb-a1b6-bf25907504c2,SURGICAL GOWN COTTON GREEN STANDARD - MEDIUM,kesses_linen_products.csv,1670.00,
NU02STA028,NU02STA028,SURGICAL GOWN COTTON GREEN STANDARD - SMALL,SURGICAL GOWN COTTON GREEN STANDARD - SMALL,False,LINEN PRODUCTS,PROTECTIVE CLOTHING & GEAR,PIECE,1925,679,init.c9b9531b-34ec-565e-b5c6-57a488d94f2a,SURGICAL GOWN COTTON GREEN STANDARD - SMALL,kesses_linen_products.csv,1355.00,
NU02STA001,NU02STA001,THEATRE BOOTS  ANTISTATIC  - SIZE 10,THEATRE BOOTS ANTISTATIC - SIZE 10,True,LINEN PRODUCTS,STAFF UNIFORMS,PAIR,1600,680,init.face39e9-a29b-5b5f-ab82-5dc2711f1442,THEATRE BOOTS ANTISTATIC - SIZE 10,kesses_linen_products.csv,1600.00,
NU02STA005,NU02STA005,THEATRE BOOTS ANTISTATIC  - SIZE 6,THEATRE BOOTS ANTISTATIC - SIZE 6,True,LINEN PRODUCTS,STAFF UNIFORMS,PAIR,4700,681,init.5d235750-f815-5b6e-8f53-3c78bf742a40,THEATRE BOOTS ANTISTATIC - SIZE 6,kesses_linen_products.csv,4700.00,
NU02STA008,NU02STA008,THEATRE BOOTS' ANTISTATIC  - SIZE 9,THEATRE BOOTS' ANTISTATIC - SIZE 9,True,LINEN PRODUCTS,STAFF UNIFORMS,PAIR,1600,682,init.ca24e21a-5da3-5abc-a296-3d6ee7cf6421,THEATRE BOOTS' ANTISTATIC - SIZE 9,kesses_linen_products.csv,1600.00,
NU02STA042,NU02STA042,TOTO/BABY GOWN BABY WRAPPER MATERIAL SIZES: MEDIUM,TOTO/BABY GOWN BABY WRAPPER MATERIAL SIZES: MEDIUM,False,LINEN PRODUCTS,MATERNITY SUPPLIES,PIECE,800,684,init.e33a8ffe-5b16-5193-aff2-adcb5a018b34,TOTO/BABY GOWN BABY WRAPPER MATERIAL SIZES: MEDIUM,kesses_linen_products.csv,800.00,
NU02STA041,NU02STA041,TOTO/BABY GOWN BABY WRAPPER MATERIAL SIZES: SMALL,TOTO/BABY GOWN BABY WRAPPER MATERIAL SIZES: SMALL,False,LINEN PRODUCTS,PATIENT UNIFORMS,PIECE,800,685,init.32542bd8-4d32-566e-ba79-f3c576030d2d,TOTO/BABY GOWN BABY WRAPPER MATERIAL SIZES: SMALL,kesses_linen_products.csv,800.00,
NU05MAC001,NU05MAC001,WATER PROOF SHEETING MATERIALDEEP GREEN (MACKINTOSH) 100CM X 50M,WATER PROOF SHEETING MATERIALDEEP GREEN (MACKINTOSH) 100CM X 50M,False,LINEN PRODUCTS,WATERPROOF SHEETING MATERIAL,ROLL,30000,686,init.6599b821-67fd-58f3-860a-646fed69b7d6,WATER PROOF SHEETING MATERIALDEEP GREEN (MACKINTOSH) 100CM X 50M,kesses_linen_products.csv,30000.00,
NX01FLM024,NX01FLM024,DRYSTAR DT5B FILMS (AGFA) FOR DIRECT DIGITAL THERMAL PRINTING IN CT SIZE 25*30CM  *** Tracer ***,DRYSTAR DT5B FILMS (AGFA) FOR DIRECT DIGITAL THERMAL PRINTING IN CT SIZE 25*30CM,True,X-RAY,X-RAY FILMS,PACK OF 100S,19800,690,init.6095ced8-08a9-5bff-96ed-24f7060dcac6,DRYSTAR DT5B FILMS (AGFA) FOR DIRECT DIGITAL THERMAL PRINTING IN CT SIZE 25*30CM,kesses_xray.csv,19800.00,
NX01FLM015,NX01FLM015,DRYSTAR DT5 B FILMS FOR DIRECT DIGITAL THERMAL PRINTING FOR USE IN COMPUTERISED TOMOGRAPHY (CT) IN MEDICAL IMAGING       SIZE 35 X 43 CM.,DRYSTAR DT5 B FILMS FOR DIRECT DIGITAL THERMAL PRINTING FOR USE IN COMPUTERISED TOMOGRAPHY (CT) IN MEDICAL IMAGING SIZE 35 X 43 CM.,True,X-RAY,X-RAY FILMS,BOX OF 100,32760,691,init.a2293cdc-2faf-5805-8292-975f35ddf45d,DRYSTAR DT5 B FILMS FOR DIRECT DIGITAL THERMAL PRINTING FOR USE IN COMPUTERISED TOMOGRAPHY (CT) IN MEDICAL IMAGING SIZE 35 X 43 CM.,kesses_xray.csv,32760.00,
NX01FLM023,NX01FLM023,DRYSTAR DT5B FILMS FOR DIRECT DIGITAL THERMAL PRINTING IN CT SIZE 20*25CM,DRYSTAR DT5B FILMS FOR DIRECT DIGITAL THERMAL PRINTING IN CT SIZE 20*25CM,False,X-RAY,X-RAY FILMS,PACK OF 100S,14520,692,init.484ac395-0c8c-5077-8288-8559d9b7b412,DRYSTAR DT5B FILMS FOR DIRECT DIGITAL THERMAL PRINTING IN CT SIZE 20*25CM,kesses_xray.csv,14520.00,
NX01FLM031,NX01FLM031,FUJI DI-HL LASER FILM 10 X 12 INCHES,FUJI DI-HL LASER FILM 10 X 12 INCHES,False,X-RAY,X-RAY FILMS,PACK OF 150s,23400,693,init.c8220bb5-e925-5a0e-9da9-bc3f43b5a6e4,FUJI DI-HL LASER FILM 10 X 12 INCHES,kesses_xray.csv,23400.00,
NX01FLM030,NX01FLM030,FUJI DI-HL LASER FILM 8 X 10 INCHES,FUJI DI-HL LASER FILM 8 X 10 INCHES,False,X-RAY,X-RAY FILMS,PACK OF 150s,16800,694,init.af7acb19-5b74-5835-935c-4e683dd54f4d,FUJI DI-HL LASER FILM 8 X 10 INCHES,kesses_xray.csv,16800.00,
NX07SAD001,NX07SAD001,SOD AMID / MEGLUMINE AMIDOTRIZOATE-370MG/ML,SOD AMID / MEGLUMINE AMIDOTRIZOATE-370MG/ML,False,X-RAY,RADIO CONTRAST MEDIA,100 ML,1600,695,init.71118f65-09e1-5bef-bfad-2d280b922286,SOD AMID / MEGLUMINE AMIDOTRIZOATE-370MG/ML,kesses_xray.csv,1600.00,
NX05PAP003,NX05PAP003,THERMAL PRINTING PAPER 110MM X 18METRES,THERMAL PRINTING PAPER 110MM X 18METRES,False,X-RAY,X-RAY/MEDICAL IMAGING STATIONERY,ROLL,2540,696,init.8407c48e-897b-5881-9101-d9796c357991,THERMAL PRINTING PAPER 110MM X 18METRES,kesses_xray.csv,1700.00,
NM13DEN061,NM13DEN061,ENDODONTIC  FILES  SIZE 45-80  (21MM 25MM 28MM),ENDODONTIC FILES SIZE 45-80 (21MM 25MM 28MM),True,DENTAL PRODUCTS,DENTAL CONSUMABLES,SET OF 6,810,701,init.b5fdae77-6d66-5117-ae3f-4d6ffd86f75b,ENDODONTIC FILES SIZE 45-80 (21MM 25MM 28MM),kesses_dental_products.csv,810.00,
NM13DEN366,NM13DEN366,PAPER POINT (ABSORBENT)SIZE 15,PAPER POINT (ABSORBENT)SIZE 15,False,DENTAL PRODUCTS,DENTAL CONSUMABLES,pack of 200's,780,705,init.49c5934d-0f6d-5dc7-b917-bbe2ea797349,PAPER POINT (ABSORBENT)SIZE 15,kesses_dental_products.csv,780.00,
NM13DEN367,NM13DEN367,PAPER POINT (ABSORBENT)SIZE 20,PAPER POINT (ABSORBENT)SIZE 20,False,DENTAL PRODUCTS,DENTAL CONSUMABLES,pack of 200's,780,706,init.4ef4eaa9-f340-518f-9670-72b16459857f,PAPER POINT (ABSORBENT)SIZE 20,kesses_dental_products.csv,780.00,
NM13DEN370,NM13DEN370,PAPER POINT (ABSORBENT)SIZE 35,PAPER POINT (ABSORBENT)SIZE 35,False,DENTAL PRODUCTS,DENTAL CONSUMABLES,pack of 200's,780,707,init.d465697f-5152-54c0-a0b3-b50a03c837fb,PAPER POINT (ABSORBENT)SIZE 35,kesses_dental_products.csv,780.00,
NM13DEN372,NM13DEN372,PAPER POINT (ABSORBENT)SIZE 45,PAPER POINT (ABSORBENT)SIZE 45,False,DENTAL PRODUCTS,DENTAL CONSUMABLES,pack of 200's,780,708,init.e2451e42-97a4-5670-a6d9-bb14a1e997e6,PAPER POINT (ABSORBENT)SIZE 45,kesses_dental_products.csv,780.00,
NM13DEN373,NM13DEN373,PAPER POINT (ABSORBENT)SIZE 50,PAPER POINT (ABSORBENT)SIZE 50,False,DENTAL PRODUCTS,DENTAL CONSUMABLES,pack of 200's,780,709,init.e0e7496e-d708-561c-99c7-a66372bff22d,PAPER POINT (ABSORBENT)SIZE 50,kesses_dental_products.csv,780.00,
NM13DEN374,NM13DEN374,PAPER POINT (ABSORBENT)SIZE 55,PAPER POINT (ABSORBENT)SIZE 55,False,DENTAL PRODUCTS,DENTAL CONSUMABLES,pack of 200's,780,710,init.eb696bfd-2ab3-530a-b0ac-2e5a0bd3ebd9,PAPER POINT (ABSORBENT)SIZE 55,kesses_dental_products.csv,780.00,
NM13DEN375,NM13DEN375,PAPER POINT (ABSORBENT)SIZE 60,PAPER POINT (ABSORBENT)SIZE 60,False,DENTAL PRODUCTS,DENTAL CONSUMABLES,pack of 200's,780,711,init.9af7c9c7-59f6-584f-93ef-596ad78716d7,PAPER POINT (ABSORBENT)SIZE 60,kesses_dental_products.csv,780.00,
NM13DEN377,NM13DEN377,PAPER POINT (ABSORBENT)SIZE 70,PAPER POINT (ABSORBENT)SIZE 70,False,DENTAL PRODUCTS,DENTAL CONSUMABLES,pack of 200's,780,712,init.93ced894-a66f-5d0b-a2e1-a05ca6ea997d,PAPER POINT (ABSORBENT)SIZE 70,kesses_dental_products.csv,780.00,
NM13DEN379,NM13DEN379,PAPER POINT (ABSORBENT)SIZE 80,PAPER POINT (ABSORBENT)SIZE 80,False,DENTAL PRODUCTS,DENTAL CONSUMABLES,pack of 200's,780,713,init.a39e0fc1-eb7c-5cf5-8cf3-bd0b331f8402,PAPER POINT (ABSORBENT)SIZE 80,kesses_dental_products.csv,780.00,
NE02CHL002,NE02CHL002,CHLORINE POWDER 4GM SATCHETS,CHLORINE POWDER 4GM SATCHETS,False,PUBLIC HEALTH PRODUCTS,WATER PURIFICATION,SATCHET,15,717,init.bcddc23e-969b-561e-9cb4-e06e35b1c2d6,CHLORINE POWDER 4GM SATCHETS,kesses_public_health.csv,15.00,
NL08PHL485,NL08PHL485,FACE SHIELD,FACE SHIELD,False,PUBLIC HEALTH PRODUCTS,LABORATORY PPE,PIECE,955,718,init.06d57b20-42a8-5fab-ade3-24169d19d56d,FACE SHIELD,kesses_public_health.csv,955.00,
NL08PHL670,NL08PHL670,FOOD SAMPLING GLOVES,FOOD SAMPLING GLOVES,False,PUBLIC HEALTH PRODUCTS,LABORATORY GENERAL CONSUMMABLES,BOX OF 100,450,719,init.023de4a7-0cf5-57d5-8e2a-a66ff83cddc3,FOOD SAMPLING GLOVES,kesses_public_health.csv,450.00,
PD01GLU001,PD01GLU001,GLUTARALDEHYDE 2% SOLUTION,GLUTARALDEHYDE 2% SOLUTION,False,PUBLIC HEALTH PRODUCTS,DISINFECTANTS/ANTISEPTICS,5LITRE TIN,436,720,init.91c1dd82-defe-5b46-bb22-5dbf71b7015e,GLUTARALDEHYDE 2% SOLUTION,kesses_public_health.csv,436.00,
PD01SHS009,PD01SHS009,SODIUM HYPOCHLORITE SOLUTION  4-6% CHLORINE,SODIUM HYPOCHLORITE SOLUTION 4-6% CHLORINE,True,PUBLIC HEALTH PRODUCTS,DISINFECTANTS/ANTISEPTICS,5000 ML,580,721,init.59e3d3c6-0b02-538a-b73e-f434f59f07bd,SODIUM HYPOCHLORITE SOLUTION 4-6% CHLORINE,kesses_public_health.csv,570.00,
PD01SHS002,PD01SHS002,SODIUM HYPOCHLORITE SOLUTION(TBCIDE) 5-5.6%W/V  *** Tracer ***,SODIUM HYPOCHLORITE SOLUTION(TBCIDE) 5-5.6%W/V,True,PUBLIC HEALTH PRODUCTS,DISINFECTANTS/ANTISEPTICS,5L,595,722,init.9274148d-0862-5aad-ad4c-1e1af455fce9,SODIUM HYPOCHLORITE SOLUTION(TBCIDE) 5-5.6%W/V,kesses_public_health.csv,595.00,
NL02CNS242,NL02CNS242,5-LEAD LEADSETADT/PEDIECCLIP,5-LEAD LEADSETADT/PEDIECCLIP,False,BASIC EQUIPMENT,MEDICAL EQUIPMENTCONSUMABLES AND ACCESSORIES,PIECE,9200,726,init.68a3d8c1-ee6a-5ddd-bb24-d504b50b86b8,5-LEAD LEADSETADT/PEDIECCLIP,kesses_basic_equipment.csv,9200.00,
EM01GES003,EM01GES003,BASIC DRESSING SET WITH GREEN TOWELS(DRAPES),BASIC DRESSING SET WITH GREEN TOWELS(DRAPES),False,BASIC EQUIPMENT,SURGICAL SETS,SET,4230,727,init.d40a52df-7ff5-5012-9f16-1ec2e4b78b26,BASIC DRESSING SET WITH GREEN TOWELS(DRAPES),kesses_basic_equipment.csv,4230.00,
NL02CNS243,NL02CNS243,BREATHING CIRCUITS REUSABLE ACCESSORY KIT (CHILD),BREATHING CIRCUITS REUSABLE ACCESSORY KIT (CHILD),False,BASIC EQUIPMENT,MEDICAL EQUIPMENTCONSUMABLES AND ACCESSORIES,PACK,55800,728,init.6f7e56f8-33d1-574a-ba8e-6e141d7b1cca,BREATHING CIRCUITS REUSABLE ACCESSORY KIT (CHILD),kesses_basic_equipment.csv,55800.00,
EM05SCA023,EM05SCA023,CHVS WEIGHING SCALE (HANGING TYPE),CHVS WEIGHING SCALE (HANGING TYPE),False,BASIC EQUIPMENT,WARD WEIGHING EQUIPMENT,PIECE,5800,729,init.a8c17a1e-9de8-57c9-9625-dba0591d766a,CHVS WEIGHING SCALE (HANGING TYPE),kesses_basic_equipment.csv,5800.00,
EM12SUR098,EM12SUR098,DISPOSABLE CUSCO VAGINAL SPECULUM-LARGE,DISPOSABLE CUSCO VAGINAL SPECULUM-LARGE,False,BASIC EQUIPMENT,THEATRE SURGICAL,PIECE,45,730,init.448130e3-2c16-5b51-8974-d3ced22458ac,DISPOSABLE CUSCO VAGINAL SPECULUM-LARGE,kesses_basic_equipment.csv,45.00,
EG04GEN012,EG04GEN012,FOOD TROLLEY,FOOD TROLLEY,False,BASIC EQUIPMENT,GENERAL EQP,PIECE,71925,731,init.bcaff66b-475e-5d81-8dce-f6f18a076980,FOOD TROLLEY,kesses_basic_equipment.csv,71925.00,
EM01GYN012,EM01GYN012,IMPLANT INSERTION SET WITH GREEN TOWELS(DRAPES),IMPLANT INSERTION SET WITH GREEN TOWELS(DRAPES),False,BASIC EQUIPMENT,SURGICAL SETS,SET,11025,732,init.0640050d-792a-52c5-9725-9fcefd14921c,IMPLANT INSERTION SET WITH GREEN TOWELS(DRAPES),kesses_basic_equipment.csv,11025.00,
EM01GYN013,EM01GYN013,IMPLANT REMOVAL SET WITH GREEN TOWELS(DRAPES),IMPLANT REMOVAL SET WITH GREEN TOWELS(DRAPES),False,BASIC EQUIPMENT,SURGICAL SETS,SET,8750,733,init.05015c03-55ca-5069-8d99-dc28c109c94b,IMPLANT REMOVAL SET WITH GREEN TOWELS(DRAPES),kesses_basic_equipment.csv,8750.00,
EG04GEN084,EG04GEN084,INTRA OCULAR LENSES 23 DIOPTERS POSTERI0R,INTRA OCULAR LENSES 23 DIOPTERS POSTERI0R,False,BASIC EQUIPMENT,MEDICAL CONSUMABLES,PIECE,373,734,init.a346484d-c0c6-5b78-9b5d-5999b5a34032,INTRA OCULAR LENSES 23 DIOPTERS POSTERI0R,kesses_basic_equipment.csv,373.00,
NL02CNS216,NL02CNS216,PEDIATRIC/NEONATAL REUSABLE TEMPERATURE PROBE (SKIN SURFACE),PEDIATRIC/NEONATAL REUSABLE TEMPERATURE PROBE (SKIN SURFACE),False,BASIC EQUIPMENT,MEDICAL EQUIPMENTCONSUMABLES AND ACCESSORIES,PIECE,11600,735,init.917a5e03-cb08-5de8-b48f-30e7d3e8797d,PEDIATRIC/NEONATAL REUSABLE TEMPERATURE PROBE (SKIN SURFACE),kesses_basic_equipment.csv,11600.00,
EM01URN001,EM01URN001,PROSTATECTOMY SET WITH GREEN TOWELS(DRAPES),PROSTATECTOMY SET WITH GREEN TOWELS(DRAPES),False,BASIC EQUIPMENT,SURGICAL SETS,SET,115000,736,init.53c562d9-5134-5a71-a257-9da37669c878,PROSTATECTOMY SET WITH GREEN TOWELS(DRAPES),kesses_basic_equipment.csv,115000.00,
NL02CNS212,NL02CNS212,REUSABLE SPO2 SENSOR ADT FINGER-CLIP,REUSABLE SPO2 SENSOR ADT FINGER-CLIP,False,BASIC EQUIPMENT,MEDICAL EQUIPMENTCONSUMABLES AND ACCESSORIES,PIECE,17800,737,init.d79bf7e0-2966-5d8b-baa9-7dccedf8d49d,REUSABLE SPO2 SENSOR ADT FINGER-CLIP,kesses_basic_equipment.csv,17800.00,
NL02CNS214,NL02CNS214,REUSABLE SPO2 SENSOR NEO BANDAGE,REUSABLE SPO2 SENSOR NEO BANDAGE,False,BASIC EQUIPMENT,MEDICAL EQUIPMENTCONSUMABLES AND ACCESSORIES,PIECE,15000,738,init.a3c36824-b611-55c9-a2f2-583accd44cd1,REUSABLE SPO2 SENSOR NEO BANDAGE,kesses_basic_equipment.csv,15000.00,
NL02CNS213,NL02CNS213,REUSABLE SPO2 SENSOR PDT FINGER-CLIP,REUSABLE SPO2 SENSOR PDT FINGER-CLIP,False,BASIC EQUIPMENT,MEDICAL EQUIPMENTCONSUMABLES AND ACCESSORIES,PIECE,20400,739,init.beca80ec-bd7a-58f5-a586-dd52027cea3b,REUSABLE SPO2 SENSOR PDT FINGER-CLIP,kesses_basic_equipment.csv,20400.00,
EM12SUR095,EM12SUR095,SIMS VAGINAL RETRACTOR DOUBLE END,SIMS VAGINAL RETRACTOR DOUBLE END,False,BASIC EQUIPMENT,THEATRE SURGICAL,SET OF 3,1040,740,init.c643b98c-11a2-5504-a355-48ee0ae04ef7,SIMS VAGINAL RETRACTOR DOUBLE END,kesses_basic_equipment.csv,1040.00,
EG02PUM002,EG02PUM002,SPRAY PUMPS (PLASTIC POLYVINYL MATERIALUV RESISTANT)-10L,SPRAY PUMPS (PLASTIC POLYVINYL MATERIALUV RESISTANT)-10L,False,BASIC EQUIPMENT,SPRAY PUMPS,PIECE,29000,741,init.af1d10b9-2635-5f40-aec2-134940351285,SPRAY PUMPS (PLASTIC POLYVINYL MATERIALUV RESISTANT)-10L,kesses_basic_equipment.csv,29000.00,
EM01ENT005,EM01ENT005,THYRODECTOMY SET WITH GREEN TOWELS(DRAPES),THYRODECTOMY SET WITH GREEN TOWELS(DRAPES),False,BASIC EQUIPMENT,SURGICAL SETS,SET,113000,742,init.b37627a0-a6ef-59c0-9612-69e950fb8f1e,THYRODECTOMY SET WITH GREEN TOWELS(DRAPES),kesses_basic_equipment.csv,113000.00,
EM02TRL002,EM02TRL002,TROLLEY ANAESTHETIC DRUG,TROLLEY ANAESTHETIC DRUG,False,BASIC EQUIPMENT,THEATRE FURNITURE,PIECE,140070,743,init.064adf2a-ad61-54d7-8c43-e7dd7dcc3d11,TROLLEY ANAESTHETIC DRUG,kesses_basic_equipment.csv,140070.00,
EM11DPL003,EM11DPL003,DIGITAL FOETAL DOPPLER,DIGITAL FOETAL DOPPLER,False,EQUIPMENT,WARD DIAGNOSTIC EQUIPMENT,UNIT,16100,747,init.861186a3-7b0f-578a-963a-2b4632f161ae,DIGITAL FOETAL DOPPLER,kesses_equipments.csv,16100.00,
NM14TPD197,NM14TPD197,ETERNAL FIXATOR INSTRUMENTS SET,ETERNAL FIXATOR INSTRUMENTS SET,False,EQUIPMENT,ORTHOPAEDIC HPT,SET,155000,748,init.1fe2484d-4628-5e49-bb97-b9251d802053,ETERNAL FIXATOR INSTRUMENTS SET,kesses_equipments.csv,155000.00,
NM14TPD201,NM14TPD201,IM UNIVERSAL FEMUR NAILSINSTRUMENT SET,IM UNIVERSAL FEMUR NAILSINSTRUMENT SET,False,EQUIPMENT,PROSTHETIC/ORTHOTICS,SET,400000,750,init.e22c36c7-e534-550a-8370-e8dfd1e08803,IM UNIVERSAL FEMUR NAILSINSTRUMENT SET,kesses_equipments.csv,400000.00,
NM14TPD202,NM14TPD202,IM UNIVERSAL TIBIA NAILS INSTRUMENT SET,IM UNIVERSAL TIBIA NAILS INSTRUMENT SET,False,EQUIPMENT,PROSTHETIC/ORTHOTICS,SET,400000,751,init.fe755459-7a89-5226-b069-e7aca975ed50,IM UNIVERSAL TIBIA NAILS INSTRUMENT SET,kesses_equipments.csv,400000.00,
NM14TPD199,NM14TPD199,LARGE FRAGMENT INSTRUMENTS SET,LARGE FRAGMENT INSTRUMENTS SET,False,EQUIPMENT,ORTHOPAEDIC HPT,SET,130000,752,init.f16994ea-3f9f-5e5a-8eb4-18bcf38bf7e6,LARGE FRAGMENT INSTRUMENTS SET,kesses_equipments.csv,130000.00,
NM14TPD271,NM14TPD271,OSCILLATING SAW WITH ASSORTED SAW BLADES,OSCILLATING SAW WITH ASSORTED SAW BLADES,False,EQUIPMENT,ORTHOPAEDIC HPT,SET,105000,753,init.f7b5dfda-eddc-5b54-904c-65303f0a92da,OSCILLATING SAW WITH ASSORTED SAW BLADES,kesses_equipments.csv,105000.00,
EM08SUC002,EM08SUC002,SUCTION MACHINE   ELECTRICAL,SUCTION MACHINE ELECTRICAL,True,EQUIPMENT,WARD THERAPEUTIC EQUIPMENT,PIECE,59550,755,init.3a8c098d-423c-5874-a247-bbba3a2fdbfb,SUCTION MACHINE ELECTRICAL,kesses_equipments.csv,59550.00,
NM01BAG045,NM01BAG045,CHVS BACKPACK CARRIER BAG,CHVS BACKPACK CARRIER BAG,False,CHV KITS,BAGS,PIECE,5000,759,init.95922836-696e-5f9d-bdbb-3d5cbb270c58,CHVS BACKPACK CARRIER BAG,kesses_chv.csv,5000.00,
NE03GEA058,NE03GEA058,CHVS JACKET LARGE,CHVS JACKET LARGE,False,CHV KITS,PROTECTIVE CLOTHING & GEAR,PIECE,3400,760,init.633bed3d-b19a-5dba-9d9c-f28a7544ffe9,CHVS JACKET LARGE,kesses_chv.csv,3400.00,
NE03GEA056,NE03GEA056,CHVS JACKET MEDIUM,CHVS JACKET MEDIUM,False,CHV KITS,PROTECTIVE CLOTHING & GEAR,PIECE,3600,761,init.b754e17b-ad83-5b38-98f7-3ce47d7e61d4,CHVS JACKET MEDIUM,kesses_chv.csv,3600.00,
NM14TPD127,NM14TPD127,3.5MM CORTICAL BONE SCREW/FULLY THREADED LENGTH 12MM ST. STEEL,3.5MM CORTICAL BONE SCREW/FULLY THREADED LENGTH 12MM ST. STEEL,False,ORTHOPAEDIC EQUIPMENT,IMPLANTS,PIECE,184,765,init.8528c7f8-1929-5cc4-8675-d4e60c4515b2,3.5MM CORTICAL BONE SCREW/FULLY THREADED LENGTH 12MM ST. STEEL,kesses_orthopaedic.csv,184.00,
NM14TPD128,NM14TPD128,3.5MM CORTICAL BONE SCREW/FULLY THREADED LENGTH 14MM ST. STEEL,3.5MM CORTICAL BONE SCREW/FULLY THREADED LENGTH 14MM ST. STEEL,False,ORTHOPAEDIC EQUIPMENT,IMPLANTS,PIECE,184,766,init.50b390ee-4373-5022-b4d8-b40e8eecf69b,3.5MM CORTICAL BONE SCREW/FULLY THREADED LENGTH 14MM ST. STEEL,kesses_orthopaedic.csv,184.00,
NM14TPD129,NM14TPD129,3.5MM CORTICAL BONE SCREW/FULLY THREADED LENGTH 16MM ST. STEEL,3.5MM CORTICAL BONE SCREW/FULLY THREADED LENGTH 16MM ST. STEEL,False,ORTHOPAEDIC EQUIPMENT,IMPLANTS,PIECE,184,767,init.346768ff-15b6-5c7a-bd4b-89b397091530,3.5MM CORTICAL BONE SCREW/FULLY THREADED LENGTH 16MM ST. STEEL,kesses_orthopaedic.csv,184.00,
NM14TPD130,NM14TPD130,3.5MM CORTICAL BONE SCREW/FULLY THREADED LENGTH 18MM ST. STEEL,3.5MM CORTICAL BONE SCREW/FULLY THREADED LENGTH 18MM ST. STEEL,False,ORTHOPAEDIC EQUIPMENT,IMPLANTS,PIECE,184,768,init.1dca9c71-88e2-5155-9db1-663bbfaf316a,3.5MM CORTICAL BONE SCREW/FULLY THREADED LENGTH 18MM ST. STEEL,kesses_orthopaedic.csv,184.00,
NM14TPD131,NM14TPD131,3.5MM CORTICAL BONE SCREW/FULLY THREADED LENGTH 20MM ST. STEEL,3.5MM CORTICAL BONE SCREW/FULLY THREADED LENGTH 20MM ST. STEEL,False,ORTHOPAEDIC EQUIPMENT,IMPLANTS,PIECE,184,769,init.fa7acc00-7c16-51d4-aab5-0e04780fc004,3.5MM CORTICAL BONE SCREW/FULLY THREADED LENGTH 20MM ST. STEEL,kesses_orthopaedic.csv,184.00,
NM14TPD132,NM14TPD132,3.5MM CORTICAL BONE SCREW/FULLY THREADED LENGTH 22MM ST. STEEL,3.5MM CORTICAL BONE SCREW/FULLY THREADED LENGTH 22MM ST. STEEL,False,ORTHOPAEDIC EQUIPMENT,IMPLANTS,PIECE,184,770,init.0fe1e9ca-7a1b-5e1f-bdca-a72a5c520f58,3.5MM CORTICAL BONE SCREW/FULLY THREADED LENGTH 22MM ST. STEEL,kesses_orthopaedic.csv,184.00,
NM14TPD133,NM14TPD133,3.5MM CORTICAL BONE SCREW/FULLY THREADED LENGTH 24MM ST. STEEL,3.5MM CORTICAL BONE SCREW/FULLY THREADED LENGTH 24MM ST. STEEL,False,ORTHOPAEDIC EQUIPMENT,IMPLANTS,PIECE,184,771,init.a730d13b-275a-59d1-974f-8ed8128406a3,3.5MM CORTICAL BONE SCREW/FULLY THREADED LENGTH 24MM ST. STEEL,kesses_orthopaedic.csv,184.00,
NM14TPD134,NM14TPD134,3.5MM CORTICAL BONE SCREW/FULLY THREADED LENGTH 26MM ST. STEEL,3.5MM CORTICAL BONE SCREW/FULLY THREADED LENGTH 26MM ST. STEEL,False,ORTHOPAEDIC EQUIPMENT,IMPLANTS,PIECE,184,772,init.ec308f00-2ceb-5a3b-bcca-308b1300dc24,3.5MM CORTICAL BONE SCREW/FULLY THREADED LENGTH 26MM ST. STEEL,kesses_orthopaedic.csv,184.00,
NM14TPD135,NM14TPD135,3.5MM CORTICAL BONE SCREW/FULLY THREADED LENGTH 28MM ST. STEEL,3.5MM CORTICAL BONE SCREW/FULLY THREADED LENGTH 28MM ST. STEEL,False,ORTHOPAEDIC EQUIPMENT,IMPLANTS,PIECE,208,773,init.cee85b10-bfde-5187-b094-db8393cd7ab0,3.5MM CORTICAL BONE SCREW/FULLY THREADED LENGTH 28MM ST. STEEL,kesses_orthopaedic.csv,208.00,
NM14TPD136,NM14TPD136,3.5MM CORTICAL BONE SCREW/FULLY THREADED LENGTH 30MM ST. STEEL,3.5MM CORTICAL BONE SCREW/FULLY THREADED LENGTH 30MM ST. STEEL,False,ORTHOPAEDIC EQUIPMENT,IMPLANTS,PIECE,208,774,init.fc29cce7-e82d-5ee2-8341-fd073940a648,3.5MM CORTICAL BONE SCREW/FULLY THREADED LENGTH 30MM ST. STEEL,kesses_orthopaedic.csv,208.00,
NM14TPD123,NM14TPD123,4.0 MM CANCELLOUS BONE SCREW ½ LENGTH 45MMST.STEEL,4.0 MM CANCELLOUS BONE SCREW ½ LENGTH 45MMST.STEEL,False,ORTHOPAEDIC EQUIPMENT,IMPLANTS,PIECE,335,775,init.72cdfdc0-c9f1-5365-b3fb-ebb7c9b8ccf0,4.0 MM CANCELLOUS BONE SCREW ½ LENGTH 45MMST.STEEL,kesses_orthopaedic.csv,335.00,
NM14TPD124,NM14TPD124,4.0 MM CANCELLOUS BONE SCREW ½  LENGTH 50MMST.STEEL,4.0 MM CANCELLOUS BONE SCREW ½ LENGTH 50MMST.STEEL,True,ORTHOPAEDIC EQUIPMENT,IMPLANTS,PIECE,335,776,init.9264c735-f485-5c7d-aacd-5c150cb154e7,4.0 MM CANCELLOUS BONE SCREW ½ LENGTH 50MMST.STEEL,kesses_orthopaedic.csv,335.00,
NM14TPD111,NM14TPD111,4.0 MM CANCELLOUS BONE SCREW ½ THREADED LENGTH 12MM ST. STEEL,4.0 MM CANCELLOUS BONE SCREW ½ THREADED LENGTH 12MM ST. STEEL,False,ORTHOPAEDIC EQUIPMENT,IMPLANTS,PIECE,394,777,init.0ae6e291-a2fe-5bb2-8818-7c9e609fbd6b,4.0 MM CANCELLOUS BONE SCREW ½ THREADED LENGTH 12MM ST. STEEL,kesses_orthopaedic.csv,394.00,
NM14TPD304,NM14TPD304,4.0 MM CANCELLOUS BONE SCREW ½ THREADED LENGTH 14MM ST. STEEL,4.0 MM CANCELLOUS BONE SCREW ½ THREADED LENGTH 14MM ST. STEEL,False,ORTHOPAEDIC EQUIPMENT,IMPLANTS,PIECE,380,778,init.a4f9c953-0769-55a5-8513-f8725b7afb9b,4.0 MM CANCELLOUS BONE SCREW ½ THREADED LENGTH 14MM ST. STEEL,kesses_orthopaedic.csv,380.00,
NM14TPD305,NM14TPD305,4.0 MM CANCELLOUS BONE SCREW ½ THREADED LENGTH 16MM ST. STEEL,4.0 MM CANCELLOUS BONE SCREW ½ THREADED LENGTH 16MM ST. STEEL,False,ORTHOPAEDIC EQUIPMENT,IMPLANTS,PIECE,380,779,init.8c648b7a-df2c-5996-b6f1-89986cb74622,4.0 MM CANCELLOUS BONE SCREW ½ THREADED LENGTH 16MM ST. STEEL,kesses_orthopaedic.csv,380.00,
NM14TPD113,NM14TPD113,4.0 MM CANCELLOUS BONE SCREW ½ THREADED LENGTH 18MM ST. STEEL,4.0 MM CANCELLOUS BONE SCREW ½ THREADED LENGTH 18MM ST. STEEL,False,ORTHOPAEDIC EQUIPMENT,IMPLANTS,PIECE,303,780,init.e3008b32-cc74-5e78-86b9-9d36c7479f07,4.0 MM CANCELLOUS BONE SCREW ½ THREADED LENGTH 18MM ST. STEEL,kesses_orthopaedic.csv,303.00,
NM14TPD114,NM14TPD114,4.0 MM CANCELLOUS BONE SCREW ½ THREADED LENGTH 20MM ST. STEEL,4.0 MM CANCELLOUS BONE SCREW ½ THREADED LENGTH 20MM ST. STEEL,False,ORTHOPAEDIC EQUIPMENT,IMPLANTS,PIECE,303,781,init.a162413d-bb8c-544b-995a-c51dcb2a4c53,4.0 MM CANCELLOUS BONE SCREW ½ THREADED LENGTH 20MM ST. STEEL,kesses_orthopaedic.csv,303.00,
NM14TPD115,NM14TPD115,4.0 MM CANCELLOUS BONE SCREW½ THREADED LENGTH 22MM ST. STEEL,4.0 MM CANCELLOUS BONE SCREW½ THREADED LENGTH 22MM ST. STEEL,False,ORTHOPAEDIC EQUIPMENT,IMPLANTS,PIECE,394,782,init.f52f35f8-7a49-57e0-8370-7c5d6cd2c308,4.0 MM CANCELLOUS BONE SCREW½ THREADED LENGTH 22MM ST. STEEL,kesses_orthopaedic.csv,394.00,
NM14TPD116,NM14TPD116,4.0 MM CANCELLOUS BONE SCREW½  THREADED LENGTH 24MM ST. STEEL,4.0 MM CANCELLOUS BONE SCREW½ THREADED LENGTH 24MM ST. STEEL,True,ORTHOPAEDIC EQUIPMENT,IMPLANTS,PIECE,394,783,init.d8c25da5-fbb9-5844-b3bf-90bebc9aedd5,4.0 MM CANCELLOUS BONE SCREW½ THREADED LENGTH 24MM ST. STEEL,kesses_orthopaedic.csv,394.00,
NM14TPD117,NM14TPD117,4.0 MM CANCELLOUS BONE SCREW ½ THREADED LENGTH 26MMST. STEEL,4.0 MM CANCELLOUS BONE SCREW ½ THREADED LENGTH 26MMST. STEEL,False,ORTHOPAEDIC EQUIPMENT,IMPLANTS,PIECE,394,784,init.20d557b5-eb52-5369-bfc4-cd2cb849a483,4.0 MM CANCELLOUS BONE SCREW ½ THREADED LENGTH 26MMST. STEEL,kesses_orthopaedic.csv,394.00,
NM14TPD118,NM14TPD118,4.0 MM CANCELLOUS BONE SCREW ½ THREADED LENGTH 28MMST.STEEL,4.0 MM CANCELLOUS BONE SCREW ½ THREADED LENGTH 28MMST.STEEL,False,ORTHOPAEDIC EQUIPMENT,IMPLANTS,PIECE,436,785,init.644f51af-8da5-55ff-b609-3d08f21b96c9,4.0 MM CANCELLOUS BONE SCREW ½ THREADED LENGTH 28MMST.STEEL,kesses_orthopaedic.csv,436.00,
NM14TPD119,NM14TPD119,4.0 MM CANCELLOUS BONE SCREW½ THREADED LENGTH 30MMST.STEEL,4.0 MM CANCELLOUS BONE SCREW½ THREADED LENGTH 30MMST.STEEL,False,ORTHOPAEDIC EQUIPMENT,IMPLANTS,PIECE,436,786,init.b78cb658-329f-5c3c-b368-b927b390a06a,4.0 MM CANCELLOUS BONE SCREW½ THREADED LENGTH 30MMST.STEEL,kesses_orthopaedic.csv,436.00,
NM14TPD120,NM14TPD120,4.0 MM CANCELLOUS BONE SCREW ½ THREADED LENGTH 32MMST.STEEL,4.0 MM CANCELLOUS BONE SCREW ½ THREADED LENGTH 32MMST.STEEL,False,ORTHOPAEDIC EQUIPMENT,IMPLANTS,PIECE,436,787,init.acc77ca3-2ff4-5efb-8fdf-013e3486ecab,4.0 MM CANCELLOUS BONE SCREW ½ THREADED LENGTH 32MMST.STEEL,kesses_orthopaedic.csv,436.00,
NM14TPD121,NM14TPD121,4.0 MM CANCELLOUS BONE SCREW  ½ THREADED LENGTH 35MMST.STEEL,4.0 MM CANCELLOUS BONE SCREW ½ THREADED LENGTH 35MMST.STEEL,True,ORTHOPAEDIC EQUIPMENT,IMPLANTS,PIECE,436,788,init.ebb36201-c165-552f-bfe9-ec4e47838b10,4.0 MM CANCELLOUS BONE SCREW ½ THREADED LENGTH 35MMST.STEEL,kesses_orthopaedic.csv,436.00,
NM14TPD122,NM14TPD122,4.0 MM CANCELLOUS BONE SCREW ½  THREADED LENGTH 40MMST.STEEL,4.0 MM CANCELLOUS BONE SCREW ½ THREADED LENGTH 40MMST.STEEL,True,ORTHOPAEDIC EQUIPMENT,IMPLANTS,PIECE,335,789,init.b0e5e950-09c5-5683-b42c-1baf8eadc63e,4.0 MM CANCELLOUS BONE SCREW ½ THREADED LENGTH 40MMST.STEEL,kesses_orthopaedic.csv,335.00,
NM14TPD125,NM14TPD125,4.0 MM CANCELLOUS BONE SCREW ½   THREADED LENGTH 55MMST.STEEL,4.0 MM CANCELLOUS BONE SCREW ½ THREADED LENGTH 55MMST.STEEL,True,ORTHOPAEDIC EQUIPMENT,IMPLANTS,PIECE,471,790,init.41318cec-c443-5bbe-bca7-7f8387ff9d03,4.0 MM CANCELLOUS BONE SCREW ½ THREADED LENGTH 55MMST.STEEL,kesses_orthopaedic.csv,471.00,
NM14TPD126,NM14TPD126,4.0 MM CANCELLOUS BONE SCREW  ½ THREADED LENGTH60MMST.STEEL,4.0 MM CANCELLOUS BONE SCREW ½ THREADED LENGTH60MMST.STEEL,True,ORTHOPAEDIC EQUIPMENT,IMPLANTS,PIECE,362,791,init.8f7011b4-4082-58ef-a049-64a3c1bfd001,4.0 MM CANCELLOUS BONE SCREW ½ THREADED LENGTH60MMST.STEEL,kesses_orthopaedic.csv,362.00,
NM14TPD098,NM14TPD098,4.0 MM CANCELLOUS BONE SCREW/FULLY THREADED LENGTH 16MMST.STEEL,4.0 MM CANCELLOUS BONE SCREW/FULLY THREADED LENGTH 16MMST.STEEL,False,ORTHOPAEDIC EQUIPMENT,IMPLANTS,PIECE,303,792,init.9db5ed04-5814-5fc3-ba73-f66aa7479267,4.0 MM CANCELLOUS BONE SCREW/FULLY THREADED LENGTH 16MMST.STEEL,kesses_orthopaedic.csv,303.00,
NM14TPD099,NM14TPD099,4.0 MM CANCELLOUS BONE SCREW/FULLY THREADED LENGTH 18MMST.STEEL,4.0 MM CANCELLOUS BONE SCREW/FULLY THREADED LENGTH 18MMST.STEEL,False,ORTHOPAEDIC EQUIPMENT,IMPLANTS,PIECE,303,793,init.0f53981e-4f61-50ec-901f-830668387067,4.0 MM CANCELLOUS BONE SCREW/FULLY THREADED LENGTH 18MMST.STEEL,kesses_orthopaedic.csv,303.00,
NM14TPD100,NM14TPD100,4.0 MM CANCELLOUS BONE SCREW/FULLY THREADED LENGTH 20MMST.STEEL,4.0 MM CANCELLOUS BONE SCREW/FULLY THREADED LENGTH 20MMST.STEEL,False,ORTHOPAEDIC EQUIPMENT,IMPLANTS,PIECE,303,794,init.09fea112-2ea0-56fd-88bf-a3e56d7b812b,4.0 MM CANCELLOUS BONE SCREW/FULLY THREADED LENGTH 20MMST.STEEL,kesses_orthopaedic.csv,303.00,
NM14TPD290,NM14TPD290,4.0 MM CANCELLOUS BONE SCREW/FULLY THREADED LENGTH 22MMST.STEEL,4.0 MM CANCELLOUS BONE SCREW/FULLY THREADED LENGTH 22MMST.STEEL,False,ORTHOPAEDIC EQUIPMENT,IMPLANTS,PIECE,303,795,init.fb198c09-ab36-5ce7-9239-abdac9a0bb70,4.0 MM CANCELLOUS BONE SCREW/FULLY THREADED LENGTH 22MMST.STEEL,kesses_orthopaedic.csv,303.00,
NM14TPD102,NM14TPD102,4.0 MM CANCELLOUS BONE SCREW/FULLY THREADED LENGTH 24MMST.STEEL,4.0 MM CANCELLOUS BONE SCREW/FULLY THREADED LENGTH 24MMST.STEEL,False,ORTHOPAEDIC EQUIPMENT,IMPLANTS,PIECE,303,796,init.03dd3b59-9ae2-54f4-9761-c6ae64c301b3,4.0 MM CANCELLOUS BONE SCREW/FULLY THREADED LENGTH 24MMST.STEEL,kesses_orthopaedic.csv,303.00,
NM14TPD103,NM14TPD103,4.0 MM CANCELLOUS BONE SCREW/FULLY THREADED LENGTH 26MMST.STEEL,4.0 MM CANCELLOUS BONE SCREW/FULLY THREADED LENGTH 26MMST.STEEL,False,ORTHOPAEDIC EQUIPMENT,IMPLANTS,PIECE,303,797,init.7ec80897-9f8f-51ac-bd76-09cf9e9bc62a,4.0 MM CANCELLOUS BONE SCREW/FULLY THREADED LENGTH 26MMST.STEEL,kesses_orthopaedic.csv,303.00,
NM14TPD104,NM14TPD104,4.0 MM CANCELLOUS BONE SCREW/FULLY THREADED LENGTH 28MMST.STEEL,4.0 MM CANCELLOUS BONE SCREW/FULLY THREADED LENGTH 28MMST.STEEL,False,ORTHOPAEDIC EQUIPMENT,IMPLANTS,PIECE,335,798,init.f0938531-83c2-5af1-8d31-78934b9d5868,4.0 MM CANCELLOUS BONE SCREW/FULLY THREADED LENGTH 28MMST.STEEL,kesses_orthopaedic.csv,335.00,
NM14TPD105,NM14TPD105,4.0 MM CANCELLOUS BONE SCREW/FULLY THREADED LENGTH 30MMST.STEEL,4.0 MM CANCELLOUS BONE SCREW/FULLY THREADED LENGTH 30MMST.STEEL,False,ORTHOPAEDIC EQUIPMENT,IMPLANTS,PIECE,335,799,init.5eae9472-18bb-5f3f-9528-45ef6819e608,4.0 MM CANCELLOUS BONE SCREW/FULLY THREADED LENGTH 30MMST.STEEL,kesses_orthopaedic.csv,335.00,
NM14TPD106,NM14TPD106,4.0 MM CANCELLOUS BONE SCREW/FULLY THREADED LENGTH 35MMST.STEEL,4.0 MM CANCELLOUS BONE SCREW/FULLY THREADED LENGTH 35MMST.STEEL,False,ORTHOPAEDIC EQUIPMENT,IMPLANTS,PIECE,335,800,init.6b2c59aa-9253-556b-a4ad-c486dd7a0aed,4.0 MM CANCELLOUS BONE SCREW/FULLY THREADED LENGTH 35MMST.STEEL,kesses_orthopaedic.csv,335.00,
NM14TPD107,NM14TPD107,4.0 MM CANCELLOUS BONE SCREW/FULLY THREADED LENGTH 45MMST.STEEL,4.0 MM CANCELLOUS BONE SCREW/FULLY THREADED LENGTH 45MMST.STEEL,False,ORTHOPAEDIC EQUIPMENT,IMPLANTS,PIECE,335,801,init.cbe0c50c-8147-5855-a043-cab94ba0a2e9,4.0 MM CANCELLOUS BONE SCREW/FULLY THREADED LENGTH 45MMST.STEEL,kesses_orthopaedic.csv,335.00,
NM14TPD108,NM14TPD108,4.0 MM CANCELLOUS BONE SCREW/FULLY THREADED LENGTH 50MMST.STEEL,4.0 MM CANCELLOUS BONE SCREW/FULLY THREADED LENGTH 50MMST.STEEL,False,ORTHOPAEDIC EQUIPMENT,IMPLANTS,PIECE,335,802,init.ad212b0c-8344-5a95-ac4b-12cc80c1c81f,4.0 MM CANCELLOUS BONE SCREW/FULLY THREADED LENGTH 50MMST.STEEL,kesses_orthopaedic.csv,335.00,
NM14TPD109,NM14TPD109,4.0 MM CANCELLOUS BONE SCREW/FULLY THREADED LENGTH 55MMST.STEEL,4.0 MM CANCELLOUS BONE SCREW/FULLY THREADED LENGTH 55MMST.STEEL,False,ORTHOPAEDIC EQUIPMENT,IMPLANTS,PIECE,362,803,init.96282671-56e3-5f0b-8ac4-60c6253b876d,4.0 MM CANCELLOUS BONE SCREW/FULLY THREADED LENGTH 55MMST.STEEL,kesses_orthopaedic.csv,362.00,
NM14TPD110,NM14TPD110,4.0 MM CANCELLOUS BONE SCREW/FULLY THREADED LENGTH 60MMST.STEEL,4.0 MM CANCELLOUS BONE SCREW/FULLY THREADED LENGTH 60MMST.STEEL,False,ORTHOPAEDIC EQUIPMENT,IMPLANTS,PIECE,362,804,init.94c064fd-29e4-50c7-a2ba-f79f246aefde,4.0 MM CANCELLOUS BONE SCREW/FULLY THREADED LENGTH 60MMST.STEEL,kesses_orthopaedic.csv,362.00,
NM14TPD018,NM14TPD018,4.5MM CORTEX SCREW LENGTH 14MM ST. STEEL,4.5MM CORTEX SCREW LENGTH 14MM ST. STEEL,False,ORTHOPAEDIC EQUIPMENT,IMPLANTS,PIECE,265,805,init.36ac47ec-7970-532b-95a4-6c3c07b3cedb,4.5MM CORTEX SCREW LENGTH 14MM ST. STEEL,kesses_orthopaedic.csv,265.00,
NM14TPD019,NM14TPD019,4.5MM CORTEX SCREW LENGTH 16MM ST. STEEL,4.5MM CORTEX SCREW LENGTH 16MM ST. STEEL,False,ORTHOPAEDIC EQUIPMENT,IMPLANTS,PIECE,265,806,init.a1a56d16-9569-5a0d-92aa-f8fc7ecbcaf3,4.5MM CORTEX SCREW LENGTH 16MM ST. STEEL,kesses_orthopaedic.csv,265.00,
NM14TPD020,NM14TPD020,4.5MM CORTEX SCREW LENGTH 18MM ST. STEEL,4.5MM CORTEX SCREW LENGTH 18MM ST. STEEL,False,ORTHOPAEDIC EQUIPMENT,IMPLANTS,PIECE,265,807,init.e9556106-dfa6-563f-8d0d-c149addb84e5,4.5MM CORTEX SCREW LENGTH 18MM ST. STEEL,kesses_orthopaedic.csv,265.00,
NM14TPD021,NM14TPD021,4.5MM CORTEX SCREW LENGTH 20MM ST. STEEL,4.5MM CORTEX SCREW LENGTH 20MM ST. STEEL,False,ORTHOPAEDIC EQUIPMENT,IMPLANTS,PIECE,265,808,init.efac7770-bf40-5c6d-a942-202dc739aea3,4.5MM CORTEX SCREW LENGTH 20MM ST. STEEL,kesses_orthopaedic.csv,265.00,
NM14TPD022,NM14TPD022,4.5MM CORTEX SCREW LENGTH 22MM ST. STEEL,4.5MM CORTEX SCREW LENGTH 22MM ST. STEEL,False,ORTHOPAEDIC EQUIPMENT,IMPLANTS,PIECE,265,809,init.43ebb686-3b69-567d-bbe7-e8beb3c83b45,4.5MM CORTEX SCREW LENGTH 22MM ST. STEEL,kesses_orthopaedic.csv,265.00,
NM14TPD032,NM14TPD032,4.5MM CORTEX SCREW LENGTH 48MM ST. STEEL,4.5MM CORTEX SCREW LENGTH 48MM ST. STEEL,False,ORTHOPAEDIC EQUIPMENT,IMPLANTS,PIECE,277,810,init.7b5fbed4-503a-5592-bcbe-582b5b1236d3,4.5MM CORTEX SCREW LENGTH 48MM ST. STEEL,kesses_orthopaedic.csv,277.00,
NM14TPD033,NM14TPD033,4.5MM CORTEX SCREW LENGTH 50MM ST. STEEL,4.5MM CORTEX SCREW LENGTH 50MM ST. STEEL,False,ORTHOPAEDIC EQUIPMENT,IMPLANTS,Each,277,811,init.72d5d50e-c805-5c47-8198-7c43ae096fab,4.5MM CORTEX SCREW LENGTH 50MM ST. STEEL,kesses_orthopaedic.csv,277.00,
NM14TPD034,NM14TPD034,4.5MM CORTEX SCREW LENGTH 52MM ST. STEEL,4.5MM CORTEX SCREW LENGTH 52MM ST. STEEL,False,ORTHOPAEDIC EQUIPMENT,IMPLANTS,PIECE,317,812,init.bfd6f7c1-f11a-5710-9732-1782faede40f,4.5MM CORTEX SCREW LENGTH 52MM ST. STEEL,kesses_orthopaedic.csv,317.00,
NM14TPD035,NM14TPD035,4.5MM CORTEX SCREW LENGTH 54MM ST. STEEL,4.5MM CORTEX SCREW LENGTH 54MM ST. STEEL,False,ORTHOPAEDIC EQUIPMENT,IMPLANTS,PIECE,317,813,init.e43044f6-bce3-5389-aea4-e34cc03813f1,4.5MM CORTEX SCREW LENGTH 54MM ST. STEEL,kesses_orthopaedic.csv,317.00,
NM14TPD036,NM14TPD036,4.5MM CORTEX SCREW LENGTH 56MM ST. STEEL,4.5MM CORTEX SCREW LENGTH 56MM ST. STEEL,False,ORTHOPAEDIC EQUIPMENT,IMPLANTS,PIECE,317,814,init.901ac16a-2370-51bf-b3e3-e1368fc7340c,4.5MM CORTEX SCREW LENGTH 56MM ST. STEEL,kesses_orthopaedic.csv,317.00,
NM14TPD037,NM14TPD037,4.5MM CORTEX SCREW LENGTH 58MM ST. STEEL,4.5MM CORTEX SCREW LENGTH 58MM ST. STEEL,False,ORTHOPAEDIC EQUIPMENT,IMPLANTS,PIECE,317,815,init.77abeb06-460e-5304-94e3-087937bb43b9,4.5MM CORTEX SCREW LENGTH 58MM ST. STEEL,kesses_orthopaedic.csv,317.00,
NM14TPD038,NM14TPD038,4.5MM CORTEX SCREW LENGTH 60MM ST. STEEL,4.5MM CORTEX SCREW LENGTH 60MM ST. STEEL,False,ORTHOPAEDIC EQUIPMENT,IMPLANTS,PIECE,317,816,init.419d7736-fba6-56d4-9378-afdb994be409,4.5MM CORTEX SCREW LENGTH 60MM ST. STEEL,kesses_orthopaedic.csv,317.00,
NM14TPD046,NM14TPD046,6.5MM CANCELLOUS BONE SCREW/16MM LENGTH 100MM ST. STEEL,6.5MM CANCELLOUS BONE SCREW/16MM LENGTH 100MM ST. STEEL,False,ORTHOPAEDIC EQUIPMENT,IMPLANTS,PIECE,545,817,init.13e885f2-8f6d-5f29-9904-0f3fe6627493,6.5MM CANCELLOUS BONE SCREW/16MM LENGTH 100MM ST. STEEL,kesses_orthopaedic.csv,545.00,
NM14TPD047,NM14TPD047,6.5MM CANCELLOUS BONE SCREW/16MM LENGTH 105MM ST. STEEL,6.5MM CANCELLOUS BONE SCREW/16MM LENGTH 105MM ST. STEEL,False,ORTHOPAEDIC EQUIPMENT,IMPLANTS,PIECE,550,818,init.41f455aa-6f08-51f4-a207-cf03cd65c287,6.5MM CANCELLOUS BONE SCREW/16MM LENGTH 105MM ST. STEEL,kesses_orthopaedic.csv,550.00,
NM14TPD039,NM14TPD039,6.5MM CANCELLOUS BONE SCREW/16MM LENGTH 65MM ST. STEEL,6.5MM CANCELLOUS BONE SCREW/16MM LENGTH 65MM ST. STEEL,False,ORTHOPAEDIC EQUIPMENT,IMPLANTS,PIECE,465,819,init.be36f778-4bb9-542d-8b40-664e70cc7462,6.5MM CANCELLOUS BONE SCREW/16MM LENGTH 65MM ST. STEEL,kesses_orthopaedic.csv,465.00,
NM14TPD040,NM14TPD040,6.5MM CANCELLOUS BONE SCREW/16MM LENGTH 70MM ST. STEEL,6.5MM CANCELLOUS BONE SCREW/16MM LENGTH 70MM ST. STEEL,False,ORTHOPAEDIC EQUIPMENT,IMPLANTS,PIECE,470,820,init.ea03043a-571c-56e6-b919-2360a6a62f8c,6.5MM CANCELLOUS BONE SCREW/16MM LENGTH 70MM ST. STEEL,kesses_orthopaedic.csv,470.00,
NM14TPD041,NM14TPD041,6.5MM CANCELLOUS BONE SCREW/16MM LENGTH 75MM ST. STEEL,6.5MM CANCELLOUS BONE SCREW/16MM LENGTH 75MM ST. STEEL,False,ORTHOPAEDIC EQUIPMENT,IMPLANTS,PIECE,485,821,init.e9c8e5c2-73ba-5aeb-b70c-4bc9e37b75a5,6.5MM CANCELLOUS BONE SCREW/16MM LENGTH 75MM ST. STEEL,kesses_orthopaedic.csv,485.00,
NM14TPD042,NM14TPD042,6.5MM CANCELLOUS BONE SCREW/16MM LENGTH80 ST. STEEL,6.5MM CANCELLOUS BONE SCREW/16MM LENGTH80 ST. STEEL,False,ORTHOPAEDIC EQUIPMENT,IMPLANTS,PIECE,485,822,init.e5b567a8-067e-5d37-80e8-1ae7e05f0e55,6.5MM CANCELLOUS BONE SCREW/16MM LENGTH80 ST. STEEL,kesses_orthopaedic.csv,485.00,
NM14TPD043,NM14TPD043,6.5MM CANCELLOUS BONE SCREW/16MM LENGTH 85MM ST. STEEL,6.5MM CANCELLOUS BONE SCREW/16MM LENGTH 85MM ST. STEEL,False,ORTHOPAEDIC EQUIPMENT,IMPLANTS,PIECE,485,823,init.33f24e9e-dc3b-5666-a86a-fddcaf79173b,6.5MM CANCELLOUS BONE SCREW/16MM LENGTH 85MM ST. STEEL,kesses_orthopaedic.csv,485.00,
NM14TPD044,NM14TPD044,6.5MM CANCELLOUS BONE SCREW/16MM LENGTH 90MM ST. STEEL,6.5MM CANCELLOUS BONE SCREW/16MM LENGTH 90MM ST. STEEL,False,ORTHOPAEDIC EQUIPMENT,IMPLANTS,PIECE,525,824,init.b2d00a6c-3e5e-5022-ac2e-33516509bcae,6.5MM CANCELLOUS BONE SCREW/16MM LENGTH 90MM ST. STEEL,kesses_orthopaedic.csv,525.00,
NM14TPD045,NM14TPD045,6.5MM CANCELLOUS BONE SCREW/16MM LENGTH 95MM ST. STEEL,6.5MM CANCELLOUS BONE SCREW/16MM LENGTH 95MM ST. STEEL,False,ORTHOPAEDIC EQUIPMENT,IMPLANTS,PIECE,535,825,init.25c2eb1f-6c04-5ebd-9af5-f5e399c5caf8,6.5MM CANCELLOUS BONE SCREW/16MM LENGTH 95MM ST. STEEL,kesses_orthopaedic.csv,535.00,
NM14TPD048,NM14TPD048,6.5MM CANCELLOUS BONE SCREW/32MM LENGTH25MM ST. STEEL,6.5MM CANCELLOUS BONE SCREW/32MM LENGTH25MM ST. STEEL,False,ORTHOPAEDIC EQUIPMENT,IMPLANTS,PIECE,465,826,init.f258b97b-4639-5cfe-85ce-e269f08cf63e,6.5MM CANCELLOUS BONE SCREW/32MM LENGTH25MM ST. STEEL,kesses_orthopaedic.csv,465.00,
NM14TPD049,NM14TPD049,6.5MM CANCELLOUS BONE SCREW/32MM LENGTH 30MM ST. STEEL,6.5MM CANCELLOUS BONE SCREW/32MM LENGTH 30MM ST. STEEL,False,ORTHOPAEDIC EQUIPMENT,IMPLANTS,PIECE,465,827,init.6e7006b7-576c-5ee1-b685-cb79c7eb3556,6.5MM CANCELLOUS BONE SCREW/32MM LENGTH 30MM ST. STEEL,kesses_orthopaedic.csv,465.00,
NM14TPD050,NM14TPD050,6.5MM CANCELLOUS BONE SCREW/32MM LENGTH 35MM ST. STEEL,6.5MM CANCELLOUS BONE SCREW/32MM LENGTH 35MM ST. STEEL,False,ORTHOPAEDIC EQUIPMENT,IMPLANTS,PIECE,465,828,init.08388904-fe8e-55b5-b94c-05ead69df6d2,6.5MM CANCELLOUS BONE SCREW/32MM LENGTH 35MM ST. STEEL,kesses_orthopaedic.csv,465.00,
NM14TPD051,NM14TPD051,6.5MM CANCELLOUS BONE SCREW/32MM LENGTH 40MM ST. STEEL,6.5MM CANCELLOUS BONE SCREW/32MM LENGTH 40MM ST. STEEL,False,ORTHOPAEDIC EQUIPMENT,IMPLANTS,PIECE,465,829,init.06b929dc-db01-51a4-a37e-d20b01b0a4d0,6.5MM CANCELLOUS BONE SCREW/32MM LENGTH 40MM ST. STEEL,kesses_orthopaedic.csv,465.00,
NM14TPD052,NM14TPD052,6.5MM CANCELLOUS BONE SCREW/32MM LENGTH 45MM ST. STEEL,6.5MM CANCELLOUS BONE SCREW/32MM LENGTH 45MM ST. STEEL,False,ORTHOPAEDIC EQUIPMENT,IMPLANTS,PIECE,465,830,init.a24684f7-799a-51af-8ebe-0f8b5107c34b,6.5MM CANCELLOUS BONE SCREW/32MM LENGTH 45MM ST. STEEL,kesses_orthopaedic.csv,465.00,
NM14TPD053,NM14TPD053,6.5MM CANCELLOUS BONE SCREW/32MM LENGTH 50MM ST. STEEL,6.5MM CANCELLOUS BONE SCREW/32MM LENGTH 50MM ST. STEEL,False,ORTHOPAEDIC EQUIPMENT,IMPLANTS,PIECE,465,831,init.ffde6139-624b-55df-a26a-7aeb90b50341,6.5MM CANCELLOUS BONE SCREW/32MM LENGTH 50MM ST. STEEL,kesses_orthopaedic.csv,465.00,
NM14TPD054,NM14TPD054,6.5MM CANCELLOUS BONE SCREW/FULLY THREADED LENGTH 20MMST.STEEL,6.5MM CANCELLOUS BONE SCREW/FULLY THREADED LENGTH 20MMST.STEEL,False,ORTHOPAEDIC EQUIPMENT,IMPLANTS,PIECE,343,832,init.e368b42c-f939-5097-9140-91319105a5a1,6.5MM CANCELLOUS BONE SCREW/FULLY THREADED LENGTH 20MMST.STEEL,kesses_orthopaedic.csv,343.00,
NM14TPD055,NM14TPD055,6.5MM CANCELLOUS BONE SCREW/FULLY THREADED LENGTH 25MM ST. STEEL,6.5MM CANCELLOUS BONE SCREW/FULLY THREADED LENGTH 25MM ST. STEEL,False,ORTHOPAEDIC EQUIPMENT,IMPLANTS,PIECE,343,833,init.0f47dc65-5a57-56bd-bb62-81fa465f6bd3,6.5MM CANCELLOUS BONE SCREW/FULLY THREADED LENGTH 25MM ST. STEEL,kesses_orthopaedic.csv,343.00,
NM14TPD056,NM14TPD056,6.5MM CANCELLOUS BONE SCREW/FULLY THREADED LENGTH 30MM ST. STEEL,6.5MM CANCELLOUS BONE SCREW/FULLY THREADED LENGTH 30MM ST. STEEL,False,ORTHOPAEDIC EQUIPMENT,IMPLANTS,PIECE,343,834,init.7a4facb1-67bf-57ed-ad0f-6c2a91d9e3fb,6.5MM CANCELLOUS BONE SCREW/FULLY THREADED LENGTH 30MM ST. STEEL,kesses_orthopaedic.csv,343.00,
NM14TPD057,NM14TPD057,6.5MM CANCELLOUS BONE SCREW/FULLY THREADED LENGTH 35MM ST. STEEL,6.5MM CANCELLOUS BONE SCREW/FULLY THREADED LENGTH 35MM ST. STEEL,False,ORTHOPAEDIC EQUIPMENT,IMPLANTS,PIECE,343,835,init.8c15814d-49d4-5972-a356-af9ca32376b3,6.5MM CANCELLOUS BONE SCREW/FULLY THREADED LENGTH 35MM ST. STEEL,kesses_orthopaedic.csv,343.00,
NM14TPD058,NM14TPD058,6.5MM CANCELLOUS BONE SCREW/FULLY THREADED LENGTH 40MM ST. STEEL,6.5MM CANCELLOUS BONE SCREW/FULLY THREADED LENGTH 40MM ST. STEEL,False,ORTHOPAEDIC EQUIPMENT,IMPLANTS,PIECE,343,836,init.0cfebd17-4371-5a59-97f1-c35ca951947c,6.5MM CANCELLOUS BONE SCREW/FULLY THREADED LENGTH 40MM ST. STEEL,kesses_orthopaedic.csv,343.00,
NM14TPD059,NM14TPD059,6.5MM CANCELLOUS BONE SCREW/FULLY THREADED LENGTH 45MM ST. STEEL,6.5MM CANCELLOUS BONE SCREW/FULLY THREADED LENGTH 45MM ST. STEEL,False,ORTHOPAEDIC EQUIPMENT,IMPLANTS,PIECE,400,837,init.bd79bca3-afaa-5d4a-a656-10d6c8455912,6.5MM CANCELLOUS BONE SCREW/FULLY THREADED LENGTH 45MM ST. STEEL,kesses_orthopaedic.csv,400.00,
NM14TPD060,NM14TPD060,6.5MM CANCELLOUS BONE SCREW/FULLY THREADED LENGTH 50MM ST. STEEL,6.5MM CANCELLOUS BONE SCREW/FULLY THREADED LENGTH 50MM ST. STEEL,False,ORTHOPAEDIC EQUIPMENT,IMPLANTS,PIECE,400,838,init.4c5d2f71-c35e-5860-b5fb-fbf9ca2bceb3,6.5MM CANCELLOUS BONE SCREW/FULLY THREADED LENGTH 50MM ST. STEEL,kesses_orthopaedic.csv,400.00,
NM14TPD061,NM14TPD061,6.5MM CANCELLOUS BONE SCREW/FULLY THREADED LENGTH 55MM ST. STEEL,6.5MM CANCELLOUS BONE SCREW/FULLY THREADED LENGTH 55MM ST. STEEL,False,ORTHOPAEDIC EQUIPMENT,IMPLANTS,PIECE,400,839,init.1b47903a-2f15-5a29-92e4-8f4d16c03877,6.5MM CANCELLOUS BONE SCREW/FULLY THREADED LENGTH 55MM ST. STEEL,kesses_orthopaedic.csv,400.00,
NM14TPD062,NM14TPD062,6.5MM CANCELLOUS BONE SCREW/FULLY THREADED LENGTH 60MM ST. STEEL,6.5MM CANCELLOUS BONE SCREW/FULLY THREADED LENGTH 60MM ST. STEEL,False,ORTHOPAEDIC EQUIPMENT,IMPLANTS,PIECE,400,840,init.986fb493-6c36-5ee3-a64f-cb90579ce94b,6.5MM CANCELLOUS BONE SCREW/FULLY THREADED LENGTH 60MM ST. STEEL,kesses_orthopaedic.csv,400.00,
NM14TPD190,NM14TPD190,7.3 CANNULATED SCREW SELF-DRILLING SELF-TAPPING LENGTHN 100 MM SS/TAN,7.3 CANNULATED SCREW SELF-DRILLING SELF-TAPPING LENGTHN 100 MM SS/TAN,False,ORTHOPAEDIC EQUIPMENT,ORTHOPAEDIC HPT,PIECE,1500,841,init.d284831c-4c6f-5f20-bc7d-0cc32f7de05f,7.3 CANNULATED SCREW SELF-DRILLING SELF-TAPPING LENGTHN 100 MM SS/TAN,kesses_orthopaedic.csv,1500.00,
NM14TPD191,NM14TPD191,7.3 CANNULATED SCREW SELF-DRILLING SELF-TAPPING LENGTHN 105 MM SS/TAN,7.3 CANNULATED SCREW SELF-DRILLING SELF-TAPPING LENGTHN 105 MM SS/TAN,False,ORTHOPAEDIC EQUIPMENT,IMPLANTS,PIECE,1500,842,init.d1ad01eb-8a2a-5604-b1d3-83c7f5fc6e98,7.3 CANNULATED SCREW SELF-DRILLING SELF-TAPPING LENGTHN 105 MM SS/TAN,kesses_orthopaedic.csv,1500.00,
NM14TPD192,NM14TPD192,7.3 CANNULATED SCREW SELF-DRILLING SELF-TAPPING LENGTHN 110 MM SS/TAN,7.3 CANNULATED SCREW SELF-DRILLING SELF-TAPPING LENGTHN 110 MM SS/TAN,False,ORTHOPAEDIC EQUIPMENT,ORTHOPAEDIC HPT,PIECE,1500,843,init.4c855a76-25b9-5a66-a271-1fbab70f82b0,7.3 CANNULATED SCREW SELF-DRILLING SELF-TAPPING LENGTHN 110 MM SS/TAN,kesses_orthopaedic.csv,1500.00,
NM14TPD193,NM14TPD193,7.3 CANNULATED SCREW SELF-DRILLING SELF-TAPPING LENGTHN 115 MM SS/TAN,7.3 CANNULATED SCREW SELF-DRILLING SELF-TAPPING LENGTHN 115 MM SS/TAN,False,ORTHOPAEDIC EQUIPMENT,ORTHOPAEDIC HPT,PIECE,1500,844,init.0e515dd4-0240-56a7-abbe-72d8bf560d27,7.3 CANNULATED SCREW SELF-DRILLING SELF-TAPPING LENGTHN 115 MM SS/TAN,kesses_orthopaedic.csv,1500.00,
NM14TPD183,NM14TPD183,7.3 CANNULATED SCREW SELF-DRILLING SELF-TAPPING LENGTHN 50MM SS/TAN,7.3 CANNULATED SCREW SELF-DRILLING SELF-TAPPING LENGTHN 50MM SS/TAN,False,ORTHOPAEDIC EQUIPMENT,ORTHOPAEDIC HPT,PIECE,1317,845,init.be3250e8-2c3c-558e-89d4-367f5c0610b1,7.3 CANNULATED SCREW SELF-DRILLING SELF-TAPPING LENGTHN 50MM SS/TAN,kesses_orthopaedic.csv,1317.00,
NM14TPD184,NM14TPD184,7.3 CANNULATED SCREW SELF-DRILLING SELF-TAPPING LENGTHN 70MM SS/TAN,7.3 CANNULATED SCREW SELF-DRILLING SELF-TAPPING LENGTHN 70MM SS/TAN,False,ORTHOPAEDIC EQUIPMENT,ORTHOPAEDIC HPT,PIECE,1317,846,init.c7b05a91-76e3-50da-ba67-dbce609925fd,7.3 CANNULATED SCREW SELF-DRILLING SELF-TAPPING LENGTHN 70MM SS/TAN,kesses_orthopaedic.csv,1317.00,
NM14TPD185,NM14TPD185,7.3 CANNULATED SCREW SELF-DRILLING SELF-TAPPING LENGTHN 75MM SS/TAN,7.3 CANNULATED SCREW SELF-DRILLING SELF-TAPPING LENGTHN 75MM SS/TAN,False,ORTHOPAEDIC EQUIPMENT,IMPLANTS,PIECE,1317,847,init.111b9aaf-4fde-50c5-b85f-107579324d85,7.3 CANNULATED SCREW SELF-DRILLING SELF-TAPPING LENGTHN 75MM SS/TAN,kesses_orthopaedic.csv,1317.00,
NM14TPD186,NM14TPD186,7.3 CANNULATED SCREW SELF-DRILLING SELF-TAPPING LENGTHN 80MM SS/TAN,7.3 CANNULATED SCREW SELF-DRILLING SELF-TAPPING LENGTHN 80MM SS/TAN,False,ORTHOPAEDIC EQUIPMENT,ORTHOPAEDIC HPT,PIECE,1500,848,init.24a62da9-7cbe-52dc-a29a-98e95d118e6b,7.3 CANNULATED SCREW SELF-DRILLING SELF-TAPPING LENGTHN 80MM SS/TAN,kesses_orthopaedic.csv,1500.00,
NM14TPD187,NM14TPD187,7.3 CANNULATED SCREW SELF-DRILLING SELF-TAPPING LENGTHN 85MM SS/TAN,7.3 CANNULATED SCREW SELF-DRILLING SELF-TAPPING LENGTHN 85MM SS/TAN,False,ORTHOPAEDIC EQUIPMENT,ORTHOPAEDIC HPT,PIECE,1500,849,init.b3343e64-d32d-56d0-8d5a-0ce07d194952,7.3 CANNULATED SCREW SELF-DRILLING SELF-TAPPING LENGTHN 85MM SS/TAN,kesses_orthopaedic.csv,1500.00,
NM14TPD188,NM14TPD188,7.3 CANNULATED SCREW SELF-DRILLING SELF-TAPPING LENGTHN 90MM SS/TAN,7.3 CANNULATED SCREW SELF-DRILLING SELF-TAPPING LENGTHN 90MM SS/TAN,False,ORTHOPAEDIC EQUIPMENT,ORTHOPAEDIC HPT,PIECE,1500,850,init.f9d566af-20d2-573a-85a7-58c67aa4ef12,7.3 CANNULATED SCREW SELF-DRILLING SELF-TAPPING LENGTHN 90MM SS/TAN,kesses_orthopaedic.csv,1500.00,
NM14TPD189,NM14TPD189,7.3 CANNULATED SCREW SELF-DRILLING SELF-TAPPING LENGTHN 95MM SS/TAN,7.3 CANNULATED SCREW SELF-DRILLING SELF-TAPPING LENGTHN 95MM SS/TAN,False,ORTHOPAEDIC EQUIPMENT,ORTHOPAEDIC HPT,PIECE,1500,851,init.76735450-9bf6-51f4-adf8-af22c5500091,7.3 CANNULATED SCREW SELF-DRILLING SELF-TAPPING LENGTHN 95MM SS/TAN,kesses_orthopaedic.csv,1500.00,
NL02CNS211,NL02CNS211,7PIN SPO2 EXTENSION CABLE,7PIN SPO2 EXTENSION CABLE,False,ORTHOPAEDIC EQUIPMENT,LABORATORY GENERAL EQUIPMENT,PIECE,7500,852,init.8c01db3d-eab9-52c2-9dd4-66661cee641b,7PIN SPO2 EXTENSION CABLE,kesses_orthopaedic.csv,7500.00,
NM14TPD072,NM14TPD072,95° DCS PLATE HOLES 6 ST. STEEL,95° DCS PLATE HOLES 6 ST. STEEL,False,ORTHOPAEDIC EQUIPMENT,ORTHOPAEDIC HPT,PIECE,3700,853,init.c390712c-5aab-58a1-90ea-39dbbf74bd29,95° DCS PLATE HOLES 6 ST. STEEL,kesses_orthopaedic.csv,3700.00,
NM14TPD073,NM14TPD073,95° DCS PLATE HOLES 8 ST. STEEL,95° DCS PLATE HOLES 8 ST. STEEL,False,ORTHOPAEDIC EQUIPMENT,ORTHOPAEDIC HPT,PIECE,3755,854,init.5bbd27fb-9c20-5a41-a9b9-fdcd2061d749,95° DCS PLATE HOLES 8 ST. STEEL,kesses_orthopaedic.csv,3755.00,
NM14TPD267,NM14TPD267,ADJUSTABLE CLAMPS LARGE,ADJUSTABLE CLAMPS LARGE,False,ORTHOPAEDIC EQUIPMENT,PROSTHETIC/ORTHOTICS,PIECE,2280,855,init.3f58f380-e7a1-5f89-8b40-56c2f8bf0f64,ADJUSTABLE CLAMPS LARGE,kesses_orthopaedic.csv,2280.00,
NM14TPD266,NM14TPD266,ADJUSTABLE CLAMPS SMALL,ADJUSTABLE CLAMPS SMALL,False,ORTHOPAEDIC EQUIPMENT,PROSTHETIC/ORTHOTICS,PIECE,1230,856,init.30865387-997a-5714-a07e-9b5868732d9f,ADJUSTABLE CLAMPS SMALL,kesses_orthopaedic.csv,1230.00,
NL02CNS215,NL02CNS215,ADULT REUSABLE TEMPERATURE PROBE (SKIN SURFACE),ADULT REUSABLE TEMPERATURE PROBE (SKIN SURFACE),False,ORTHOPAEDIC EQUIPMENT,MEDICAL EQUIPMENTCONSUMABLES AND ACCESSORIES,PIECE,11600,857,init.795a48d1-de84-5d1f-8a78-6d7d84f9fa99,ADULT REUSABLE TEMPERATURE PROBE (SKIN SURFACE),kesses_orthopaedic.csv,11600.00,
NM14TPD194,NM14TPD194,CANNULATED SCREW SET 3.5MM,CANNULATED SCREW SET 3.5MM,False,ORTHOPAEDIC EQUIPMENT,ORTHOPAEDIC HPT,SET,116341,858,init.7bd52a30-b166-5b7c-b3be-7fbe8b29e10f,CANNULATED SCREW SET 3.5MM,kesses_orthopaedic.csv,116341.00,
NM14TPD195,NM14TPD195,CANNULATED SCREW SET 6.5MM,CANNULATED SCREW SET 6.5MM,False,ORTHOPAEDIC EQUIPMENT,ORTHOPAEDIC HPT,SET,222000,859,init.28fd5c2a-da24-51ab-bcbb-189d7299c4b3,CANNULATED SCREW SET 6.5MM,kesses_orthopaedic.csv,222000.00,
NM14TPD066,NM14TPD066,DCP 4.5 BROAD 12HOLES LENGTH 199MMST.STEEL,DCP 4.5 BROAD 12HOLES LENGTH 199MMST.STEEL,False,ORTHOPAEDIC EQUIPMENT,ORTHOPAEDIC HPT,PIECE,3050,860,init.68458fff-009b-5d1e-9029-b5f8ff0d1066,DCP 4.5 BROAD 12HOLES LENGTH 199MMST.STEEL,kesses_orthopaedic.csv,3050.00,
NM14TPD067,NM14TPD067,DCP 4.5 BROAD 14HOLES LENGTH 231MMST.STEEL,DCP 4.5 BROAD 14HOLES LENGTH 231MMST.STEEL,False,ORTHOPAEDIC EQUIPMENT,ORTHOPAEDIC HPT,PIECE,3175,861,init.3970b14c-b987-56f6-a37a-b0f0ac298d44,DCP 4.5 BROAD 14HOLES LENGTH 231MMST.STEEL,kesses_orthopaedic.csv,3175.00,
NM14TPD068,NM14TPD068,DCP 4.5 BROAD 16HOLES LENGTH 231MMST.STEEL,DCP 4.5 BROAD 16HOLES LENGTH 231MMST.STEEL,False,ORTHOPAEDIC EQUIPMENT,ORTHOPAEDIC HPT,PIECE,3480,862,init.ee84852b-3bec-5f97-85ad-ef52566b54eb,DCP 4.5 BROAD 16HOLES LENGTH 231MMST.STEEL,kesses_orthopaedic.csv,3480.00,
NM14TPD064,NM14TPD064,DCP 4.5 BROAD 8HOLES LENGTH 135MMST.STEEL,DCP 4.5 BROAD 8HOLES LENGTH 135MMST.STEEL,False,ORTHOPAEDIC EQUIPMENT,ORTHOPAEDIC HPT,PIECE,2380,863,init.2b059c0f-dbf6-5ec5-a79e-8a6242c61c2c,DCP 4.5 BROAD 8HOLES LENGTH 135MMST.STEEL,kesses_orthopaedic.csv,2380.00,
NM14TPD065,NM14TPD065,DCP 4.5 BROAD 9HOLES LENGTH 151MMST.STEEL,DCP 4.5 BROAD 9HOLES LENGTH 151MMST.STEEL,False,ORTHOPAEDIC EQUIPMENT,ORTHOPAEDIC HPT,PIECE,2900,864,init.b99fbfe4-0800-5499-a3f2-e282b710b9de,DCP 4.5 BROAD 9HOLES LENGTH 151MMST.STEEL,kesses_orthopaedic.csv,2900.00,
NM14TPD069,NM14TPD069,DCP 4.5 NARROW 6HOLES LENGTH 103MMST.STEEL,DCP 4.5 NARROW 6HOLES LENGTH 103MMST.STEEL,False,ORTHOPAEDIC EQUIPMENT,ORTHOPAEDIC HPT,PIECE,2192,865,init.81487456-5847-5ae7-bd0a-84858aaa52e0,DCP 4.5 NARROW 6HOLES LENGTH 103MMST.STEEL,kesses_orthopaedic.csv,2192.00,
NM14TPD071,NM14TPD071,DCP 4.5 NARROW 8HOLES LENGTH 135MMST.STEEL,DCP 4.5 NARROW 8HOLES LENGTH 135MMST.STEEL,False,ORTHOPAEDIC EQUIPMENT,ORTHOPAEDIC HPT,PIECE,2300,866,init.4edd4e9d-c3c9-5612-b7ff-c1a03fe861f7,DCP 4.5 NARROW 8HOLES LENGTH 135MMST.STEEL,kesses_orthopaedic.csv,2300.00,
NM14TPD151,NM14TPD151,DHS/DCS LAG SCREWS 12.5MM ST. STEEL LENGTH 100MM,DHS/DCS LAG SCREWS 12.5MM ST. STEEL LENGTH 100MM,False,ORTHOPAEDIC EQUIPMENT,IMPLANTS,PIECE,1431,867,init.cc6d5530-0b0a-5859-8aa7-c261dbf8b69b,DHS/DCS LAG SCREWS 12.5MM ST. STEEL LENGTH 100MM,kesses_orthopaedic.csv,1431.00,
NM14TPD152,NM14TPD152,DHS/DCS LAG SCREWS 12.5MM ST. STEEL LENGTH 105MM,DHS/DCS LAG SCREWS 12.5MM ST. STEEL LENGTH 105MM,False,ORTHOPAEDIC EQUIPMENT,IMPLANTS,PIECE,1567,868,init.9a0f7909-e7cf-51a8-a60f-acd28e1652ff,DHS/DCS LAG SCREWS 12.5MM ST. STEEL LENGTH 105MM,kesses_orthopaedic.csv,1567.00,
NM14TPD153,NM14TPD153,DHS/DCS LAG SCREWS 12.5MM ST. STEEL LENGTH 110MM,DHS/DCS LAG SCREWS 12.5MM ST. STEEL LENGTH 110MM,False,ORTHOPAEDIC EQUIPMENT,IMPLANTS,PIECE,1567,869,init.729f6898-0549-5e58-beea-a20b36f7ea73,DHS/DCS LAG SCREWS 12.5MM ST. STEEL LENGTH 110MM,kesses_orthopaedic.csv,1567.00,
NM14TPD154,NM14TPD154,DHS/DCS LAG SCREWS 12.5MM ST. STEEL LENGTH 115MM,DHS/DCS LAG SCREWS 12.5MM ST. STEEL LENGTH 115MM,False,ORTHOPAEDIC EQUIPMENT,IMPLANTS,PIECE,1500,870,init.7d3527f0-037f-5191-a821-078220c8c4e8,DHS/DCS LAG SCREWS 12.5MM ST. STEEL LENGTH 115MM,kesses_orthopaedic.csv,1500.00,
NM14TPD143,NM14TPD143,DHS/DCS LAG SCREWS 12.5MM ST. STEEL LENGTH 50MM,DHS/DCS LAG SCREWS 12.5MM ST. STEEL LENGTH 50MM,False,ORTHOPAEDIC EQUIPMENT,IMPLANTS,PIECE,1431,871,init.eb9ea3b6-83ad-5db9-864b-45bee577c2c3,DHS/DCS LAG SCREWS 12.5MM ST. STEEL LENGTH 50MM,kesses_orthopaedic.csv,1431.00,
NM14TPD144,NM14TPD144,DHS/DCS LAG SCREWS 12.5MM ST. STEEL LENGTH 60MM,DHS/DCS LAG SCREWS 12.5MM ST. STEEL LENGTH 60MM,False,ORTHOPAEDIC EQUIPMENT,IMPLANTS,PIECE,1431,872,init.4c0fae39-8c45-57a1-a4cb-03548dad09f9,DHS/DCS LAG SCREWS 12.5MM ST. STEEL LENGTH 60MM,kesses_orthopaedic.csv,1431.00,
NM14TPD145,NM14TPD145,DHS/DCS LAG SCREWS 12.5MM ST. STEEL LENGTH 70MM,DHS/DCS LAG SCREWS 12.5MM ST. STEEL LENGTH 70MM,False,ORTHOPAEDIC EQUIPMENT,IMPLANTS,PIECE,1431,873,init.10387a71-0b1d-5e28-8487-6f82e5614185,DHS/DCS LAG SCREWS 12.5MM ST. STEEL LENGTH 70MM,kesses_orthopaedic.csv,1431.00,
NM14TPD146,NM14TPD146,DHS/DCS LAG SCREWS 12.5MM ST. STEEL LENGTH 75MM,DHS/DCS LAG SCREWS 12.5MM ST. STEEL LENGTH 75MM,False,ORTHOPAEDIC EQUIPMENT,IMPLANTS,PIECE,1431,874,init.a88ae8dd-0c48-56dd-94c1-6d64cd6d4a22,DHS/DCS LAG SCREWS 12.5MM ST. STEEL LENGTH 75MM,kesses_orthopaedic.csv,1431.00,
NM14TPD147,NM14TPD147,DHS/DCS LAG SCREWS 12.5MM ST. STEEL LENGTH 80MM,DHS/DCS LAG SCREWS 12.5MM ST. STEEL LENGTH 80MM,False,ORTHOPAEDIC EQUIPMENT,IMPLANTS,PIECE,1431,875,init.77a3e89d-715d-5556-a18c-56ef0cd3f690,DHS/DCS LAG SCREWS 12.5MM ST. STEEL LENGTH 80MM,kesses_orthopaedic.csv,1431.00,
NM14TPD148,NM14TPD148,DHS/DCS LAG SCREWS 12.5MM ST. STEEL LENGTH 85MM,DHS/DCS LAG SCREWS 12.5MM ST. STEEL LENGTH 85MM,False,ORTHOPAEDIC EQUIPMENT,IMPLANTS,PIECE,1431,876,init.ac55aa07-5c91-5ab9-b81a-b15567d87e03,DHS/DCS LAG SCREWS 12.5MM ST. STEEL LENGTH 85MM,kesses_orthopaedic.csv,1431.00,
NM14TPD149,NM14TPD149,DHS/DCS LAG SCREWS 12.5MM ST. STEEL LENGTH 90MM,DHS/DCS LAG SCREWS 12.5MM ST. STEEL LENGTH 90MM,False,ORTHOPAEDIC EQUIPMENT,IMPLANTS,PIECE,1431,877,init.409713a0-6c64-5c5a-82ec-ac71030a9965,DHS/DCS LAG SCREWS 12.5MM ST. STEEL LENGTH 90MM,kesses_orthopaedic.csv,1431.00,
NM14TPD150,NM14TPD150,DHS/DCS LAG SCREWS 12.5MM ST. STEEL LENGTH 95MM,DHS/DCS LAG SCREWS 12.5MM ST. STEEL LENGTH 95MM,False,ORTHOPAEDIC EQUIPMENT,IMPLANTS,PIECE,1431,878,init.d2ccc3dc-1e63-528a-8783-ddee20d6f898,DHS/DCS LAG SCREWS 12.5MM ST. STEEL LENGTH 95MM,kesses_orthopaedic.csv,1431.00,
NM14TPD012,NM14TPD012,DRILL BIT DIA. 2.5MM LENGTH 100/75MM MINI QCK COUPLING,DRILL BIT DIA. 2.5MM LENGTH 100/75MM MINI QCK COUPLING,False,ORTHOPAEDIC EQUIPMENT,IMPLANTS,PIECE,1023,879,init.26b18c01-21c5-5a69-9776-629b08435155,DRILL BIT DIA. 2.5MM LENGTH 100/75MM MINI QCK COUPLING,kesses_orthopaedic.csv,1023.00,
NM14TPD013,NM14TPD013,DRILL BIT DIA. 3.2MM LENGTH 240/215MM MINI QCK COUPLING,DRILL BIT DIA. 3.2MM LENGTH 240/215MM MINI QCK COUPLING,False,ORTHOPAEDIC EQUIPMENT,IMPLANTS,PIECE,2587,880,init.f810bdd1-9a43-59e8-96af-9a5cf7c2bc46,DRILL BIT DIA. 3.2MM LENGTH 240/215MM MINI QCK COUPLING,kesses_orthopaedic.csv,2587.00,
NM14TPD014,NM14TPD014,DRILL BIT DIA.3.5MM LENGTH 100/85MM3 FLUTE QCK COUPLING,DRILL BIT DIA.3.5MM LENGTH 100/85MM3 FLUTE QCK COUPLING,False,ORTHOPAEDIC EQUIPMENT,IMPLANTS,PIECE,1039,881,init.99bdc956-1fe0-5c65-873f-6cddaab98a69,DRILL BIT DIA.3.5MM LENGTH 100/85MM3 FLUTE QCK COUPLING,kesses_orthopaedic.csv,1039.00,
NM14TPD016,NM14TPD016,DRILL BIT DIA. 3.5MM LENGTH 120/1853 FLUTE QCK COUPLING,DRILL BIT DIA. 3.5MM LENGTH 120/1853 FLUTE QCK COUPLING,False,ORTHOPAEDIC EQUIPMENT,IMPLANTS,PIECE,1507,882,init.91e6cea0-00ee-57f2-a9da-4b8f680a9a89,DRILL BIT DIA. 3.5MM LENGTH 120/1853 FLUTE QCK COUPLING,kesses_orthopaedic.csv,1507.00,
NM14TPD015,NM14TPD015,DRILL BIT DIA3.5MM LENGTH 145/120MM3 FLUTE QCK COUPLING,DRILL BIT DIA3.5MM LENGTH 145/120MM3 FLUTE QCK COUPLING,False,ORTHOPAEDIC EQUIPMENT,IMPLANTS,PIECE,1350,883,init.c4c4eecf-bd7a-57f3-bbbc-29cf6c54ed74,DRILL BIT DIA3.5MM LENGTH 145/120MM3 FLUTE QCK COUPLING,kesses_orthopaedic.csv,1350.00,
NM14TPD017,NM14TPD017,DRILL BIT DIA. 4.5MM LENGTH 145/120MM 3 FLUTE QCK COUPLING,DRILL BIT DIA. 4.5MM LENGTH 145/120MM 3 FLUTE QCK COUPLING,False,ORTHOPAEDIC EQUIPMENT,IMPLANTS,PIECE,1350,884,init.fae653a6-aff5-5dff-806f-9a148838fadc,DRILL BIT DIA. 4.5MM LENGTH 145/120MM 3 FLUTE QCK COUPLING,kesses_orthopaedic.csv,1350.00,
NM14TPD206,NM14TPD206,INTERLOCKING I.M FEMUR NAIL STAINLESS STEEL LENGTH 36CM DIAMETER 8MM,INTERLOCKING I.M FEMUR NAIL STAINLESS STEEL LENGTH 36CM DIAMETER 8MM,False,ORTHOPAEDIC EQUIPMENT,ORTHOPAEDIC HPT,PIECE,6350,885,init.c8d0da6b-826d-5a48-a637-63f6c0ad7b39,INTERLOCKING I.M FEMUR NAIL STAINLESS STEEL LENGTH 36CM DIAMETER 8MM,kesses_orthopaedic.csv,6350.00,
NM14TPD210,NM14TPD210,INTERLOCKING I.M FEMUR NAIL STAINLESS STEEL LENGTH 42CM DIAMETER 10MM,INTERLOCKING I.M FEMUR NAIL STAINLESS STEEL LENGTH 42CM DIAMETER 10MM,False,ORTHOPAEDIC EQUIPMENT,ORTHOPAEDIC HPT,PIECE,5851,886,init.f94467e6-b3bf-5833-929b-7ccda8e05d57,INTERLOCKING I.M FEMUR NAIL STAINLESS STEEL LENGTH 42CM DIAMETER 10MM,kesses_orthopaedic.csv,5851.00,
NM14TPD214,NM14TPD214,INTERLOCKING I.M FEMUR NAIL STAINLESS STEEL LENGTH 42MM DIAMETER11MM,INTERLOCKING I.M FEMUR NAIL STAINLESS STEEL LENGTH 42MM DIAMETER11MM,False,ORTHOPAEDIC EQUIPMENT,ORTHOPAEDIC HPT,PIECE,5851,887,init.c07d4f8c-22c6-54c4-a9e7-54902a73abaf,INTERLOCKING I.M FEMUR NAIL STAINLESS STEEL LENGTH 42MM DIAMETER11MM,kesses_orthopaedic.csv,5851.00,
NM14TPD215,NM14TPD215,INTERLOCKING I.M FEMUR NAIL STAINLESS STEEL LENGTH 42MM DIAMETER12MM,INTERLOCKING I.M FEMUR NAIL STAINLESS STEEL LENGTH 42MM DIAMETER12MM,False,ORTHOPAEDIC EQUIPMENT,ORTHOPAEDIC HPT,PIECE,5851,888,init.72e50d97-2078-574c-af04-47f36c815e8f,INTERLOCKING I.M FEMUR NAIL STAINLESS STEEL LENGTH 42MM DIAMETER12MM,kesses_orthopaedic.csv,5851.00,
NM14TPD211,NM14TPD211,INTERLOCKING I.M FEMUR NAIL STAINLESS STEEL SIZE 11MM X 36CM,INTERLOCKING I.M FEMUR NAIL STAINLESS STEEL SIZE 11MM X 36CM,False,ORTHOPAEDIC EQUIPMENT,ORTHOPAEDIC HPT,PIECE,5851,889,init.e50fc621-5924-5e0e-b51b-3666e97222a0,INTERLOCKING I.M FEMUR NAIL STAINLESS STEEL SIZE 11MM X 36CM,kesses_orthopaedic.csv,5851.00,
NM14TPD212,NM14TPD212,INTERLOCKING I.M FEMUR NAIL STAINLESS STEEL SIZE 11MM X 38CM,INTERLOCKING I.M FEMUR NAIL STAINLESS STEEL SIZE 11MM X 38CM,False,ORTHOPAEDIC EQUIPMENT,ORTHOPAEDIC HPT,PIECE,5851,890,init.1fac2a01-6eea-5403-989b-aa6128d82e69,INTERLOCKING I.M FEMUR NAIL STAINLESS STEEL SIZE 11MM X 38CM,kesses_orthopaedic.csv,5851.00,
NM14TPD213,NM14TPD213,INTERLOCKING I.M FEMUR NAIL STAINLESS STEEL SIZE 11MM X 40CM,INTERLOCKING I.M FEMUR NAIL STAINLESS STEEL SIZE 11MM X 40CM,False,ORTHOPAEDIC EQUIPMENT,ORTHOPAEDIC HPT,Each,5851,891,init.9b1b2b1d-1477-5408-b456-2be10c90182b,INTERLOCKING I.M FEMUR NAIL STAINLESS STEEL SIZE 11MM X 40CM,kesses_orthopaedic.csv,5851.00,
NM14TPD218,NM14TPD218,INTERLOCKING I.M TIBIAL NAIL STAINLESS STEEL SIZE 10MMX34CM,INTERLOCKING I.M TIBIAL NAIL STAINLESS STEEL SIZE 10MMX34CM,False,ORTHOPAEDIC EQUIPMENT,ORTHOPAEDIC HPT,PIECE,5594,892,init.855ec372-6f72-5671-91db-248635929755,INTERLOCKING I.M TIBIAL NAIL STAINLESS STEEL SIZE 10MMX34CM,kesses_orthopaedic.csv,5594.00,
NM14TPD219,NM14TPD219,INTERLOCKING I.M TIBIAL NAIL STAINLESS STEEL SIZE 10MMX36CM,INTERLOCKING I.M TIBIAL NAIL STAINLESS STEEL SIZE 10MMX36CM,False,ORTHOPAEDIC EQUIPMENT,ORTHOPAEDIC HPT,PIECE,5594,893,init.0001226e-04c1-5917-baf6-5dfe53f579dc,INTERLOCKING I.M TIBIAL NAIL STAINLESS STEEL SIZE 10MMX36CM,kesses_orthopaedic.csv,5594.00,
NM14TPD220,NM14TPD220,INTERLOCKING I.M TIBIAL NAIL STAINLESS STEEL SIZE 11MMX34CM,INTERLOCKING I.M TIBIAL NAIL STAINLESS STEEL SIZE 11MMX34CM,False,ORTHOPAEDIC EQUIPMENT,ORTHOPAEDIC HPT,PIECE,5594,894,init.56730fc9-c6ab-5663-a604-c79cf1f00049,INTERLOCKING I.M TIBIAL NAIL STAINLESS STEEL SIZE 11MMX34CM,kesses_orthopaedic.csv,5594.00,
NM14TPD221,NM14TPD221,INTERLOCKING I.M TIBIAL NAIL STAINLESS STEEL SIZE 11MMX36CM,INTERLOCKING I.M TIBIAL NAIL STAINLESS STEEL SIZE 11MMX36CM,False,ORTHOPAEDIC EQUIPMENT,ORTHOPAEDIC HPT,PIECE,5594,895,init.6dcd1587-4b10-5424-bd85-dca9b2860ff3,INTERLOCKING I.M TIBIAL NAIL STAINLESS STEEL SIZE 11MMX36CM,kesses_orthopaedic.csv,5594.00,
NM14TPD222,NM14TPD222,INTERLOCKING I.M TIBIAL NAIL STAINLESS STEEL SIZE 12MMX36CM,INTERLOCKING I.M TIBIAL NAIL STAINLESS STEEL SIZE 12MMX36CM,False,ORTHOPAEDIC EQUIPMENT,ORTHOPAEDIC HPT,PIECE,5594,896,init.d5530050-e699-53f0-b3d7-2aea4fe06806,INTERLOCKING I.M TIBIAL NAIL STAINLESS STEEL SIZE 12MMX36CM,kesses_orthopaedic.csv,5594.00,
NM14TPD005,NM14TPD005,K- WIRE DIA 1.7MM LENGTH 150+ 10MM TROCAR TIP ST. STEEL,K- WIRE DIA 1.7MM LENGTH 150+ 10MM TROCAR TIP ST. STEEL,False,ORTHOPAEDIC EQUIPMENT,IMPLANTS,PIECE,185,897,init.f7dd23a7-1e7b-547a-9f78-e5ea5a2b1da7,K- WIRE DIA 1.7MM LENGTH 150+ 10MM TROCAR TIP ST. STEEL,kesses_orthopaedic.csv,185.00,
NM14TPD097,NM14TPD097,LATERAL TIBIAL HEAD BUTTRESS PLATES 4.5 FOR LEFT LEG. ST. STEEL HOLES 11 LENGTH 213MM,LATERAL TIBIAL HEAD BUTTRESS PLATES 4.5 FOR LEFT LEG. ST. STEEL HOLES 11 LENGTH 213MM,False,ORTHOPAEDIC EQUIPMENT,ORTHOPAEDIC HPT,PIECE,4650,898,init.c77018b2-737d-54b8-9847-91b70d7c7250,LATERAL TIBIAL HEAD BUTTRESS PLATES 4.5 FOR LEFT LEG. ST. STEEL HOLES 11 LENGTH 213MM,kesses_orthopaedic.csv,4650.00,
NM14TPD094,NM14TPD094,LATERAL TIBIAL HEAD BUTTRESS PLATES 4.5 FOR LEFT LEG. ST. STEEL HOLES 5 LENGTH 117MM,LATERAL TIBIAL HEAD BUTTRESS PLATES 4.5 FOR LEFT LEG. ST. STEEL HOLES 5 LENGTH 117MM,False,ORTHOPAEDIC EQUIPMENT,ORTHOPAEDIC HPT,PIECE,3850,899,init.2c1da1f0-ed30-5edb-8cb1-530a65517a83,LATERAL TIBIAL HEAD BUTTRESS PLATES 4.5 FOR LEFT LEG. ST. STEEL HOLES 5 LENGTH 117MM,kesses_orthopaedic.csv,3850.00,
NM14TPD095,NM14TPD095,LATERAL TIBIAL HEAD BUTTRESS PLATES 4.5 FOR LEFT LEG. ST. STEEL HOLES 7 LENGTH 149MM,LATERAL TIBIAL HEAD BUTTRESS PLATES 4.5 FOR LEFT LEG. ST. STEEL HOLES 7 LENGTH 149MM,False,ORTHOPAEDIC EQUIPMENT,ORTHOPAEDIC HPT,PIECE,4060,900,init.73add29c-e19e-52cf-a966-6a3207168998,LATERAL TIBIAL HEAD BUTTRESS PLATES 4.5 FOR LEFT LEG. ST. STEEL HOLES 7 LENGTH 149MM,kesses_orthopaedic.csv,4060.00,
NM14TPD096,NM14TPD096,LATERAL TIBIAL HEAD BUTTRESS PLATES 4.5 FOR LEFT LEG. ST. STEEL HOLES 9 LENGTH 181MM,LATERAL TIBIAL HEAD BUTTRESS PLATES 4.5 FOR LEFT LEG. ST. STEEL HOLES 9 LENGTH 181MM,False,ORTHOPAEDIC EQUIPMENT,ORTHOPAEDIC HPT,PIECE,4385,901,init.10f07bd4-9dc4-5fe1-96f0-daf4fb5c9287,LATERAL TIBIAL HEAD BUTTRESS PLATES 4.5 FOR LEFT LEG. ST. STEEL HOLES 9 LENGTH 181MM,kesses_orthopaedic.csv,4385.00,
NM14TPD093,NM14TPD093,LATERAL TIBIAL HEAD BUTTRESS PLATES 4.5 FOR RIGHT LEG. ST. STEEL HOLES 11 LENGTH 213MM,LATERAL TIBIAL HEAD BUTTRESS PLATES 4.5 FOR RIGHT LEG. ST. STEEL HOLES 11 LENGTH 213MM,False,ORTHOPAEDIC EQUIPMENT,ORTHOPAEDIC HPT,PIECE,4650,902,init.bddff028-9fc2-58ff-9301-89330b1c1ab0,LATERAL TIBIAL HEAD BUTTRESS PLATES 4.5 FOR RIGHT LEG. ST. STEEL HOLES 11 LENGTH 213MM,kesses_orthopaedic.csv,4650.00,
NM14TPD090,NM14TPD090,LATERAL TIBIAL HEAD BUTTRESS PLATES 4.5 FOR RIGHT LEG. ST. STEEL HOLES 5 LENGTH 117MM,LATERAL TIBIAL HEAD BUTTRESS PLATES 4.5 FOR RIGHT LEG. ST. STEEL HOLES 5 LENGTH 117MM,False,ORTHOPAEDIC EQUIPMENT,ORTHOPAEDIC HPT,PIECE,3850,903,init.e8075b4b-c9d2-58ab-92b3-dcdc803cc996,LATERAL TIBIAL HEAD BUTTRESS PLATES 4.5 FOR RIGHT LEG. ST. STEEL HOLES 5 LENGTH 117MM,kesses_orthopaedic.csv,3850.00,
NM14TPD091,NM14TPD091,LATERAL TIBIAL HEAD BUTTRESS PLATES 4.5 FOR RIGHT LEG. ST. STEEL HOLES 7 LENGTH 149MM,LATERAL TIBIAL HEAD BUTTRESS PLATES 4.5 FOR RIGHT LEG. ST. STEEL HOLES 7 LENGTH 149MM,False,ORTHOPAEDIC EQUIPMENT,ORTHOPAEDIC HPT,PIECE,4070,904,init.dd46a39a-3cd9-5f5d-8b8b-a28df9202c77,LATERAL TIBIAL HEAD BUTTRESS PLATES 4.5 FOR RIGHT LEG. ST. STEEL HOLES 7 LENGTH 149MM,kesses_orthopaedic.csv,4070.00,
NM14TPD092,NM14TPD092,LATERAL TIBIAL HEAD BUTTRESS PLATES 4.5 FOR RIGHT LEG. ST. STEEL HOLES 9 LENGTH 181MM,LATERAL TIBIAL HEAD BUTTRESS PLATES 4.5 FOR RIGHT LEG. ST. STEEL HOLES 9 LENGTH 181MM,False,ORTHOPAEDIC EQUIPMENT,ORTHOPAEDIC HPT,PIECE,4390,905,init.cd2a1dde-9bed-5323-a2da-1704cf020aea,LATERAL TIBIAL HEAD BUTTRESS PLATES 4.5 FOR RIGHT LEG. ST. STEEL HOLES 9 LENGTH 181MM,kesses_orthopaedic.csv,4390.00,
NM14TPD089,NM14TPD089,L- BUTTRESS PLATE 4.5 4 HOLES LENGTH 85MM  ST. STEEL RIGHT,L- BUTTRESS PLATE 4.5 4 HOLES LENGTH 85MM ST. STEEL RIGHT,True,ORTHOPAEDIC EQUIPMENT,ORTHOPAEDIC HPT,PIECE,2650,906,init.f01db070-1f1e-5987-bf5a-40d41c3f1033,L- BUTTRESS PLATE 4.5 4 HOLES LENGTH 85MM ST. STEEL RIGHT,kesses_orthopaedic.csv,2650.00,
NM14TPD239,NM14TPD239,LOCKING SCREWS FOR I.M FEMUR NAIL DIAMETER4.9MM LENGTH 55MM STAINLESS STEEL,LOCKING SCREWS FOR I.M FEMUR NAIL DIAMETER4.9MM LENGTH 55MM STAINLESS STEEL,False,ORTHOPAEDIC EQUIPMENT,IMPLANTS,PIECE,500,907,init.edb3fb7b-d34f-565e-b036-17c37a0153c3,LOCKING SCREWS FOR I.M FEMUR NAIL DIAMETER4.9MM LENGTH 55MM STAINLESS STEEL,kesses_orthopaedic.csv,500.00,
NM14TPD240,NM14TPD240,LOCKING SCREWS FOR I.M FEMUR NAIL DIAMETER4.9MM LENGTH 60MM STAINLESS STEEL,LOCKING SCREWS FOR I.M FEMUR NAIL DIAMETER4.9MM LENGTH 60MM STAINLESS STEEL,False,ORTHOPAEDIC EQUIPMENT,IMPLANTS,PIECE,500,908,init.10899034-71fd-51f5-866b-fc115b1bebed,LOCKING SCREWS FOR I.M FEMUR NAIL DIAMETER4.9MM LENGTH 60MM STAINLESS STEEL,kesses_orthopaedic.csv,500.00,
NM14TPD241,NM14TPD241,LOCKING SCREWS FOR I.M TIBIAL NAIL DIAMETER4.9MM LENGTH 25MM STAINLESS STEEL,LOCKING SCREWS FOR I.M TIBIAL NAIL DIAMETER4.9MM LENGTH 25MM STAINLESS STEEL,False,ORTHOPAEDIC EQUIPMENT,IMPLANTS,PIECE,442,909,init.bcbed6ba-4109-5776-a250-708170c9e6db,LOCKING SCREWS FOR I.M TIBIAL NAIL DIAMETER4.9MM LENGTH 25MM STAINLESS STEEL,kesses_orthopaedic.csv,442.00,
NM14TPD243,NM14TPD243,LOCKING SCREWS FOR I.M TIBIAL NAIL DIAMETER4.9MM LENGTH 35MM STAINLESS STEEL,LOCKING SCREWS FOR I.M TIBIAL NAIL DIAMETER4.9MM LENGTH 35MM STAINLESS STEEL,False,ORTHOPAEDIC EQUIPMENT,IMPLANTS,PIECE,475,910,init.b7d035ce-ddc5-560c-8c7c-b6e8e3fe60cc,LOCKING SCREWS FOR I.M TIBIAL NAIL DIAMETER4.9MM LENGTH 35MM STAINLESS STEEL,kesses_orthopaedic.csv,475.00,
NM14TPD245,NM14TPD245,LOCKING SCREWS FOR I.M TIBIAL NAIL DIAMETER4.9MM LENGTH 45MM STAINLESS STEEL,LOCKING SCREWS FOR I.M TIBIAL NAIL DIAMETER4.9MM LENGTH 45MM STAINLESS STEEL,False,ORTHOPAEDIC EQUIPMENT,IMPLANTS,PIECE,500,911,init.f0d06b91-98dc-5e99-8465-3fc612982172,LOCKING SCREWS FOR I.M TIBIAL NAIL DIAMETER4.9MM LENGTH 45MM STAINLESS STEEL,kesses_orthopaedic.csv,500.00,
NM14TPD246,NM14TPD246,LOCKING SCREWS FOR I.M TIBIAL NAIL DIAMETER4.9MM LENGTH 50MM STAINLESS STEEL,LOCKING SCREWS FOR I.M TIBIAL NAIL DIAMETER4.9MM LENGTH 50MM STAINLESS STEEL,False,ORTHOPAEDIC EQUIPMENT,IMPLANTS,PIECE,500,912,init.efc7d393-c667-5d6c-af08-ca8036307004,LOCKING SCREWS FOR I.M TIBIAL NAIL DIAMETER4.9MM LENGTH 50MM STAINLESS STEEL,kesses_orthopaedic.csv,500.00,
NM14TPD247,NM14TPD247,LOCKING SCREWS FOR I.M TIBIAL NAIL DIAMETER4.9MM LENGTH 55MM STAINLESS STEEL,LOCKING SCREWS FOR I.M TIBIAL NAIL DIAMETER4.9MM LENGTH 55MM STAINLESS STEEL,False,ORTHOPAEDIC EQUIPMENT,IMPLANTS,PIECE,500,913,init.1b3856f8-72e7-5f2b-82c5-b7655a846237,LOCKING SCREWS FOR I.M TIBIAL NAIL DIAMETER4.9MM LENGTH 55MM STAINLESS STEEL,kesses_orthopaedic.csv,500.00,
NM14TPD257,NM14TPD257,LOCKING SCREWS FOR PNF/RECONSTRUCTION NAIL DIAMETRE 7.0+/- 1.4MM LENGTH 105MM STAINLESS STEEL,LOCKING SCREWS FOR PNF/RECONSTRUCTION NAIL DIAMETRE 7.0+/- 1.4MM LENGTH 105MM STAINLESS STEEL,False,ORTHOPAEDIC EQUIPMENT,ORTHOPAEDIC HPT,PIECE,1005,914,init.84909390-3f9a-5ee4-9c4d-8b2717fe3d30,LOCKING SCREWS FOR PNF/RECONSTRUCTION NAIL DIAMETRE 7.0+/- 1.4MM LENGTH 105MM STAINLESS STEEL,kesses_orthopaedic.csv,1005.00,
NM14TPD258,NM14TPD258,LOCKING SCREWS FOR PNF/RECONSTRUCTION NAIL DIAMETRE 7.0+/- 1.4MM LENGTH 110MM STAINLESS STEEL,LOCKING SCREWS FOR PNF/RECONSTRUCTION NAIL DIAMETRE 7.0+/- 1.4MM LENGTH 110MM STAINLESS STEEL,False,ORTHOPAEDIC EQUIPMENT,ORTHOPAEDIC HPT,PIECE,1005,915,init.c7e8a888-17d8-5d4c-b8ce-98ff6420903a,LOCKING SCREWS FOR PNF/RECONSTRUCTION NAIL DIAMETRE 7.0+/- 1.4MM LENGTH 110MM STAINLESS STEEL,kesses_orthopaedic.csv,1005.00,
NM14TPD259,NM14TPD259,LOCKING SCREWS FOR PNF/RECONSTRUCTION NAIL DIAMETRE 7.0+/- 1.4MM LENGTH 115MM STAINLESS STEEL,LOCKING SCREWS FOR PNF/RECONSTRUCTION NAIL DIAMETRE 7.0+/- 1.4MM LENGTH 115MM STAINLESS STEEL,False,ORTHOPAEDIC EQUIPMENT,ORTHOPAEDIC HPT,PIECE,1005,916,init.8e2e3830-90d4-5fc3-b830-f8b74e92176f,LOCKING SCREWS FOR PNF/RECONSTRUCTION NAIL DIAMETRE 7.0+/- 1.4MM LENGTH 115MM STAINLESS STEEL,kesses_orthopaedic.csv,1005.00,
NM14TPD249,NM14TPD249,LOCKING SCREWS FOR PNF/RECONSTRUCTION NAIL DIAMETRE 7.0+/- 1.4MM LENGTH 65MM STAINLESS STEEL,LOCKING SCREWS FOR PNF/RECONSTRUCTION NAIL DIAMETRE 7.0+/- 1.4MM LENGTH 65MM STAINLESS STEEL,False,ORTHOPAEDIC EQUIPMENT,IMPLANTS,PIECE,810,917,init.2d2dcd8d-b63d-5c58-b0fe-111e7d2d9c81,LOCKING SCREWS FOR PNF/RECONSTRUCTION NAIL DIAMETRE 7.0+/- 1.4MM LENGTH 65MM STAINLESS STEEL,kesses_orthopaedic.csv,810.00,
NM14TPD250,NM14TPD250,LOCKING SCREWS FOR PNF/RECONSTRUCTION NAIL DIAMETRE 7.0+/- 1.4MM LENGTH 70MM STAINLESS STEEL,LOCKING SCREWS FOR PNF/RECONSTRUCTION NAIL DIAMETRE 7.0+/- 1.4MM LENGTH 70MM STAINLESS STEEL,False,ORTHOPAEDIC EQUIPMENT,IMPLANTS,PIECE,810,918,init.d98663e2-813b-5b17-8d97-4d9debc9772d,LOCKING SCREWS FOR PNF/RECONSTRUCTION NAIL DIAMETRE 7.0+/- 1.4MM LENGTH 70MM STAINLESS STEEL,kesses_orthopaedic.csv,810.00,
NM14TPD251,NM14TPD251,LOCKING SCREWS FOR PNF/RECONSTRUCTION NAIL DIAMETRE 7.0+/- 1.4MM LENGTH 75MM STAINLESS STEEL,LOCKING SCREWS FOR PNF/RECONSTRUCTION NAIL DIAMETRE 7.0+/- 1.4MM LENGTH 75MM STAINLESS STEEL,False,ORTHOPAEDIC EQUIPMENT,IMPLANTS,PIECE,810,919,init.b1f2533d-fbc6-5168-a682-d022023376bd,LOCKING SCREWS FOR PNF/RECONSTRUCTION NAIL DIAMETRE 7.0+/- 1.4MM LENGTH 75MM STAINLESS STEEL,kesses_orthopaedic.csv,810.00,
NM14TPD252,NM14TPD252,LOCKING SCREWS FOR PNF/RECONSTRUCTION NAIL DIAMETRE 7.0+/- 1.4MM LENGTH 80MM STAINLESS STEEL,LOCKING SCREWS FOR PNF/RECONSTRUCTION NAIL DIAMETRE 7.0+/- 1.4MM LENGTH 80MM STAINLESS STEEL,False,ORTHOPAEDIC EQUIPMENT,IMPLANTS,PIECE,810,920,init.4005d718-94e3-54a9-a0f5-4d20b507545f,LOCKING SCREWS FOR PNF/RECONSTRUCTION NAIL DIAMETRE 7.0+/- 1.4MM LENGTH 80MM STAINLESS STEEL,kesses_orthopaedic.csv,810.00,
NM14TPD253,NM14TPD253,LOCKING SCREWS FOR PNF/RECONSTRUCTION NAIL DIAMETRE 7.0+/- 1.4MM LENGTH 85MM STAINLESS STEEL,LOCKING SCREWS FOR PNF/RECONSTRUCTION NAIL DIAMETRE 7.0+/- 1.4MM LENGTH 85MM STAINLESS STEEL,False,ORTHOPAEDIC EQUIPMENT,IMPLANTS,PIECE,920,921,init.129e4b9f-db54-5f63-a9f3-3549f4753a28,LOCKING SCREWS FOR PNF/RECONSTRUCTION NAIL DIAMETRE 7.0+/- 1.4MM LENGTH 85MM STAINLESS STEEL,kesses_orthopaedic.csv,920.00,
NM14TPD254,NM14TPD254,LOCKING SCREWS FOR PNF/RECONSTRUCTION NAIL DIAMETRE 7.0+/- 1.4MM LENGTH 90MM STAINLESS STEEL,LOCKING SCREWS FOR PNF/RECONSTRUCTION NAIL DIAMETRE 7.0+/- 1.4MM LENGTH 90MM STAINLESS STEEL,False,ORTHOPAEDIC EQUIPMENT,IMPLANTS,PIECE,920,922,init.365f50d6-f21d-5212-aaf2-0108783c5529,LOCKING SCREWS FOR PNF/RECONSTRUCTION NAIL DIAMETRE 7.0+/- 1.4MM LENGTH 90MM STAINLESS STEEL,kesses_orthopaedic.csv,920.00,
NM14TPD255,NM14TPD255,LOCKING SCREWS FOR PNF/RECONSTRUCTION NAIL DIAMETRE 7.0+/- 1.4MM LENGTH 95MM STAINLESS STEEL,LOCKING SCREWS FOR PNF/RECONSTRUCTION NAIL DIAMETRE 7.0+/- 1.4MM LENGTH 95MM STAINLESS STEEL,False,ORTHOPAEDIC EQUIPMENT,ORTHOPAEDIC HPT,PIECE,920,923,init.2dde5601-0d6c-589d-b9cb-44686112d8f1,LOCKING SCREWS FOR PNF/RECONSTRUCTION NAIL DIAMETRE 7.0+/- 1.4MM LENGTH 95MM STAINLESS STEEL,kesses_orthopaedic.csv,920.00,
NM14TPD300,NM14TPD300,LOCKING SCREWS FOR RECONSTRUCTION NAIL DIAMETER 5.9MM  STAINLESS STEEL LENGTH 100MM,LOCKING SCREWS FOR RECONSTRUCTION NAIL DIAMETER 5.9MM STAINLESS STEEL LENGTH 100MM,True,ORTHOPAEDIC EQUIPMENT,IMPLANTS,PIECE,1155,924,init.3dcf0ed5-bd14-56e3-bcf3-5408c79ea914,LOCKING SCREWS FOR RECONSTRUCTION NAIL DIAMETER 5.9MM STAINLESS STEEL LENGTH 100MM,kesses_orthopaedic.csv,1155.00,
NM14TPD301,NM14TPD301,LOCKING SCREWS FOR RECONSTRUCTION NAIL DIAMETER 5.9MM  STAINLESS STEEL LENGTH105MM STAINLESS STEEL,LOCKING SCREWS FOR RECONSTRUCTION NAIL DIAMETER 5.9MM STAINLESS STEEL LENGTH105MM STAINLESS STEEL,True,ORTHOPAEDIC EQUIPMENT,IMPLANTS,PIECE,1310,925,init.c83a996c-613d-5306-9718-c88077971e73,LOCKING SCREWS FOR RECONSTRUCTION NAIL DIAMETER 5.9MM STAINLESS STEEL LENGTH105MM STAINLESS STEEL,kesses_orthopaedic.csv,1310.00,
NM14TPD302,NM14TPD302,LOCKING SCREWS FOR RECONSTRUCTION NAIL DIAMETER 5.9MM  STAINLESS STEEL  LENGTH 110MM,LOCKING SCREWS FOR RECONSTRUCTION NAIL DIAMETER 5.9MM STAINLESS STEEL LENGTH 110MM,True,ORTHOPAEDIC EQUIPMENT,IMPLANTS,PIECE,1310,926,init.69a3e93d-61b7-52d5-8d3b-97a842b13a88,LOCKING SCREWS FOR RECONSTRUCTION NAIL DIAMETER 5.9MM STAINLESS STEEL LENGTH 110MM,kesses_orthopaedic.csv,1310.00,
NM14TPD303,NM14TPD303,LOCKING SCREWS FOR RECONSTRUCTION NAIL DIAMETER 5.9MM  STAINLESS STEEL LENGTH 115MM,LOCKING SCREWS FOR RECONSTRUCTION NAIL DIAMETER 5.9MM STAINLESS STEEL LENGTH 115MM,True,ORTHOPAEDIC EQUIPMENT,IMPLANTS,PIECE,1310,927,init.684e21df-95c9-5d9a-9c97-87b09fd4e608,LOCKING SCREWS FOR RECONSTRUCTION NAIL DIAMETER 5.9MM STAINLESS STEEL LENGTH 115MM,kesses_orthopaedic.csv,1310.00,
NM14TPD293,NM14TPD293,LOCKING SCREWS FOR RECONSTRUCTION NAIL DIAMETER 5.9MM  STAINLESS STEEL LENGTH 65MM,LOCKING SCREWS FOR RECONSTRUCTION NAIL DIAMETER 5.9MM STAINLESS STEEL LENGTH 65MM,True,ORTHOPAEDIC EQUIPMENT,IMPLANTS,PIECE,1120,928,init.a349c015-3e52-5649-9d3a-d4673f4ec266,LOCKING SCREWS FOR RECONSTRUCTION NAIL DIAMETER 5.9MM STAINLESS STEEL LENGTH 65MM,kesses_orthopaedic.csv,1120.00,
NM14TPD294,NM14TPD294,LOCKING SCREWS FOR RECONSTRUCTION NAIL DIAMETER 5.9MM  STAINLESS STEEL  LENGTH70MM,LOCKING SCREWS FOR RECONSTRUCTION NAIL DIAMETER 5.9MM STAINLESS STEEL LENGTH70MM,True,ORTHOPAEDIC EQUIPMENT,IMPLANTS,PIECE,1120,929,init.2c3f2da5-528c-5236-be31-62556c428f32,LOCKING SCREWS FOR RECONSTRUCTION NAIL DIAMETER 5.9MM STAINLESS STEEL LENGTH70MM,kesses_orthopaedic.csv,1120.00,
NM14TPD295,NM14TPD295,LOCKING SCREWS FOR RECONSTRUCTION NAIL DIAMETER 5.9MM  STAINLESS STEEL  LENGTH 75MM,LOCKING SCREWS FOR RECONSTRUCTION NAIL DIAMETER 5.9MM STAINLESS STEEL LENGTH 75MM,True,ORTHOPAEDIC EQUIPMENT,IMPLANTS,PIECE,1120,930,init.9f870bc6-65da-55af-b57b-e4e6b7bc92bc,LOCKING SCREWS FOR RECONSTRUCTION NAIL DIAMETER 5.9MM STAINLESS STEEL LENGTH 75MM,kesses_orthopaedic.csv,1120.00,
NM14TPD296,NM14TPD296,LOCKING SCREWS FOR RECONSTRUCTION NAIL DIAMETER 5.9MM  STAINLESS STEEL  LENGTH 80MM,LOCKING SCREWS FOR RECONSTRUCTION NAIL DIAMETER 5.9MM STAINLESS STEEL LENGTH 80MM,True,ORTHOPAEDIC EQUIPMENT,IMPLANTS,PIECE,1120,931,init.584aac97-3ead-51a4-b916-51570175560e,LOCKING SCREWS FOR RECONSTRUCTION NAIL DIAMETER 5.9MM STAINLESS STEEL LENGTH 80MM,kesses_orthopaedic.csv,1120.00,
NM14TPD297,NM14TPD297,LOCKING SCREWS FOR RECONSTRUCTION NAIL DIAMETER 5.9MM  STAINLESS STEEL LENGTH 85MM,LOCKING SCREWS FOR RECONSTRUCTION NAIL DIAMETER 5.9MM STAINLESS STEEL LENGTH 85MM,True,ORTHOPAEDIC EQUIPMENT,IMPLANTS,PIECE,1155,932,init.c1f30607-ee3a-5c77-b6b5-58433853f880,LOCKING SCREWS FOR RECONSTRUCTION NAIL DIAMETER 5.9MM STAINLESS STEEL LENGTH 85MM,kesses_orthopaedic.csv,1155.00,
NM14TPD298,NM14TPD298,LOCKING SCREWS FOR RECONSTRUCTION NAIL DIAMETER 5.9MM  STAINLESS STEEL LENGTH 90MM,LOCKING SCREWS FOR RECONSTRUCTION NAIL DIAMETER 5.9MM STAINLESS STEEL LENGTH 90MM,True,ORTHOPAEDIC EQUIPMENT,IMPLANTS,PIECE,1155,933,init.0207071c-9854-5195-8242-f21eda20e4b5,LOCKING SCREWS FOR RECONSTRUCTION NAIL DIAMETER 5.9MM STAINLESS STEEL LENGTH 90MM,kesses_orthopaedic.csv,1155.00,
NM14TPD299,NM14TPD299,LOCKING SCREWS FOR RECONSTRUCTION NAIL DIAMETER 5.9MM  STAINLESS STEEL  LENGTH 95MM,LOCKING SCREWS FOR RECONSTRUCTION NAIL DIAMETER 5.9MM STAINLESS STEEL LENGTH 95MM,True,ORTHOPAEDIC EQUIPMENT,IMPLANTS,PIECE,1155,934,init.f3a02523-5745-5d69-81a8-4b6baa9fcef4,LOCKING SCREWS FOR RECONSTRUCTION NAIL DIAMETER 5.9MM STAINLESS STEEL LENGTH 95MM,kesses_orthopaedic.csv,1155.00,
NL02CNS217,NL02CNS217,NIBP HOSE INBUILT CONNECTOR(3M),NIBP HOSE INBUILT CONNECTOR(3M),False,ORTHOPAEDIC EQUIPMENT,MEDICAL EQUIPMENTCONSUMABLES AND ACCESSORIES,PIECE,5800,935,init.450c4e77-ac66-5099-83ec-b15bfff3b470,NIBP HOSE INBUILT CONNECTOR(3M),kesses_orthopaedic.csv,5800.00,
NM14TPD159,NM14TPD159,ONE- THIRD TUBULAR PLATE 3.5 WITH COLLAR 5 HOLES LENGTH 64MM ST. STEEL,ONE- THIRD TUBULAR PLATE 3.5 WITH COLLAR 5 HOLES LENGTH 64MM ST. STEEL,False,ORTHOPAEDIC EQUIPMENT,IMPLANTS,PIECE,1270,936,init.cd2f0ff2-6047-5c59-96b5-220398b15f8e,ONE- THIRD TUBULAR PLATE 3.5 WITH COLLAR 5 HOLES LENGTH 64MM ST. STEEL,kesses_orthopaedic.csv,1270.00,
NM14TPD160,NM14TPD160,ONE- THIRD TUBULAR PLATE 3.5 WITH COLLAR 6 HOLES LENGTH 76MM ST. STEEL,ONE- THIRD TUBULAR PLATE 3.5 WITH COLLAR 6 HOLES LENGTH 76MM ST. STEEL,False,ORTHOPAEDIC EQUIPMENT,ORTHOPAEDIC HPT,PIECE,1330,937,init.5f17a122-b639-5b11-a2a8-a099c3cfbf1d,ONE- THIRD TUBULAR PLATE 3.5 WITH COLLAR 6 HOLES LENGTH 76MM ST. STEEL,kesses_orthopaedic.csv,1330.00,
NM14TPD273,NM14TPD273,PEDIATRIC SKIN TRACTION KIT,PEDIATRIC SKIN TRACTION KIT,False,ORTHOPAEDIC EQUIPMENT,ORTHOPAEDIC HPT,KIT,1110,938,init.5945c29e-c50b-5ea0-9c51-6754d1a44a49,PEDIATRIC SKIN TRACTION KIT,kesses_orthopaedic.csv,1110.00,
NM14TPD204,NM14TPD204,PROXIMAL FEMORAL INSTRUMENTS SET,PROXIMAL FEMORAL INSTRUMENTS SET,False,ORTHOPAEDIC EQUIPMENT,ORTHOPAEDIC HPT,SET,220000,939,init.73541c1a-1b9b-5296-9c21-236001d4f954,PROXIMAL FEMORAL INSTRUMENTS SET,kesses_orthopaedic.csv,220000.00,
NM14TPD232,NM14TPD232,PROXIMAL FEMORAL NAILS STAINLESS STEELSIZE10MMX25CM,PROXIMAL FEMORAL NAILS STAINLESS STEELSIZE10MMX25CM,False,ORTHOPAEDIC EQUIPMENT,ORTHOPAEDIC HPT,PIECE,7600,940,init.571fbb58-0b19-52a8-a1c8-0ab38235072b,PROXIMAL FEMORAL NAILS STAINLESS STEELSIZE10MMX25CM,kesses_orthopaedic.csv,7600.00,
NM14TPD233,NM14TPD233,PROXIMALFEMORAL NAILS STAINLESS STEELSIZE11MMX25CM,PROXIMALFEMORAL NAILS STAINLESS STEELSIZE11MMX25CM,False,ORTHOPAEDIC EQUIPMENT,ORTHOPAEDIC HPT,PIECE,7600,941,init.f86a1093-057b-52b4-a27b-db71dfa88cf6,PROXIMALFEMORAL NAILS STAINLESS STEELSIZE11MMX25CM,kesses_orthopaedic.csv,7600.00,
NM14TPD248,NM14TPD248,PROXIMAL LOCKING SCREWS FOR PNF/RECONSTRUCTION NAIL DIAMETR 70+/- 1.4MM STAINLESS STEEL LENGTH 60MM,PROXIMAL LOCKING SCREWS FOR PNF/RECONSTRUCTION NAIL DIAMETR 70+/- 1.4MM STAINLESS STEEL LENGTH 60MM,False,ORTHOPAEDIC EQUIPMENT,ORTHOPAEDIC HPT,PIECE,810,942,init.feeec0ca-8236-54b8-a38c-c17980b99baa,PROXIMAL LOCKING SCREWS FOR PNF/RECONSTRUCTION NAIL DIAMETR 70+/- 1.4MM STAINLESS STEEL LENGTH 60MM,kesses_orthopaedic.csv,810.00,
NM14TPD292,NM14TPD292,PROXIMAL LOCKING SCREWS FOR RECONSTRUCTION NAIL DIAMETER5.9MM STAINLESS STEEL LENGTH 60MM,PROXIMAL LOCKING SCREWS FOR RECONSTRUCTION NAIL DIAMETER5.9MM STAINLESS STEEL LENGTH 60MM,False,ORTHOPAEDIC EQUIPMENT,IMPLANTS,PIECE,1120,943,init.9c40a57d-c5db-50f1-8515-35c3d99c57d5,PROXIMAL LOCKING SCREWS FOR RECONSTRUCTION NAIL DIAMETER5.9MM STAINLESS STEEL LENGTH 60MM,kesses_orthopaedic.csv,1120.00,
NM14TPD316,NM14TPD316,PROXIMAL LOCKING SELF TAPPING CANNULATED SCREWS FOR PFN NAIL DIAMETER6.5MM STAINLESS STEEL 110MM,PROXIMAL LOCKING SELF TAPPING CANNULATED SCREWS FOR PFN NAIL DIAMETER6.5MM STAINLESS STEEL 110MM,False,ORTHOPAEDIC EQUIPMENT,ORTHOPAEDIC HPT,PIECE,2020,944,init.48b4a0b2-5aa4-533c-9a4f-b38d1564fd1c,PROXIMAL LOCKING SELF TAPPING CANNULATED SCREWS FOR PFN NAIL DIAMETER6.5MM STAINLESS STEEL 110MM,kesses_orthopaedic.csv,2020.00,
NM14TPD314,NM14TPD314,PROXIMAL LOCKING SELF TAPPING CANNULATED SCREWS FOR PFN NAIL DIAMETER6.5MM STAINLESS STEEL LENGTH 100MM,PROXIMAL LOCKING SELF TAPPING CANNULATED SCREWS FOR PFN NAIL DIAMETER6.5MM STAINLESS STEEL LENGTH 100MM,False,ORTHOPAEDIC EQUIPMENT,ORTHOPAEDIC HPT,PIECE,1860,945,init.a53e5848-181a-5b7e-9b9a-b271da996c5e,PROXIMAL LOCKING SELF TAPPING CANNULATED SCREWS FOR PFN NAIL DIAMETER6.5MM STAINLESS STEEL LENGTH 100MM,kesses_orthopaedic.csv,1860.00,
NM14TPD315,NM14TPD315,PROXIMAL LOCKING SELF TAPPING CANNULATED SCREWS FOR PFN NAIL DIAMETER6.5MM STAINLESS STEEL LENGTH105MM,PROXIMAL LOCKING SELF TAPPING CANNULATED SCREWS FOR PFN NAIL DIAMETER6.5MM STAINLESS STEEL LENGTH105MM,False,ORTHOPAEDIC EQUIPMENT,ORTHOPAEDIC HPT,PIECE,2020,946,init.e93ab67d-149b-52a8-a9f6-a8ab50b799c9,PROXIMAL LOCKING SELF TAPPING CANNULATED SCREWS FOR PFN NAIL DIAMETER6.5MM STAINLESS STEEL LENGTH105MM,kesses_orthopaedic.csv,2020.00,
NM14TPD317,NM14TPD317,PROXIMAL LOCKING SELF TAPPING CANNULATED SCREWS FOR PFN NAIL DIAMETER6.5MM STAINLESS STEEL LENGTH 115MM,PROXIMAL LOCKING SELF TAPPING CANNULATED SCREWS FOR PFN NAIL DIAMETER6.5MM STAINLESS STEEL LENGTH 115MM,False,ORTHOPAEDIC EQUIPMENT,ORTHOPAEDIC HPT,PIECE,2020,947,init.5c56b228-80d9-5f62-adce-416be294c341,PROXIMAL LOCKING SELF TAPPING CANNULATED SCREWS FOR PFN NAIL DIAMETER6.5MM STAINLESS STEEL LENGTH 115MM,kesses_orthopaedic.csv,2020.00,
NM14TPD306,NM14TPD306,PROXIMAL LOCKING SELF TAPPING CANNULATED SCREWS FOR PFN NAIL DIAMETER6.5MM STAINLESS STEEL LENGTH 60MM,PROXIMAL LOCKING SELF TAPPING CANNULATED SCREWS FOR PFN NAIL DIAMETER6.5MM STAINLESS STEEL LENGTH 60MM,False,ORTHOPAEDIC EQUIPMENT,ORTHOPAEDIC HPT,PIECE,1635,948,init.3da8cc33-af8f-5f09-a7da-86b6d82d1e2a,PROXIMAL LOCKING SELF TAPPING CANNULATED SCREWS FOR PFN NAIL DIAMETER6.5MM STAINLESS STEEL LENGTH 60MM,kesses_orthopaedic.csv,1635.00,
NM14TPD307,NM14TPD307,PROXIMAL LOCKING SELF TAPPING CANNULATED SCREWS FOR PFN NAIL DIAMETER6.5MM STAINLESS STEEL LENGTH 65MM,PROXIMAL LOCKING SELF TAPPING CANNULATED SCREWS FOR PFN NAIL DIAMETER6.5MM STAINLESS STEEL LENGTH 65MM,False,ORTHOPAEDIC EQUIPMENT,IMPLANTS,PIECE,1635,949,init.4203861b-8666-5eb1-9fd7-90cf816c80df,PROXIMAL LOCKING SELF TAPPING CANNULATED SCREWS FOR PFN NAIL DIAMETER6.5MM STAINLESS STEEL LENGTH 65MM,kesses_orthopaedic.csv,1635.00,
NM14TPD308,NM14TPD308,PROXIMAL LOCKING SELF TAPPING CANNULATED SCREWS FOR PFN NAIL DIAMETER6.5MM STAINLESS STEEL LENGTH70MM,PROXIMAL LOCKING SELF TAPPING CANNULATED SCREWS FOR PFN NAIL DIAMETER6.5MM STAINLESS STEEL LENGTH70MM,False,ORTHOPAEDIC EQUIPMENT,ORTHOPAEDIC HPT,PIECE,1635,950,init.688a8026-bc84-5b82-8c0d-0ed14d6ea71a,PROXIMAL LOCKING SELF TAPPING CANNULATED SCREWS FOR PFN NAIL DIAMETER6.5MM STAINLESS STEEL LENGTH70MM,kesses_orthopaedic.csv,1635.00,
NM14TPD309,NM14TPD309,PROXIMAL LOCKING SELF TAPPING CANNULATED SCREWS FOR PFN NAIL DIAMETER6.5MM STAINLESS STEEL LENGTH 75MM,PROXIMAL LOCKING SELF TAPPING CANNULATED SCREWS FOR PFN NAIL DIAMETER6.5MM STAINLESS STEEL LENGTH 75MM,False,ORTHOPAEDIC EQUIPMENT,ORTHOPAEDIC HPT,PIECE,1635,951,init.b7d592e6-3c4c-5e5c-9208-e609a3cdba66,PROXIMAL LOCKING SELF TAPPING CANNULATED SCREWS FOR PFN NAIL DIAMETER6.5MM STAINLESS STEEL LENGTH 75MM,kesses_orthopaedic.csv,1635.00,
NM14TPD310,NM14TPD310,PROXIMAL LOCKING SELF TAPPING CANNULATED SCREWS FOR PFN NAIL DIAMETER6.5MM STAINLESS STEEL LENGTH 80MM,PROXIMAL LOCKING SELF TAPPING CANNULATED SCREWS FOR PFN NAIL DIAMETER6.5MM STAINLESS STEEL LENGTH 80MM,False,ORTHOPAEDIC EQUIPMENT,ORTHOPAEDIC HPT,PIECE,1635,952,init.0b9b61bb-0c44-503b-992c-46432ecd74eb,PROXIMAL LOCKING SELF TAPPING CANNULATED SCREWS FOR PFN NAIL DIAMETER6.5MM STAINLESS STEEL LENGTH 80MM,kesses_orthopaedic.csv,1635.00,
NM14TPD311,NM14TPD311,PROXIMAL LOCKING SELF TAPPING CANNULATED SCREWS FOR PFN NAIL DIAMETER6.5MM STAINLESS STEEL LENGTH 85MM,PROXIMAL LOCKING SELF TAPPING CANNULATED SCREWS FOR PFN NAIL DIAMETER6.5MM STAINLESS STEEL LENGTH 85MM,False,ORTHOPAEDIC EQUIPMENT,ORTHOPAEDIC HPT,PIECE,1860,953,init.38b4f020-c7c2-5a4b-9a72-65c322e0b6cd,PROXIMAL LOCKING SELF TAPPING CANNULATED SCREWS FOR PFN NAIL DIAMETER6.5MM STAINLESS STEEL LENGTH 85MM,kesses_orthopaedic.csv,1860.00,
NM14TPD312,NM14TPD312,PROXIMAL LOCKING SELF TAPPING CANNULATED SCREWS FOR PFN NAIL DIAMETER6.5MM STAINLESS STEEL LENGTH 90MM,PROXIMAL LOCKING SELF TAPPING CANNULATED SCREWS FOR PFN NAIL DIAMETER6.5MM STAINLESS STEEL LENGTH 90MM,False,ORTHOPAEDIC EQUIPMENT,ORTHOPAEDIC HPT,PIECE,1860,954,init.8f0692cf-6ca9-5249-8959-117c4a5b7757,PROXIMAL LOCKING SELF TAPPING CANNULATED SCREWS FOR PFN NAIL DIAMETER6.5MM STAINLESS STEEL LENGTH 90MM,kesses_orthopaedic.csv,1860.00,
NM14TPD313,NM14TPD313,PROXIMAL LOCKING SELF TAPPING CANNULATED SCREWS FOR PFN NAIL DIAMETER6.5MM STAINLESS STEEL LENGTH 95MM,PROXIMAL LOCKING SELF TAPPING CANNULATED SCREWS FOR PFN NAIL DIAMETER6.5MM STAINLESS STEEL LENGTH 95MM,False,ORTHOPAEDIC EQUIPMENT,ORTHOPAEDIC HPT,PIECE,1860,955,init.44152251-fb2e-5e6e-b6aa-56e010d6d1ed,PROXIMAL LOCKING SELF TAPPING CANNULATED SCREWS FOR PFN NAIL DIAMETER6.5MM STAINLESS STEEL LENGTH 95MM,kesses_orthopaedic.csv,1860.00,
NM14TPD203,NM14TPD203,RECONSTRUCTION INSTRUMENT SET,RECONSTRUCTION INSTRUMENT SET,False,ORTHOPAEDIC EQUIPMENT,ORTHOPAEDIC HPT,SET,152635,956,init.0627f3b5-2079-542f-ab17-d7941485d351,RECONSTRUCTION INSTRUMENT SET,kesses_orthopaedic.csv,152635.00,
NM14TPD226,NM14TPD226,RECONSTRUCTION NAILS STAINLESS STEEL SIZE 10MMX36CM,RECONSTRUCTION NAILS STAINLESS STEEL SIZE 10MMX36CM,False,ORTHOPAEDIC EQUIPMENT,ORTHOPAEDIC HPT,PIECE,8815,957,init.f6e7bfa0-9bdf-5ce6-bf89-23a05f84ce41,RECONSTRUCTION NAILS STAINLESS STEEL SIZE 10MMX36CM,kesses_orthopaedic.csv,8815.00,
NM14TPD227,NM14TPD227,RECONSTRUCTION NAILS STAINLESS STEEL SIZE 10MMX38CM,RECONSTRUCTION NAILS STAINLESS STEEL SIZE 10MMX38CM,False,ORTHOPAEDIC EQUIPMENT,ORTHOPAEDIC HPT,PIECE,8815,958,init.b1c5ac42-19bc-5a35-bd0c-0cf8ae7e6b46,RECONSTRUCTION NAILS STAINLESS STEEL SIZE 10MMX38CM,kesses_orthopaedic.csv,8815.00,
NM14TPD228,NM14TPD228,RECONSTRUCTION NAILS STAINLESS STEEL SIZE 10MMX40CM,RECONSTRUCTION NAILS STAINLESS STEEL SIZE 10MMX40CM,False,ORTHOPAEDIC EQUIPMENT,ORTHOPAEDIC HPT,PIECE,8400,959,init.99f2abd8-9954-5c05-a02d-152eedeea466,RECONSTRUCTION NAILS STAINLESS STEEL SIZE 10MMX40CM,kesses_orthopaedic.csv,8400.00,
NM14TPD229,NM14TPD229,RECONSTRUCTION NAILS STAINLESS STEEL SIZE 11MMX36CM,RECONSTRUCTION NAILS STAINLESS STEEL SIZE 11MMX36CM,False,ORTHOPAEDIC EQUIPMENT,IMPLANTS,Each,8815,960,init.8d637d1f-8ce7-59ab-94fb-cba05f98877d,RECONSTRUCTION NAILS STAINLESS STEEL SIZE 11MMX36CM,kesses_orthopaedic.csv,8815.00,
NM14TPD230,NM14TPD230,RECONSTRUCTION NAILS STAINLESS STEEL SIZE 11MMX38CM,RECONSTRUCTION NAILS STAINLESS STEEL SIZE 11MMX38CM,False,ORTHOPAEDIC EQUIPMENT,ORTHOPAEDIC HPT,Each,8815,961,init.4911dff0-807f-5b60-9042-5f88233b00e5,RECONSTRUCTION NAILS STAINLESS STEEL SIZE 11MMX38CM,kesses_orthopaedic.csv,8815.00,
NM14TPD231,NM14TPD231,RECONSTRUCTION NAILS STAINLESS STEEL SIZE 11MMX40CM,RECONSTRUCTION NAILS STAINLESS STEEL SIZE 11MMX40CM,False,ORTHOPAEDIC EQUIPMENT,ORTHOPAEDIC HPT,PIECE,8815,962,init.fd5fe6ad-e578-5e2a-82c8-cf63260c8968,RECONSTRUCTION NAILS STAINLESS STEEL SIZE 11MMX40CM,kesses_orthopaedic.csv,8815.00,
NM14TPD169,NM14TPD169,RECONSTRUCTION PLATE 3.5 STRAIGHT ST. STEEL HOLE 12 LENGTH 142MM,RECONSTRUCTION PLATE 3.5 STRAIGHT ST. STEEL HOLE 12 LENGTH 142MM,False,ORTHOPAEDIC EQUIPMENT,ORTHOPAEDIC HPT,PIECE,3100,963,init.3bdd74e1-7d4b-57c3-b67b-f36b532cab50,RECONSTRUCTION PLATE 3.5 STRAIGHT ST. STEEL HOLE 12 LENGTH 142MM,kesses_orthopaedic.csv,3100.00,
NM14TPD170,NM14TPD170,RECONSTRUCTION PLATE 3.5 STRAIGHT ST. STEEL HOLE 14 LENGTH 166MM,RECONSTRUCTION PLATE 3.5 STRAIGHT ST. STEEL HOLE 14 LENGTH 166MM,False,ORTHOPAEDIC EQUIPMENT,ORTHOPAEDIC HPT,PIECE,3084,964,init.5e6735f5-984d-5f51-90d6-646523531099,RECONSTRUCTION PLATE 3.5 STRAIGHT ST. STEEL HOLE 14 LENGTH 166MM,kesses_orthopaedic.csv,3084.00,
NM14TPD163,NM14TPD163,RECONSTRUCTION PLATES 3.5 STRAIGHT ST. STEEL HOLES 5 LENGTH 58MM,RECONSTRUCTION PLATES 3.5 STRAIGHT ST. STEEL HOLES 5 LENGTH 58MM,False,ORTHOPAEDIC EQUIPMENT,ORTHOPAEDIC HPT,PIECE,2100,965,init.cb0c4ec4-452c-5141-9365-1874be16f79e,RECONSTRUCTION PLATES 3.5 STRAIGHT ST. STEEL HOLES 5 LENGTH 58MM,kesses_orthopaedic.csv,2100.00,
NM14TPD164,NM14TPD164,RECONSTRUCTION PLATES 3.5 STRAIGHT ST. STEEL HOLES 6 LENGTH 70MM,RECONSTRUCTION PLATES 3.5 STRAIGHT ST. STEEL HOLES 6 LENGTH 70MM,False,ORTHOPAEDIC EQUIPMENT,IMPLANTS,PIECE,2100,966,init.f1021739-d85b-56f5-9f39-5d1cf6c35763,RECONSTRUCTION PLATES 3.5 STRAIGHT ST. STEEL HOLES 6 LENGTH 70MM,kesses_orthopaedic.csv,2100.00,
NM14TPD165,NM14TPD165,RECONSTRUCTION PLATES 3.5 STRAIGHT ST. STEEL HOLES 7 LENGTH 82MM,RECONSTRUCTION PLATES 3.5 STRAIGHT ST. STEEL HOLES 7 LENGTH 82MM,False,ORTHOPAEDIC EQUIPMENT,IMPLANTS,PIECE,2550,967,init.426af238-2aff-5d9f-8d42-6f62a8401901,RECONSTRUCTION PLATES 3.5 STRAIGHT ST. STEEL HOLES 7 LENGTH 82MM,kesses_orthopaedic.csv,2550.00,
NM14TPD166,NM14TPD166,RECONSTRUCTION PLATES 3.5 STRAIGHT ST. STEEL HOLES 8 LENGTH 94MM,RECONSTRUCTION PLATES 3.5 STRAIGHT ST. STEEL HOLES 8 LENGTH 94MM,False,ORTHOPAEDIC EQUIPMENT,IMPLANTS,PIECE,2550,968,init.70f20170-4237-5286-ae6f-dfd8303f8dc5,RECONSTRUCTION PLATES 3.5 STRAIGHT ST. STEEL HOLES 8 LENGTH 94MM,kesses_orthopaedic.csv,2550.00,
NM14TPD167,NM14TPD167,RECONSTRUCTION PLATES 3.5 STRAIGHT ST. STEEL HOLES 9 LENGTH 106MM,RECONSTRUCTION PLATES 3.5 STRAIGHT ST. STEEL HOLES 9 LENGTH 106MM,False,ORTHOPAEDIC EQUIPMENT,IMPLANTS,PIECE,3000,969,init.1c96a821-66a0-597c-a06c-d6a194de4fd1,RECONSTRUCTION PLATES 3.5 STRAIGHT ST. STEEL HOLES 9 LENGTH 106MM,kesses_orthopaedic.csv,3000.00,
NM14TPD177,NM14TPD177,RECONSTRUCTIVE PLATES 3.5 CURVED ST. STEEL HOLE 10,RECONSTRUCTIVE PLATES 3.5 CURVED ST. STEEL HOLE 10,False,ORTHOPAEDIC EQUIPMENT,ORTHOPAEDIC HPT,PIECE,3170,970,init.459f9aad-ac7e-55fb-ac85-c4f8a1694594,RECONSTRUCTIVE PLATES 3.5 CURVED ST. STEEL HOLE 10,kesses_orthopaedic.csv,3170.00,
NM14TPD179,NM14TPD179,RECONSTRUCTIVE PLATES 3.5 CURVED ST. STEEL HOLE 11,RECONSTRUCTIVE PLATES 3.5 CURVED ST. STEEL HOLE 11,False,ORTHOPAEDIC EQUIPMENT,IMPLANTS,PIECE,3259,971,init.671cefb5-4636-53a3-ac8e-04207cd783eb,RECONSTRUCTIVE PLATES 3.5 CURVED ST. STEEL HOLE 11,kesses_orthopaedic.csv,3259.00,
NM14TPD178,NM14TPD178,RECONSTRUCTIVE PLATES 3.5 CURVED ST. STEEL HOLE 12,RECONSTRUCTIVE PLATES 3.5 CURVED ST. STEEL HOLE 12,False,ORTHOPAEDIC EQUIPMENT,ORTHOPAEDIC HPT,PIECE,3250,972,init.f3c6aeb0-9941-5013-beb2-02bbb60be965,RECONSTRUCTIVE PLATES 3.5 CURVED ST. STEEL HOLE 12,kesses_orthopaedic.csv,3250.00,
NM14TPD180,NM14TPD180,RECONSTRUCTIVE PLATES 3.5 CURVED ST. STEEL HOLE 13,RECONSTRUCTIVE PLATES 3.5 CURVED ST. STEEL HOLE 13,False,ORTHOPAEDIC EQUIPMENT,IMPLANTS,PIECE,3570,973,init.9caf3ab7-063c-52db-9b54-0a66ca14291e,RECONSTRUCTIVE PLATES 3.5 CURVED ST. STEEL HOLE 13,kesses_orthopaedic.csv,3570.00,
NM14TPD181,NM14TPD181,RECONSTRUCTIVE PLATES 3.5 CURVED ST. STEEL HOLE 14,RECONSTRUCTIVE PLATES 3.5 CURVED ST. STEEL HOLE 14,False,ORTHOPAEDIC EQUIPMENT,ORTHOPAEDIC HPT,Each,3570,974,init.2336e7d8-fa6d-573b-9011-151e016d5518,RECONSTRUCTIVE PLATES 3.5 CURVED ST. STEEL HOLE 14,kesses_orthopaedic.csv,3570.00,
NM14TPD171,NM14TPD171,RECONSTRUCTIVE PLATES 3.5 CURVED ST. STEEL HOLE 4,RECONSTRUCTIVE PLATES 3.5 CURVED ST. STEEL HOLE 4,False,ORTHOPAEDIC EQUIPMENT,ORTHOPAEDIC HPT,PIECE,2350,975,init.00fcdf18-1e80-5816-8df0-820e44c3f1fc,RECONSTRUCTIVE PLATES 3.5 CURVED ST. STEEL HOLE 4,kesses_orthopaedic.csv,2350.00,
NM14TPD172,NM14TPD172,RECONSTRUCTIVE PLATES 3.5 CURVED ST. STEEL HOLE 5,RECONSTRUCTIVE PLATES 3.5 CURVED ST. STEEL HOLE 5,False,ORTHOPAEDIC EQUIPMENT,ORTHOPAEDIC HPT,PIECE,2350,976,init.18718980-a4a1-5edf-991c-c1492d4a2bcc,RECONSTRUCTIVE PLATES 3.5 CURVED ST. STEEL HOLE 5,kesses_orthopaedic.csv,2350.00,
NM14TPD173,NM14TPD173,RECONSTRUCTIVE PLATES 3.5 CURVED ST. STEEL HOLE 6,RECONSTRUCTIVE PLATES 3.5 CURVED ST. STEEL HOLE 6,False,ORTHOPAEDIC EQUIPMENT,ORTHOPAEDIC HPT,PIECE,2350,977,init.418ce801-40da-5983-a8d2-8c5f542e2857,RECONSTRUCTIVE PLATES 3.5 CURVED ST. STEEL HOLE 6,kesses_orthopaedic.csv,2350.00,
NM14TPD174,NM14TPD174,RECONSTRUCTIVE PLATES 3.5 CURVED ST. STEEL HOLE 7,RECONSTRUCTIVE PLATES 3.5 CURVED ST. STEEL HOLE 7,False,ORTHOPAEDIC EQUIPMENT,ORTHOPAEDIC HPT,Each,2800,978,init.2a4b2519-f496-5299-b004-fd4a3e8d0a2d,RECONSTRUCTIVE PLATES 3.5 CURVED ST. STEEL HOLE 7,kesses_orthopaedic.csv,2800.00,
NM14TPD175,NM14TPD175,RECONSTRUCTIVE PLATES 3.5 CURVED ST. STEEL HOLE 8,RECONSTRUCTIVE PLATES 3.5 CURVED ST. STEEL HOLE 8,False,ORTHOPAEDIC EQUIPMENT,IMPLANTS,Each,2800,979,init.bcdbd9de-9672-5d07-a72d-5bcac659507c,RECONSTRUCTIVE PLATES 3.5 CURVED ST. STEEL HOLE 8,kesses_orthopaedic.csv,2800.00,
NM14TPD176,NM14TPD176,RECONSTRUCTIVE PLATES 3.5 CURVED ST. STEEL HOLE 9,RECONSTRUCTIVE PLATES 3.5 CURVED ST. STEEL HOLE 9,False,ORTHOPAEDIC EQUIPMENT,ORTHOPAEDIC HPT,PIECE,3375,980,init.cb8da5c8-b76b-5f72-9910-3f8fd14776f4,RECONSTRUCTIVE PLATES 3.5 CURVED ST. STEEL HOLE 9,kesses_orthopaedic.csv,3375.00,
NM14TPD260,NM14TPD260,SCHANZ SCREW DIA 2.0 MM LENGTH 100MM,SCHANZ SCREW DIA 2.0 MM LENGTH 100MM,False,ORTHOPAEDIC EQUIPMENT,ORTHOPAEDIC HPT,PIECE,400,981,init.616cf79d-8354-5f04-aa3b-e044c1330afc,SCHANZ SCREW DIA 2.0 MM LENGTH 100MM,kesses_orthopaedic.csv,400.00,
NM14TPD261,NM14TPD261,SCHANZ SCREW DIA 2.5  MM LENGTH 127MM,SCHANZ SCREW DIA 2.5 MM LENGTH 127MM,True,ORTHOPAEDIC EQUIPMENT,ORTHOPAEDIC HPT,PIECE,400,982,init.da6a5777-9657-5fb0-b167-985772ab4127,SCHANZ SCREW DIA 2.5 MM LENGTH 127MM,kesses_orthopaedic.csv,400.00,
NM14TPD262,NM14TPD262,SCHANZ SCREW DIA 3.0 MM LENGTH 150MM,SCHANZ SCREW DIA 3.0 MM LENGTH 150MM,False,ORTHOPAEDIC EQUIPMENT,ORTHOPAEDIC HPT,PIECE,420,983,init.6fd5a9a4-a87d-5ea3-9c3c-8de6fe963aca,SCHANZ SCREW DIA 3.0 MM LENGTH 150MM,kesses_orthopaedic.csv,420.00,
NM14TPD263,NM14TPD263,SCHANZ SCREW DIA 3.5 MM LENGTH 177MM,SCHANZ SCREW DIA 3.5 MM LENGTH 177MM,False,ORTHOPAEDIC EQUIPMENT,ORTHOPAEDIC HPT,PIECE,470,984,init.37386c49-d7fe-5ee1-b3e5-6f737ea09aff,SCHANZ SCREW DIA 3.5 MM LENGTH 177MM,kesses_orthopaedic.csv,470.00,
NM14TPD264,NM14TPD264,SCHANZ SCREW DIA 4.5 MM LENGTH 200MM,SCHANZ SCREW DIA 4.5 MM LENGTH 200MM,False,ORTHOPAEDIC EQUIPMENT,ORTHOPAEDIC HPT,PIECE,500,985,init.9f8e7535-025a-51ac-a63e-314b6f643c3c,SCHANZ SCREW DIA 4.5 MM LENGTH 200MM,kesses_orthopaedic.csv,500.00,
NM14TPD265,NM14TPD265,SCHANZ SCREW DIA 5.0MM LENGTH 200MM,SCHANZ SCREW DIA 5.0MM LENGTH 200MM,False,ORTHOPAEDIC EQUIPMENT,ORTHOPAEDIC HPT,PIECE,550,986,init.ae939d64-8e84-510c-ba8d-fd4af7a67f97,SCHANZ SCREW DIA 5.0MM LENGTH 200MM,kesses_orthopaedic.csv,550.00,
NM14TPD274,NM14TPD274,SKELETAL TRACTION KIT,SKELETAL TRACTION KIT,False,ORTHOPAEDIC EQUIPMENT,ORTHOPAEDIC HPT,KIT,4235,987,init.de99d5ab-1154-5b92-bddb-c1e4b156b2fd,SKELETAL TRACTION KIT,kesses_orthopaedic.csv,4235.00,
NM14TPD275,NM14TPD275,SKULL TRACTION KIT,SKULL TRACTION KIT,False,ORTHOPAEDIC EQUIPMENT,ORTHOPAEDIC HPT,KIT,5480,988,init.276e87be-00e7-590e-aec6-1584e33d13b0,SKULL TRACTION KIT,kesses_orthopaedic.csv,5480.00,
NM16PHY008,NM16PHY008,STANDARD RIGID ADJUSTABLE CERVICAL COLLARS,STANDARD RIGID ADJUSTABLE CERVICAL COLLARS,False,ORTHOPAEDIC EQUIPMENT,REHABILITATIVE CARE CONSUMABLES,PIECE,300,989,init.76af1bb5-8052-512f-8efd-1dcdc0361e67,STANDARD RIGID ADJUSTABLE CERVICAL COLLARS,kesses_orthopaedic.csv,300.00,
NM14TPD088,NM14TPD088,T- BUTTRESS PLATE 4.5 10 HOLES ST. STEEL RIGHT,T- BUTTRESS PLATE 4.5 10 HOLES ST. STEEL RIGHT,False,ORTHOPAEDIC EQUIPMENT,ORTHOPAEDIC HPT,PIECE,3115,990,init.798419de-c8c4-584a-b504-ec6affe3a18b,T- BUTTRESS PLATE 4.5 10 HOLES ST. STEEL RIGHT,kesses_orthopaedic.csv,3115.00,
NM14TPD081,NM14TPD081,T- BUTTRESS PLATE 4.5 4 HOLES LENGTH 81MM ST. STEEL L EFT,T- BUTTRESS PLATE 4.5 4 HOLES LENGTH 81MM ST. STEEL L EFT,False,ORTHOPAEDIC EQUIPMENT,ORTHOPAEDIC HPT,PIECE,2550,991,init.344ac64f-4144-5280-8b29-54b2f27f3e38,T- BUTTRESS PLATE 4.5 4 HOLES LENGTH 81MM ST. STEEL L EFT,kesses_orthopaedic.csv,2550.00,
NM14TPD085,NM14TPD085,T- BUTTRESS PLATE 4.5 4 HOLES LENGTH 81MM ST. STEEL RIGHT,T- BUTTRESS PLATE 4.5 4 HOLES LENGTH 81MM ST. STEEL RIGHT,False,ORTHOPAEDIC EQUIPMENT,ORTHOPAEDIC HPT,PIECE,2550,992,init.794f293e-de0b-5836-b89a-37739d468e93,T- BUTTRESS PLATE 4.5 4 HOLES LENGTH 81MM ST. STEEL RIGHT,kesses_orthopaedic.csv,2550.00,
NM14TPD082,NM14TPD082,T- BUTTRESS PLATE 4.5 6 HOLES  ST. STEEL LEFT,T- BUTTRESS PLATE 4.5 6 HOLES ST. STEEL LEFT,True,ORTHOPAEDIC EQUIPMENT,ORTHOPAEDIC HPT,PIECE,2550,993,init.e3b96fd6-2508-5c1c-8ae8-4dc5cd24bd23,T- BUTTRESS PLATE 4.5 6 HOLES ST. STEEL LEFT,kesses_orthopaedic.csv,2550.00,
NM14TPD086,NM14TPD086,T- BUTTRESS PLATE 4.5 6 HOLES  ST. STEEL RIGHT,T- BUTTRESS PLATE 4.5 6 HOLES ST. STEEL RIGHT,True,ORTHOPAEDIC EQUIPMENT,ORTHOPAEDIC HPT,PIECE,2550,994,init.93499604-5ef0-51bc-8012-94834ad77824,T- BUTTRESS PLATE 4.5 6 HOLES ST. STEEL RIGHT,kesses_orthopaedic.csv,2550.00,
NM14TPD087,NM14TPD087,T- BUTTRESS PLATE 4.5 8 HOLES ST. STEEL RIGHT,T- BUTTRESS PLATE 4.5 8 HOLES ST. STEEL RIGHT,False,ORTHOPAEDIC EQUIPMENT,ORTHOPAEDIC HPT,PIECE,2925,995,init.0e11bbf3-8aa9-5340-90fa-72951105ac9e,T- BUTTRESS PLATE 4.5 8 HOLES ST. STEEL RIGHT,kesses_orthopaedic.csv,2925.00,
NM14TPD155,NM14TPD155,T-PLATE 3.5 RIGHT ANGLED 3/3 HOLES LENGTH 50MMST. STEEL,T-PLATE 3.5 RIGHT ANGLED 3/3 HOLES LENGTH 50MMST. STEEL,False,ORTHOPAEDIC EQUIPMENT,IMPLANTS,PIECE,1370,996,init.091ad80c-cfa8-5b63-bf5a-76ca895c3ad4,T-PLATE 3.5 RIGHT ANGLED 3/3 HOLES LENGTH 50MMST. STEEL,kesses_orthopaedic.csv,1370.00,
NM14TPD156,NM14TPD156,T-PLATE 3.5 RIGHT ANGLED 4/4 HOLES LENGTH 56MMST. STEEL,T-PLATE 3.5 RIGHT ANGLED 4/4 HOLES LENGTH 56MMST. STEEL,False,ORTHOPAEDIC EQUIPMENT,IMPLANTS,PIECE,1745,997,init.45420f6d-acb5-59ca-aaf4-3e2380754c62,T-PLATE 3.5 RIGHT ANGLED 4/4 HOLES LENGTH 56MMST. STEEL,kesses_orthopaedic.csv,1745.00,
NM14TPD158,NM14TPD158,T-PLATE 3.5 RIGHT ANGLED5/3 HOLES LENGTH 74MMST. STEEL,T-PLATE 3.5 RIGHT ANGLED5/3 HOLES LENGTH 74MMST. STEEL,False,ORTHOPAEDIC EQUIPMENT,IMPLANTS,PIECE,1380,998,init.af03884d-4511-5e33-89aa-ccae23fba481,T-PLATE 3.5 RIGHT ANGLED5/3 HOLES LENGTH 74MMST. STEEL,kesses_orthopaedic.csv,1380.00,
NM14TPD078,NM14TPD078,T- PLATE 4.5 10 HOLES  ST. STEEL,T- PLATE 4.5 10 HOLES ST. STEEL,True,ORTHOPAEDIC EQUIPMENT,IMPLANTS,PIECE,2836,999,init.1100abea-f000-57b0-97db-940d97e66d8a,T- PLATE 4.5 10 HOLES ST. STEEL,kesses_orthopaedic.csv,2836.00,
NM14TPD080,NM14TPD080,T- PLATE 4.5 12 HOLES  ST. STEEL,T- PLATE 4.5 12 HOLES ST. STEEL,True,ORTHOPAEDIC EQUIPMENT,ORTHOPAEDIC HPT,PIECE,2950,1000,init.4a0007ff-8def-58d7-84e9-5c0e9bbaf129,T- PLATE 4.5 12 HOLES ST. STEEL,kesses_orthopaedic.csv,2950.00,
NM14TPD076,NM14TPD076,T- PLATE 4.5 4 HOLES LENGTH 84MM ST. STEEL,T- PLATE 4.5 4 HOLES LENGTH 84MM ST. STEEL,False,ORTHOPAEDIC EQUIPMENT,ORTHOPAEDIC HPT,PIECE,2150,1001,init.f4b1e175-895b-5bed-93cb-2f8845c3dff1,T- PLATE 4.5 4 HOLES LENGTH 84MM ST. STEEL,kesses_orthopaedic.csv,2150.00,
NM14TPD077,NM14TPD077,T- PLATE 4.5 6 HOLES LENGTH 116MM ST. STEEL,T- PLATE 4.5 6 HOLES LENGTH 116MM ST. STEEL,False,ORTHOPAEDIC EQUIPMENT,ORTHOPAEDIC HPT,PIECE,2150,1002,init.08c899cf-326f-55ac-a462-8a026c1dd537,T- PLATE 4.5 6 HOLES LENGTH 116MM ST. STEEL,kesses_orthopaedic.csv,2150.00,
NM14TPD079,NM14TPD079,T- PLATE 4.5 8 HOLES LENGTH 148MM ST. STEEL,T- PLATE 4.5 8 HOLES LENGTH 148MM ST. STEEL,False,ORTHOPAEDIC EQUIPMENT,ORTHOPAEDIC HPT,PIECE,2329,1003,init.e6c6e088-bb10-566f-ac25-ea4c69e68323,T- PLATE 4.5 8 HOLES LENGTH 148MM ST. STEEL,kesses_orthopaedic.csv,2329.00,
NM14TPD269,NM14TPD269,TUBE TO TUBE CONNECTORS,TUBE TO TUBE CONNECTORS,False,ORTHOPAEDIC EQUIPMENT,ORTHOPAEDIC HPT,PIECE,2450,1004,init.f7941407-b123-5bfa-89a2-ec0b80e5d353,TUBE TO TUBE CONNECTORS,kesses_orthopaedic.csv,2450.00,
NM14TPD268,NM14TPD268,TUBULAR RODS,TUBULAR RODS,False,ORTHOPAEDIC EQUIPMENT,ORTHOPAEDIC HPT,Each,475,1005,init.36ed0d10-2261-5656-9930-f1474a5d89b0,TUBULAR RODS,kesses_orthopaedic.csv,475.00,
NM14TPD277,NM14TPD277,VACUUM DRAINS G10,VACUUM DRAINS G10,False,ORTHOPAEDIC EQUIPMENT,ORTHOPAEDIC HPT,PIECE,1050,1006,init.7739ee2b-09a5-5882-9003-31c323955fa8,VACUUM DRAINS G10,kesses_orthopaedic.csv,1050.00,
NM14TPD278,NM14TPD278,VACUUM DRAINS G14,VACUUM DRAINS G14,False,ORTHOPAEDIC EQUIPMENT,ORTHOPAEDIC HPT,PIECE,1120,1007,init.899bc303-e95a-5896-972c-a50a6ea10fd6,VACUUM DRAINS G14,kesses_orthopaedic.csv,1120.00,
NM14TPD279,NM14TPD279,VACUUM DRAINS G16,VACUUM DRAINS G16,False,ORTHOPAEDIC EQUIPMENT,ORTHOPAEDIC HPT,PIECE,1120,1008,init.f024dd83-0eea-55c9-8ee8-c8ebdc5ac50f,VACUUM DRAINS G16,kesses_orthopaedic.csv,1120.00,
NM14TPD063,NM14TPD063,WASHER13/6.7 MM DIA FOR LARGE CANCELLOUS BONE SCREWS ST. SCREWS,WASHER13/6.7 MM DIA FOR LARGE CANCELLOUS BONE SCREWS ST. SCREWS,False,ORTHOPAEDIC EQUIPMENT,IMPLANTS,PIECE,137,1009,init.dc3d5a5a-71de-5e50-b752-db4f34f36d7a,WASHER13/6.7 MM DIA FOR LARGE CANCELLOUS BONE SCREWS ST. SCREWS,kesses_orthopaedic.csv,137.00,
NM14TPD137,NM14TPD137,WASHER 7.0/4.7MM DIA FOR SMALL SCREWS ST. STEEL.,WASHER 7.0/4.7MM DIA FOR SMALL SCREWS ST. STEEL.,False,ORTHOPAEDIC EQUIPMENT,IMPLANTS,PIECE,181,1010,init.fe42effa-5417-51c7-87c8-08587fb7ec44,WASHER 7.0/4.7MM DIA FOR SMALL SCREWS ST. STEEL.,kesses_orthopaedic.csv,181.00,
